,Ocupacion_Porcentaje,PickUp_Rate,Precio_Competencia_Euro,Mes,Dia_Semana,Precio_Optimo_ADR
2022-01-01,67.26189375777928,9.562771036661058,118.61276040134949,1,5,113.00654666526384
2022-01-02,80.6529948934273,8.560131749408182,105.1017572027911,1,6,119.75323583253072
2022-01-03,66.29106955381644,10.696566751906344,106.35719304662304,1,0,115.76210811534261
2022-01-04,48.83379941592862,6.6901430937798265,106.37787721603914,1,1,85.3416778478084
2022-01-05,45.71865039285451,6.538944246959293,103.1235750106348,1,2,88.41421269241022
2022-01-06,48.25844097094923,7.387932810930716,104.97930254699779,1,3,92.13806847315534
2022-01-07,50.34226042273713,7.477992149415009,118.56985379142546,1,4,100.98142280267398
2022-01-08,70.3796247001679,9.054187725423091,104.56015171455532,1,5,113.36248221027753
2022-01-09,68.76785022364501,9.132669323153404,89.89068693551974,1,6,97.85910148760149
2022-01-10,55.064800185496885,6.769662838093632,107.65185725836946,1,0,96.24586781378873
2022-01-11,53.798923595402655,7.338142461555766,101.3866136413654,1,1,104.4656302940914
2022-01-12,40.17357490409513,6.010692046953318,98.44324883745804,1,2,79.43392189971951
2022-01-13,38.75392069373878,5.858372182358999,112.84183392823988,1,3,80.12208363433426
2022-01-14,47.22933485175071,7.366213665302077,109.25799021979623,1,4,97.65034651123722
2022-01-15,61.97180804850507,8.091438836054689,116.36183447002044,1,5,103.92237290430799
2022-01-16,70.62654811534226,8.943174177531144,104.71716538712852,1,6,110.77428196316104
2022-01-17,57.771611219852545,7.95875378501938,112.49168246950501,1,0,94.4210078655088
2022-01-18,53.83214816241855,6.602089701403557,103.88451438667792,1,1,94.91537983122242
2022-01-19,38.990962399278004,5.186160738396829,97.23651536936522,1,2,79.77110156520422
2022-01-20,43.70531479768512,5.900776580976332,94.94566343334682,1,3,82.61294174594074
2022-01-21,53.73389594332397,8.14363747093132,108.84624026778535,1,4,96.17456897467288
2022-01-22,60.66726721193947,6.437797295026538,103.007335196085,1,5,89.2912698830755
2022-01-23,71.01028270408978,9.844848107351819,113.52510782559393,1,6,123.12357715069976
2022-01-24,64.26935152071358,8.190781906220435,117.543474022856,1,0,103.73568668742584
2022-01-25,46.1530303652996,7.44855544510979,101.08999555727536,1,1,83.68866285200703
2022-01-26,33.23861799541956,3.8755850108524146,99.20633968375267,1,2,76.83327153754563
2022-01-27,47.70155031013319,6.136025296925932,109.64564646924507,1,3,84.69386207460632
2022-01-28,66.80316878010792,8.71996670362224,105.73858639832791,1,4,113.29411351112431
2022-01-29,59.11744084627196,6.8137753918235955,112.01457784129036,1,5,97.56410062409951
2022-01-30,68.54419353902242,10.193087819953101,103.79226013028912,1,6,112.35990125400471
2022-01-31,62.45988977271591,8.476962790738288,113.98140530586102,1,0,104.97833052596562
2022-02-01,52.10302442862685,8.363787607285843,112.54935490546647,2,1,94.19611047036825
2022-02-02,36.02250083349186,5.440804680255635,112.98278238238701,2,2,82.63660864750905
2022-02-03,43.78127440373247,6.286141312186185,114.08435262730312,2,3,91.92876213639504
2022-02-04,57.77679240507705,8.180406373167258,107.27444641057855,2,4,102.44782293068498
2022-02-05,71.53877909240148,8.55728976553274,110.77081777390273,2,5,128.0468041502573
2022-02-06,76.79141572112621,11.06528851343175,127.56468778270829,2,6,128.70824033055493
2022-02-07,57.99916720765097,7.625883650049405,124.46971723246972,2,0,107.37877250917106
2022-02-08,44.20698379879799,7.645472914345752,118.79940075466791,2,1,95.87102023610434
2022-02-09,36.085290951176745,7.117459104127047,115.02359817166905,2,2,81.28280888472811
2022-02-10,41.2799440912335,7.086140779383759,120.8985354615635,2,3,96.2918098984999
2022-02-11,53.67793860206536,8.160548764957653,122.14219552271035,2,4,101.77047308351932
2022-02-12,62.22384447960489,8.538500119917963,115.84225607417001,2,5,111.74230417602774
2022-02-13,75.84412073780351,9.971970278525857,125.59097478234368,2,6,122.80565565328122
2022-02-14,53.97963856856376,6.609262000730919,111.81040758682737,2,0,98.57095486856898
2022-02-15,39.542882624458606,5.197450050736494,121.52229493613251,2,1,90.14628870671174
2022-02-16,38.79232012954791,6.493571754500029,117.12461585214133,2,2,79.51387058956965
2022-02-17,43.76703944331061,5.420218454017638,117.32706124631956,2,3,82.73377571026677
2022-02-18,56.73072675176389,8.658131249035291,123.95496727319644,2,4,102.67586200096366
2022-02-19,62.036188385737105,7.476300185208865,111.20823200073129,2,5,104.16490925180699
2022-02-20,62.52630517149072,6.9997947638711455,117.69456514536849,2,6,108.96373955836584
2022-02-21,63.06939987539011,10.007921208704575,119.24226984946571,2,0,110.70699086341918
2022-02-22,42.07749813765523,5.0969405222999535,113.97371827742651,2,1,92.19725177301511
2022-02-23,41.17960381405351,7.043479395388222,118.24077898815851,2,2,84.54651953371533
2022-02-24,45.54515423164326,5.6365124626137355,118.93621388765374,2,3,96.91619211070106
2022-02-25,51.4630442686003,7.34126511669286,117.26868150000224,2,4,91.81417354254484
2022-02-26,69.19652490233814,8.95320891357822,115.99191598400986,2,5,109.44545926938949
2022-02-27,70.31365093131544,10.036479964012422,119.56040814555126,2,6,110.62191249363131
2022-02-28,60.14532193810514,8.401232538832007,112.60545894949297,2,0,109.33559347387843
2022-03-01,52.595043052015086,5.817131990759921,107.17574031625455,3,1,99.17172167398172
2022-03-02,40.511901868086355,5.231800758383525,122.14844810752629,3,2,83.78231480446607
2022-03-03,47.18527227974215,6.839655610461274,111.18716757534405,3,3,88.34911672284045
2022-03-04,55.50675858584059,7.863978536283133,117.89034395062453,3,4,100.34405783933195
2022-03-05,69.96412716750474,10.321529998213357,121.51212642096543,3,5,126.64379158003351
2022-03-06,67.9414239060343,8.19680132867003,116.96719676539738,3,6,108.14988491434829
2022-03-07,57.48225488472119,7.541657734672114,119.65498151116009,3,0,106.5286082810198
2022-03-08,55.565266133421794,8.330485555070945,120.415021209702,3,1,102.97194778399732
2022-03-09,34.15990038809851,5.1684419235567445,126.5112542290733,3,2,86.06995507262212
2022-03-10,37.98455682845492,6.608870489667977,109.32570808167434,3,3,90.28897240569546
2022-03-11,56.909577243948895,8.506012066309882,118.0652773207803,3,4,109.51429460998672
2022-03-12,67.94078318651397,9.542711928792764,115.04427362341552,3,5,113.0093114446308
2022-03-13,67.00097459754025,8.806902616601247,124.09666674207261,3,6,117.8317138498976
2022-03-14,58.24085994536104,8.329604817350358,116.42154147434253,3,0,104.61444171619505
2022-03-15,40.7151704666787,5.543432757907778,114.82806101917214,3,1,81.48599814032606
2022-03-16,40.38228687086735,6.180174927184012,116.82632476431138,3,2,90.32656288576992
2022-03-17,44.022976638177695,7.147312418124999,124.47159091045073,3,3,98.64965755994102
2022-03-18,54.1126378461478,8.775121431278833,123.62350919526607,3,4,100.65540259811787
2022-03-19,69.44195781625979,8.184548697706264,127.08573606260694,3,5,120.25136930166445
2022-03-20,66.3011678099969,8.618986509036615,123.83118412705859,3,6,116.0883251515539
2022-03-21,59.76238767747238,8.795284814287431,115.70733719181364,3,0,113.87523823040067
2022-03-22,50.48476742281781,8.175608976543842,113.65000388919248,3,1,94.10169505470814
2022-03-23,40.17591558598592,5.310644516733717,120.25579360300611,3,2,84.80575720572843
2022-03-24,40.73713993085402,5.256360966831168,124.94157017360442,3,3,90.34824160245246
2022-03-25,54.82109372309795,7.964760695647325,120.67707822634085,3,4,105.77862422034717
2022-03-26,65.93462605021996,9.23993569252872,120.5844170149588,3,5,115.78338988087884
2022-03-27,69.88594617526775,7.536059298271892,121.04627383469077,3,6,107.4074756417988
2022-03-28,60.39070717787094,8.725938193953686,118.67569669338569,3,0,108.91340580464924
2022-03-29,45.46177778109306,5.964765051492504,123.44683434534097,3,1,98.86203096104069
2022-03-30,36.40456765297842,5.224291958705768,115.38677001242739,3,2,83.9136045907349
2022-03-31,42.905100721532186,7.129562395370811,116.1713590062648,3,3,92.2002501362961
2022-04-01,57.60114788162217,6.856502449509866,124.88416462132886,4,4,108.6117436789531
2022-04-02,72.52316731873933,7.983144837445683,112.92561420730507,4,5,118.12757605861661
2022-04-03,76.1553320021505,10.572798673804904,119.47093470544556,4,6,126.03732215943911
2022-04-04,67.14512326816086,8.608463966851733,120.27800547414057,4,0,120.58410796489103
2022-04-05,53.93705650391902,7.411106551949576,111.43663889603975,4,1,98.94266667110655
2022-04-06,37.348613490716076,6.236954842720503,110.93575489427877,4,2,91.82820756657418
2022-04-07,43.059285762851594,5.4431515704132,114.12282895276356,4,3,88.963741997338
2022-04-08,60.529352788384905,8.891146345297498,112.99125157434926,4,4,109.7732671223383
2022-04-09,67.6736028587579,9.258148158384394,124.87072943188244,4,5,117.71421175795142
2022-04-10,73.31961429085182,9.685702381947277,101.44871973551619,4,6,119.36983426415439
2022-04-11,60.72185336515545,7.928438964292833,111.05523429566588,4,0,100.59225326224463
2022-04-12,51.633145932813115,6.779805609240251,111.84972221883157,4,1,92.75635885737654
2022-04-13,34.95359454352612,5.540754771902665,112.27419034579992,4,2,81.1394680122461
2022-04-14,50.45054688868781,6.045038242461475,113.17585383511124,4,3,95.18762964318134
2022-04-15,50.31054737378362,6.16061306710332,119.86229603750424,4,4,105.57916230744456
2022-04-16,64.26216199355243,7.784985155584211,121.00121399904535,4,5,110.28708852211936
2022-04-17,69.7974908889009,8.316846092264479,105.79723025208031,4,6,111.08273627387273
2022-04-18,56.77430191362827,7.198161523748445,117.37723724304617,4,0,101.28915133234207
2022-04-19,48.1848056521917,7.008543057957706,116.1166379470251,4,1,94.54692421245548
2022-04-20,42.6958902472703,6.22576168064825,111.37329466717708,4,2,83.39275364446414
2022-04-21,49.335822507297586,7.338656547127796,122.79130996759041,4,3,95.5825637205188
2022-04-22,44.34720933121183,7.227467167082967,115.0995897484845,4,4,86.96005128999705
2022-04-23,77.60600018122565,9.636086173437821,121.85389148400708,4,5,130.26745889093678
2022-04-24,64.36476793414693,8.579956791237226,114.95122770559412,4,6,107.91968964425838
2022-04-25,55.097646208479205,7.6834848609721735,112.04126034788365,4,0,103.03102263986747
2022-04-26,48.11787295766527,6.266639867439329,116.62201677803789,4,1,98.63778634890251
2022-04-27,43.943359257486904,7.715254894753649,122.81640186567313,4,2,93.99423710835197
2022-04-28,38.80722969998556,5.882798710543816,112.54098708663102,4,3,85.9081739646741
2022-04-29,55.42013846365224,5.856993201296859,108.19808713594323,4,4,100.8514785092734
2022-04-30,65.16041499967726,8.862143340708656,109.93448704631192,4,5,110.24660115839804
2022-05-01,76.53120627794989,7.688255492534134,118.07274397315533,5,6,121.83477561470613
2022-05-02,54.084175975251114,7.666540839446366,105.48879866056768,5,0,103.49532597263521
2022-05-03,48.41879446714165,7.613127283184312,106.4366622603204,5,1,90.3023593899039
2022-05-04,28.367079582754073,3.021291605725761,100.55917814225832,5,2,66.69457391253235
2022-05-05,49.04113642412822,7.492097311223658,100.75392855948047,5,3,84.4022105485935
2022-05-06,58.61263325443736,8.458704249040931,114.67701576975271,5,4,104.94373369626226
2022-05-07,71.12223824504382,10.059958799976634,121.251626566523,5,5,119.51694888484856
2022-05-08,65.78245116251148,9.081879673848277,100.88775632251632,5,6,104.11798877038675
2022-05-09,57.9491524623205,8.639620514705683,108.25916189159234,5,0,96.15459319733833
2022-05-10,47.71076102288333,7.161350446567847,98.91573723602492,5,1,87.34785969198057
2022-05-11,39.61796164896059,5.325067107398263,101.84491053971271,5,2,88.27059770932803
2022-05-12,36.5093790961718,4.778594833463629,109.42461970399103,5,3,79.41640015417221
2022-05-13,56.01441244276667,7.7099562908507675,102.3239752972817,5,4,92.52098910229118
2022-05-14,75.03818185285547,10.039635056191306,104.4841622920867,5,5,107.47781881476361
2022-05-15,66.45100045533727,7.963871368310412,112.69068246991286,5,6,109.34411161169906
2022-05-16,55.87510618003359,7.060071795542947,104.47040601033518,5,0,98.00339800047335
2022-05-17,59.93413218351317,8.381567351583445,101.97656582753685,5,1,95.64281052635707
2022-05-18,39.9902654661719,6.650927000526904,112.73432495122994,5,2,85.47507125570574
2022-05-19,38.94114240619376,5.6242569598471235,107.58601682771975,5,3,87.83572696060966
2022-05-20,50.095660969358484,7.852006814566456,103.11421092435533,5,4,90.04718676890103
2022-05-21,72.05956430764611,10.279959935953503,101.08814117885089,5,5,106.56058013082666
2022-05-22,73.81323789040577,9.801792779375003,103.5202394176126,5,6,116.18989036566857
2022-05-23,61.46223118179338,8.57368381057424,90.90627249087439,5,0,95.47359620287085
2022-05-24,45.39035788921356,7.06680957123453,104.37122749234504,5,1,93.3113158971527
2022-05-25,38.63149699315144,5.470487484987881,98.38037280154798,5,2,81.16104426866332
2022-05-26,36.165659326458034,5.694934412902198,103.04814904243237,5,3,84.72765745991373
2022-05-27,54.01807954445122,5.9701695878402035,94.53192035048166,5,4,91.3156134857669
2022-05-28,61.92979773470465,7.52719016744523,102.94092852025571,5,5,102.54868391112682
2022-05-29,63.436994065052424,8.215930461851782,95.58305792214034,5,6,103.21761860932067
2022-05-30,65.2808664799233,7.118917519052365,111.43139621096505,5,0,107.10008952817661
2022-05-31,43.91176463268524,6.379700627723186,108.64575202283817,5,1,95.71668200282801
2022-06-01,66.74770682424612,8.979325944828748,92.0180131847499,6,2,102.27416018031495
2022-06-02,50.55345073555148,6.461509499038721,95.99088959290106,6,3,89.25140391271184
2022-06-03,72.95296754136987,8.987284560563772,95.1682687758503,6,4,109.46651735469213
2022-06-04,89.93385458774065,10.371885433885659,92.93897379435148,6,5,127.3345604203331
2022-06-05,89.40898736007718,11.271458840949581,96.42732966297636,6,6,129.30797880561875
2022-06-06,77.3915057510203,10.141166862593135,84.06181489135098,6,0,110.84085917814511
2022-06-07,69.15447282842096,8.692447244966836,85.83623055098047,6,1,100.30046298338418
2022-06-08,62.644994385124456,9.6859833010178,81.81876157560451,6,2,101.30556184646976
2022-06-09,60.66695199376732,9.538613404238056,96.73634621711484,6,3,98.6635258064957
2022-06-10,84.52244389018227,9.30406294395353,86.69159036343527,6,4,115.36610832438407
2022-06-11,74.24351784741455,9.439615727784831,85.43251941016578,6,5,113.13449962383788
2022-06-12,78.7439432968943,10.616556349544325,97.40986735566133,6,6,112.74211483507791
2022-06-13,84.6522893138558,11.182933674148515,82.90230394275383,6,0,114.86912610875959
2022-06-14,72.92705216850113,8.520887340651157,96.6446225232521,6,1,107.56361793683286
2022-06-15,65.74843371038395,7.512025291037668,87.71535874126577,6,2,95.95498844064895
2022-06-16,66.60319458339353,8.114700873981858,81.64134482596423,6,3,101.75712199347652
2022-06-17,77.05663909432246,9.242115076881694,91.7433177684822,6,4,110.50428061394356
2022-06-18,87.82590121246172,11.67516152028549,95.67080350689062,6,5,123.87776744234856
2022-06-19,90.33632691042835,11.312131321213982,91.19559048505674,6,6,113.7979456142617
2022-06-20,86.06731102048471,11.288550954953514,84.55314395586424,6,0,124.42010638787248
2022-06-21,69.27520121354547,9.35181117731759,87.863128162107,6,1,100.7302763795656
2022-06-22,51.900153786558796,7.716417398294254,94.24281696488679,6,2,86.20521945092898
2022-06-23,68.95618174510247,8.962311898019669,93.66872824850995,6,3,104.95191425025975
2022-06-24,74.43238790259169,9.845065395708314,96.48255311076691,6,4,111.30468516845067
2022-06-25,87.66047942012558,10.739524551907483,79.63266803401683,6,5,120.86291439722395
2022-06-26,92.4471005865546,10.137810467147931,87.49557569186322,6,6,123.52832515733938
2022-06-27,82.74791264192083,10.51837683674314,85.55543670285105,6,0,113.76758066859526
2022-06-28,64.40705034911417,8.734406810997996,90.15886643107825,6,1,111.8726501422785
2022-06-29,60.83061836540295,9.093914466717553,86.74699116843783,6,2,100.83649443983322
2022-06-30,68.14645723144372,7.941258578281486,96.20448854885804,6,3,115.6753494917311
2022-07-01,72.67052931279734,9.008126717208185,72.9870752322306,7,4,103.4646807277187
2022-07-02,87.82608434559558,11.221435330038462,71.7329924056736,7,5,117.21895995772613
2022-07-03,91.78614444655469,9.954973321395295,75.62186124794114,7,6,119.02716421417738
2022-07-04,81.44340109362591,9.642150826677385,72.14561059482273,7,0,101.0848292059502
2022-07-05,61.466184579113275,8.09780393307014,78.9526737699531,7,1,85.02423159921793
2022-07-06,61.75196665142169,8.114868172519502,73.54062494457209,7,2,90.89231612200093
2022-07-07,60.20769549205798,8.20081461748757,83.11908498377161,7,3,91.40052119096353
2022-07-08,74.47950855024003,9.547938586187977,70.37892505665208,7,4,107.6817714641592
2022-07-09,84.26338290635798,11.866886430070029,75.36473763682818,7,5,119.00551842836518
2022-07-10,95.01620161051136,11.92618487410749,63.82235250631722,7,6,117.15553206490924
2022-07-11,81.57483722131796,10.765064452479017,74.63184154752781,7,0,113.19311806954688
2022-07-12,66.8865726040678,8.871499345137323,69.53467792761495,7,1,93.68540882763364
2022-07-13,60.88680611875884,8.70071815421903,76.88239368594245,7,2,86.28656971128619
2022-07-14,62.56777645318445,7.877720656385521,74.36904363845557,7,3,94.65933219029517
2022-07-15,70.27837500215617,7.735786459811523,74.2138670448388,7,4,96.50631562913576
2022-07-16,94.77071368477033,11.41724115797329,75.75321024771678,7,5,121.84530104933495
2022-07-17,77.37718052127849,9.112438862933425,71.84520396163012,7,6,100.59652717037466
2022-07-18,84.12548713021104,10.902818928062034,68.00867354982586,7,0,112.69821972702701
2022-07-19,71.7147614445755,10.71461747483276,66.15797468467126,7,1,99.8878583458844
2022-07-20,58.29056353778164,8.552901252433113,62.7903444028154,7,2,83.80683024159227
2022-07-21,63.388029048794714,8.06506921360593,82.19005374864805,7,3,98.37995696253701
2022-07-22,74.17668097265529,9.356453025789886,84.6252414135464,7,4,111.71514298635603
2022-07-23,87.99898755571857,10.951045400447866,77.45095428618504,7,5,112.52302595724332
2022-07-24,91.15071127898476,10.446567750892715,82.23325773578213,7,6,116.07123005291916
2022-07-25,80.5707847097045,10.851239847631957,78.52121653040165,7,0,109.23507507691896
2022-07-26,73.38178104288889,9.086403779516699,66.54056202879458,7,1,103.17461989991371
2022-07-27,69.82612146506459,8.92419589903899,77.23907127793046,7,2,99.32132075601425
2022-07-28,69.90977007480416,10.08459517853695,67.7312758840798,7,3,102.1502927720592
2022-07-29,74.97996012878299,10.24340051755061,79.84623393685291,7,4,103.89944566296481
2022-07-30,72.52698100586701,9.383762193345255,71.71062393999347,7,5,100.80687896364064
2022-07-31,87.04313010485642,8.651944265403472,71.3981631056466,7,6,113.12383270744479
2022-08-01,76.89245030505708,9.30150915683745,61.09876999582162,8,0,100.86053778523986
2022-08-02,70.6325135800959,10.497693560664494,63.92945425635836,8,1,96.17722972926278
2022-08-03,68.98041864460856,9.248444912084798,53.33570582594176,8,2,92.29418880584025
2022-08-04,56.066401114125604,9.254026658782848,59.36454053303278,8,3,75.67691825684149
2022-08-05,68.91510962400132,8.322818882379924,72.36779591290016,8,4,101.10221903546743
2022-08-06,83.85218817150877,10.316961945838688,63.195643979224386,8,5,109.85969208605923
2022-08-07,76.7496193827098,8.811654317072895,56.66783319602127,8,6,102.63804661768899
2022-08-08,74.75783625226538,9.404055922906156,58.400753946078794,8,0,96.22313799240716
2022-08-09,77.06437871299775,10.95668023334752,61.06256792701413,8,1,106.16099008556105
2022-08-10,66.1796675813017,6.867263716469764,70.32890513826136,8,2,87.36921151042256
2022-08-11,60.55323552357068,7.600716239793821,67.64056092593104,8,3,91.87532216938227
2022-08-12,78.85485748694734,9.757454562556887,66.44777419494783,8,4,109.05866422469865
2022-08-13,88.37188563442069,10.680757982953633,71.57290186829505,8,5,114.63636098501401
2022-08-14,86.10065547954449,10.31773190634398,70.9964602458157,8,6,106.17771368293701
2022-08-15,75.8954813063505,9.662029384775476,63.774508584380946,8,0,102.34099463628252
2022-08-16,67.89546244747063,9.229156532120655,67.05713302121964,8,1,91.81642183131815
2022-08-17,61.71338032622478,8.09908453659011,65.42662142826927,8,2,88.05959864348812
2022-08-18,64.62864906646381,8.46545328297624,59.32288664175291,8,3,91.63596756732517
2022-08-19,74.50212342411969,9.334306308548816,63.05728026252751,8,4,105.50681444740863
2022-08-20,94.35394691174596,11.95804525058854,60.08645734780231,8,5,120.71076084157264
2022-08-21,85.39417411684501,11.258344058298984,59.31381168440659,8,6,98.19454147178477
2022-08-22,91.9338839873437,10.646548517098962,73.40168741556516,8,0,112.98695202941758
2022-08-23,67.30714499847296,8.809323367357552,70.76342913687692,8,1,100.03496346857601
2022-08-24,56.1492333210578,6.909598129148165,67.92127109545557,8,2,84.78502050531318
2022-08-25,63.659427614724564,8.665366054996332,51.181155899985924,8,3,85.06735358616143
2022-08-26,76.28652586467179,10.567283828703301,67.15671288910389,8,4,103.22265404628214
2022-08-27,85.99567866754803,9.763621459462676,58.37203537147974,8,5,108.92459979854827
2022-08-28,86.59657667398955,10.850576079236342,57.91911977460038,8,6,110.9671521735065
2022-08-29,84.63190412690182,9.923802053815663,57.758949098954474,8,0,106.63254955888586
2022-08-30,68.25239403282295,7.949303507068389,77.06094367484484,8,1,91.35629897654776
2022-08-31,56.109776271087334,8.523269529397925,73.7309191758011,8,2,90.19620058944868
2022-09-01,46.52350929233001,7.383205461994998,45.767170577476705,9,3,62.099877526158906
2022-09-02,57.61946148409584,8.042044808048905,49.122364138740906,9,4,78.83723233982508
2022-09-03,62.90141031089453,8.674067195696544,57.3696031513783,9,5,84.33440915932746
2022-09-04,69.92822782281527,9.29925774871953,61.77131984090576,9,6,89.45684534508878
2022-09-05,63.449154263802214,9.418886993930066,58.60270887789406,9,0,89.98852247232787
2022-09-06,48.94224502782896,8.544128220554057,52.987185480118335,9,1,73.73577872164725
2022-09-07,39.58327654013497,5.74369035498331,61.75430937098502,9,2,64.76661927033231
2022-09-08,38.23395527136008,6.71218975861091,62.83038486831929,9,3,70.66595645478684
2022-09-09,56.93381795247625,6.9821056029876605,65.11107306196764,9,4,83.33571605277812
2022-09-10,64.07118841559006,8.562716195095444,45.86573629582156,9,5,79.67158266360208
2022-09-11,81.63283759473106,10.003186132255495,59.902128687498745,9,6,102.27257089202159
2022-09-12,61.65506355540004,8.05078173349063,52.69327259157688,9,0,73.00081823429915
2022-09-13,47.43979792998308,6.41210552563551,67.26435351870738,9,1,82.41526707232893
2022-09-14,47.845770511364755,7.640167202072316,60.127160426320245,9,2,68.95074740148618
2022-09-15,55.617887423737145,8.174381420130251,57.7583218727478,9,3,84.7204325141722
2022-09-16,59.42670958594651,8.154067325983933,52.3990710306313,9,4,79.64331945588104
2022-09-17,69.23875614610776,8.884437514189923,64.17880446860653,9,5,94.69706917996609
2022-09-18,67.46747688899103,8.046828497341611,61.83667473647785,9,6,93.99057901230432
2022-09-19,66.8749381107276,8.110230142497597,64.00950443131835,9,0,90.3076502034276
2022-09-20,53.99738027708812,6.897750483370951,48.591683065592235,9,1,65.30218008473729
2022-09-21,37.712115770944365,5.705104611399552,47.7551514615882,9,2,51.050130420022164
2022-09-22,40.62013286293071,5.868548610380108,61.83915489099207,9,3,62.328955360045555
2022-09-23,62.094269032397705,9.6643075153133,64.4537912793189,9,4,90.09309724908113
2022-09-24,70.39396532465297,8.846925302497153,63.2291356877393,9,5,91.36617387950545
2022-09-25,72.22375680576327,8.894521410410762,71.78662758901677,9,6,97.77388305530994
2022-09-26,68.3033226488206,8.039619437572876,57.550860190174014,9,0,89.65210324329524
2022-09-27,56.904888899618314,7.8986538815549086,53.07419673261756,9,1,75.58962811005532
2022-09-28,44.370554671250154,6.0681644819758365,58.018821920866024,9,2,69.2477793310141
2022-09-29,40.3235407686272,5.665422106856771,67.17984069751765,9,3,69.00713438717642
2022-09-30,53.75525912503546,7.429002629066629,60.629024670028144,9,4,76.58306448865476
2022-10-01,75.19165124634421,9.185216283144756,67.85330233919676,10,5,103.09363597030058
2022-10-02,68.7737821395476,9.404923199530598,69.70615849501368,10,6,98.1215083954307
2022-10-03,61.683326055160464,8.636928877022385,57.11733239473318,10,0,94.19984223100401
2022-10-04,53.184307028161584,8.275745785862732,67.63392385690676,10,1,82.04408333128308
2022-10-05,44.136852311593294,6.0339414001040925,56.68478892574476,10,2,59.03934651876367
2022-10-06,38.97094627563083,7.003171627069112,53.89148106421453,10,3,62.30752871492605
2022-10-07,43.828848072045176,7.021938089480866,55.04431614995839,10,4,58.57529676719828
2022-10-08,54.73081556147285,7.064303537580826,53.77729434690809,10,5,80.1965000293858
2022-10-09,79.68314425575805,9.071901749982064,48.04946174852126,10,6,96.31693828184163
2022-10-10,62.88780094353864,8.835033705252346,63.751080828921154,10,0,89.04641615122594
2022-10-11,47.044322863718364,6.188689304751293,67.62003785557322,10,1,74.16735425969028
2022-10-12,49.643100411960816,8.538290675817061,69.13588426970433,10,2,84.58877872174058
2022-10-13,45.680940360571995,6.227989293272119,69.5383219861194,10,3,68.88416316731235
2022-10-14,50.61617535763956,7.384385200268364,56.481015712226,10,4,78.41279207764849
2022-10-15,67.06350824698413,9.778775657086499,66.94457994570944,10,5,96.40438722192376
2022-10-16,65.7114846784456,7.010657117998222,70.52958834499101,10,6,93.63473206962432
2022-10-17,55.4957461575974,8.600785135611257,52.75492237463838,10,0,85.61765716751624
2022-10-18,53.982099641680435,8.452267731079472,69.51427016371072,10,1,83.8721520651103
2022-10-19,43.39201961046033,7.516403074916752,53.5653230535269,10,2,65.51309835922349
2022-10-20,44.340244775157174,6.1710543360929595,65.87433050919998,10,3,64.8508637434484
2022-10-21,58.86180738373001,7.999674530807325,54.84571428867102,10,4,89.33314872479599
2022-10-22,72.15177519978667,8.667130042821475,75.39995195522786,10,5,101.180901036406
2022-10-23,69.80060775770859,9.562431580914522,62.23083517537366,10,6,93.84865190021372
2022-10-24,62.97989453429994,10.08091652386209,53.765134163574615,10,0,89.38488139526281
2022-10-25,37.0111322819856,5.703423175002873,68.39207690438964,10,1,63.578395096314246
2022-10-26,38.17631361138397,4.702478245516341,58.36385924194692,10,2,58.29291047795029
2022-10-27,37.14725303026847,5.4148069960834295,70.99096987803934,10,3,63.279286222302076
2022-10-28,59.901964242050745,8.40065790448774,71.31212047133856,10,4,91.29827673628262
2022-10-29,70.3565768993774,9.226574023487862,66.99815541797231,10,5,97.17631971796465
2022-10-30,63.5331841321152,8.984313540717391,54.06339615812851,10,6,78.61257819652717
2022-10-31,56.73436010149652,8.124526876198091,58.56624108521335,10,0,80.27767824101856
2022-11-01,40.84074208911155,5.555435780664709,72.3599282343856,11,1,65.0335020044233
2022-11-02,33.047414111015314,5.4860496070580655,67.90743908243402,11,2,66.0919289517168
2022-11-03,40.33016159209679,7.148583582530474,83.24503679096114,11,3,81.58355201847371
2022-11-04,60.782290474331425,6.782133314220839,75.8207673557669,11,4,89.84114287203822
2022-11-05,60.846719870943545,9.150697684821449,72.50727711728679,11,5,101.51514906207947
2022-11-06,65.82625011972155,8.811974103826813,75.45778785494836,11,6,97.09905423171392
2022-11-07,68.31504891559008,8.300259551081178,69.78993942463607,11,0,101.07844112489883
2022-11-08,42.184003537255805,4.96028255399573,75.35359936317258,11,1,69.56955993994681
2022-11-09,31.238860910532914,4.300387434514502,80.79559187049007,11,2,65.3833303856978
2022-11-10,39.2860911826148,7.3301450217721005,75.42783890439411,11,3,70.92019996333654
2022-11-11,45.28682559058337,6.560494173342235,81.93381448300326,11,4,77.36476893112267
2022-11-12,64.88835865955016,7.300306586450402,79.96620754421944,11,5,96.60040269425636
2022-11-13,78.01891209079149,9.591065793286093,76.83767854220949,11,6,106.46843893463841
2022-11-14,66.5696277264988,8.17079606725427,78.77414457629784,11,0,101.92752636135961
2022-11-15,55.30398389035101,6.596929987753624,61.47172600370739,11,1,73.19223769933906
2022-11-16,32.0271175020105,5.221049540996396,89.193631337814,11,2,72.59365798208806
2022-11-17,32.71473972461593,5.659731636920661,65.86541513127874,11,3,63.52675008885137
2022-11-18,48.30154745102184,7.407025001364852,70.11224484771239,11,4,71.03636384234035
2022-11-19,60.41134953611446,8.415708900711863,68.94247203263247,11,5,91.36581658498137
2022-11-20,66.51444935740781,9.673988712065931,85.77498107285982,11,6,99.0724604053972
2022-11-21,67.45707015179596,8.85036244524765,73.93914785685145,11,0,98.66664149052119
2022-11-22,47.35340002024166,7.053363440824603,84.72994894045456,11,1,83.631669186213
2022-11-23,39.475949119981806,5.212552188308478,73.73053057844835,11,2,67.75037751596794
2022-11-24,45.59135180650417,5.207227913067331,77.70750855237159,11,3,76.59545987500513
2022-11-25,55.08493012502753,7.49950799370721,78.38577980829513,11,4,89.82228948864233
2022-11-26,66.83831573735786,9.394388769132767,72.15726866259337,11,5,92.66965032951272
2022-11-27,76.29215128460316,8.550073480256897,75.26799593812756,11,6,104.13491775902058
2022-11-28,55.98012566496948,7.3970061658800885,76.59953350799763,11,0,86.79258581726077
2022-11-29,41.93754763805418,7.231454596285314,84.45206803290259,11,1,78.90023170358779
2022-11-30,41.02340337662994,6.0112941606039545,71.32821347007864,11,2,75.95447299946959
2022-12-01,43.41922650112499,5.567735108308392,99.19309669567984,12,3,80.2255437369963
2022-12-02,48.45105457825839,7.587714197707191,83.60386362052631,12,4,85.19587721974484
2022-12-03,68.58688518983047,9.742748331567409,90.44269886543081,12,5,105.16648722283341
2022-12-04,68.67095013424382,8.237021047916665,95.08215805156863,12,6,104.83838904939496
2022-12-05,59.3506244800229,7.569750326042723,81.60383997112,12,0,88.54446035243933
2022-12-06,46.2263298041287,6.945562503418894,85.35104379520355,12,1,77.10096009146962
2022-12-07,45.16532695254643,6.918315187535658,78.26665044577108,12,2,83.81673653910302
2022-12-08,50.28285343326387,8.163924687669546,91.3028797663088,12,3,85.02420327304971
2022-12-09,61.58434024261186,8.399297815355553,87.3962037667971,12,4,101.67673036010488
2022-12-10,68.2696752515774,9.542613303235244,80.76759087922147,12,5,102.85684114313082
2022-12-11,78.17136899754558,10.511791824112114,81.43337383866438,12,6,110.94549308968227
2022-12-12,56.57393735219191,7.986210758149022,95.56278649812695,12,0,94.61202790806462
2022-12-13,48.42615941226767,7.07619994072048,88.06726271120758,12,1,85.10431626599447
2022-12-14,47.11698546316555,7.424509793709619,87.78861506335987,12,2,83.66215225457555
2022-12-15,47.68247435508438,8.292444903112985,97.85213562385583,12,3,89.85731741959592
2022-12-16,62.0613529564593,7.922489886137507,95.0673208152219,12,4,103.38613043134717
2022-12-17,59.31832312268808,7.928144234840723,95.97978481247307,12,5,91.96348620578807
2022-12-18,70.06943340734422,8.960620477639623,89.43419221634436,12,6,108.8273594065875
2022-12-19,54.613028554421234,7.905163390621035,83.08010016791793,12,0,95.2650354285449
2022-12-20,52.16586087770059,6.813039829020408,91.45553362174033,12,1,92.66961204729708
2022-12-21,50.10417677189237,7.8037702687896315,90.95344648951426,12,2,92.49438847399874
2022-12-22,44.62565455321634,5.648763261339741,79.87722775724485,12,3,85.00795678709771
2022-12-23,54.51456595965306,7.863131728883424,86.07029682320729,12,4,89.68202646615845
2022-12-24,69.46612153844931,7.737059071531543,101.88493168563443,12,5,103.91339912029034
2022-12-25,67.05193163038885,8.16367575986148,97.73123843033184,12,6,103.24234350113565
2022-12-26,67.84231425210402,7.024651305973253,80.45138416130055,12,0,97.40126845019053
2022-12-27,43.799856733354474,7.9313196375494535,88.26058392122104,12,1,81.94243436173319
2022-12-28,35.78543794592301,4.646706674805129,80.19868072626751,12,2,70.74692944899955
2022-12-29,47.39114392101593,6.42741219871236,88.9198771038379,12,3,78.8307370310311
2022-12-30,65.7081752965669,9.935943059762277,84.99399867774046,12,4,102.93310024386128
2022-12-31,66.58151556035168,8.052200148460972,84.33095819632919,12,5,99.79766140576638
2023-01-01,65.09982931969418,9.83849712605388,101.03883619549997,1,6,102.2693768684296
2023-01-02,55.79937294121413,8.13931117752726,99.28426685715824,1,0,89.11894945920245
2023-01-03,48.00890157061034,8.019975699496053,99.63648181355512,1,1,93.52782582985691
2023-01-04,49.33203468795462,6.614603672689106,113.45798188323758,1,2,93.95639541570975
2023-01-05,44.42864271075902,6.101394998883951,101.90538060165431,1,3,88.45963854181618
2023-01-06,52.35329164880263,8.380353930188258,108.08009026464654,1,4,91.9531235175114
2023-01-07,74.22448237367935,9.521812601720962,100.58544092539732,1,5,109.01491418386512
2023-01-08,68.03132758875303,9.109845483757514,114.86597183861585,1,6,115.38872099890828
2023-01-09,60.36169438306249,8.592051156492062,103.0327342853334,1,0,108.09476588088114
2023-01-10,49.099972616740274,5.904249362224111,114.09318083453577,1,1,88.31249431196264
2023-01-11,42.11288692709353,5.700334757394793,93.06658823629364,1,2,83.06467089502269
2023-01-12,47.31577435806912,7.229643670259376,100.71524441009713,1,3,89.20003094906377
2023-01-13,56.84509969246899,7.918966785884687,108.3104662147897,1,4,105.06697491232488
2023-01-14,60.23858774233902,7.631415589325702,110.91212463709445,1,5,105.34827271660834
2023-01-15,65.32015910691142,7.838155694532741,108.84357572847446,1,6,110.82784919336592
2023-01-16,63.353855175969365,8.40132002877391,99.38032881880561,1,0,100.3516387009914
2023-01-17,46.07506884463715,6.923394942189065,107.30981668104154,1,1,90.14012471997486
2023-01-18,46.7189566411705,6.5903224441598764,107.9383567799911,1,2,96.51730850681983
2023-01-19,41.608327769697496,6.558932533517517,100.24032100620548,1,3,88.57310346342594
2023-01-20,61.34445627212784,8.494621145655376,102.6409406137037,1,4,108.04610523755223
2023-01-21,73.41868700719216,8.322215396128861,111.52011038611602,1,5,118.10892738319122
2023-01-22,68.42908682112355,9.797692493962812,97.86911819872125,1,6,111.54200208054002
2023-01-23,56.27387687371139,7.461470802797483,105.02496105518169,1,0,97.92356851582318
2023-01-24,42.00237452444859,5.8235641734575845,109.7187955862338,1,1,87.4013677614261
2023-01-25,40.87925928847369,5.44216686206704,92.74733251444913,1,2,74.92284347999848
2023-01-26,46.8404837150353,6.339687567078897,113.34006075196709,1,3,86.36344407019337
2023-01-27,50.503474794474705,7.118615572736285,107.46292764435299,1,4,93.5947866511262
2023-01-28,69.41635220347902,7.888153383293606,109.90303640752789,1,5,115.40278277907291
2023-01-29,66.21988085400275,8.602046717622812,97.84256642013902,1,6,99.71558003921713
2023-01-30,61.94037730436786,7.2984868195262855,86.03644199567297,1,0,93.07748666464359
2023-01-31,50.511308496585904,6.398886612168965,100.75445906821113,1,1,98.48719636391466
2023-02-01,35.28647043745459,5.297028084500495,118.98089588799971,2,2,82.96994267008844
2023-02-02,46.12416704101597,6.402208130459696,121.94876114963898,2,3,94.63051526961998
2023-02-03,57.634973415971245,7.947747677291844,119.45701119647262,2,4,104.7255368280006
2023-02-04,69.61497459107287,8.251831565843823,124.38952721547764,2,5,119.4243500413806
2023-02-05,74.19691128575865,9.849893159024056,118.0360365232064,2,6,124.34135924967524
2023-02-06,58.86655654068757,7.839090322249394,122.82249972901283,2,0,109.22305950642307
2023-02-07,46.49724831152141,5.843147560934295,124.03858942043068,2,1,98.60344899901716
2023-02-08,49.699814540200585,6.997255925719225,116.68047575415649,2,2,99.20746577286424
2023-02-09,46.557406813739945,6.162945515327788,123.89702359061795,2,3,101.24565510504317
2023-02-10,49.452188644016104,7.228656524632524,117.13523848389924,2,4,102.89447744081332
2023-02-11,74.02414473760385,9.39810941579694,118.51015741983353,2,5,123.16464803709657
2023-02-12,67.1873698243717,9.495263871475197,121.07438987730622,2,6,117.85140609700008
2023-02-13,62.4476670110143,7.804621207763297,116.90693230316045,2,0,110.90557952004491
2023-02-14,53.693152001199195,7.071813566569079,124.65046796736381,2,1,108.39737685840961
2023-02-15,37.09975449129012,5.98302145171054,114.08185832825119,2,2,89.41153482640507
2023-02-16,49.37745294810186,5.835905622902558,115.41026698151022,2,3,90.33790547878877
2023-02-17,63.7506628889733,8.137490662554399,113.51313389554608,2,4,103.58723988155265
2023-02-18,61.221235537706775,8.549581469702051,104.57093724152666,2,5,104.38424144405502
2023-02-19,70.6374481789513,9.414778467379673,120.75134573341897,2,6,117.35422597808265
2023-02-20,57.201041020615925,7.609545823551791,98.06527576137843,2,0,95.3196203700302
2023-02-21,59.79298767773966,6.672466976651084,117.25956324458525,2,1,100.57770889630805
2023-02-22,49.39144295058272,6.991899865566602,116.59200387122772,2,2,94.90025832209507
2023-02-23,42.92990236132539,6.46452010453446,112.95611946864622,2,3,89.34874492690051
2023-02-24,48.46093737088003,7.928108937363294,112.49214514208445,2,4,94.81692494989142
2023-02-25,68.06419211833384,8.281041737220425,120.30384819477042,2,5,118.10164320585439
2023-02-26,67.58258203258424,8.11966790245522,113.2349738594206,2,6,101.7825358406156
2023-02-27,59.52311734431382,8.657820614578824,123.54128385467723,2,0,111.93348504935607
2023-02-28,50.16128245278543,7.654073554838424,115.97475197359886,2,1,91.57945241507956
2023-03-01,43.71195327203541,7.192084310022434,124.96437297319322,3,2,99.39499695408183
2023-03-02,48.959721939681515,5.046796826631563,127.05332548427064,3,3,94.04406509386217
2023-03-03,66.22918033844898,9.696156258459549,124.53569778062166,3,4,112.15215406449393
2023-03-04,63.026082369817175,9.02143905011416,121.4123078330933,3,5,111.17935047815057
2023-03-05,67.83772224048249,8.316186843962502,124.92909186133528,3,6,110.47573843639108
2023-03-06,69.72533597747177,8.72494319221662,120.77171173170294,3,0,121.64705145243333
2023-03-07,48.29751923950231,6.158315213000966,117.43022665893652,3,1,94.75819013445906
2023-03-08,40.36318442559046,4.364159088514441,131.21037851682047,3,2,96.68231603265905
2023-03-09,45.58169454021417,7.642833512293742,121.73108696859558,3,3,94.56242702163797
2023-03-10,47.80320758133074,7.576514302346981,123.38541529742493,3,4,104.27185517595862
2023-03-11,65.31333135244056,9.076478650431875,118.17838353678172,3,5,113.16918099684159
2023-03-12,75.88640324333835,9.867310052695828,116.55067962851733,3,6,131.70007032330005
2023-03-13,58.439025004840126,8.466344133890727,113.81316602013482,3,0,105.98117811936059
2023-03-14,55.46279859589274,7.485010589916927,115.31683483984514,3,1,96.82056221739343
2023-03-15,37.21161736963689,6.1481919089449235,127.02857554132578,3,2,95.25049675381982
2023-03-16,42.88418864276797,5.978965371503394,115.23910767342835,3,3,89.80455151463727
2023-03-17,51.80095069598687,6.792003860983731,119.32732482057092,3,4,97.25449627919326
2023-03-18,60.37119002996652,7.771353690934866,124.58778119200524,3,5,111.65795362945192
2023-03-19,71.7147872660848,9.681398898086124,123.5416780515449,3,6,126.43872913039567
2023-03-20,58.79449340820124,7.214945903640119,127.04301978035927,3,0,106.0535772530461
2023-03-21,49.64794008121438,8.19264474473875,121.70989703126729,3,1,104.68141992863187
2023-03-22,49.70944934283963,6.9700816117511035,119.72317393989982,3,2,90.15749390587362
2023-03-23,40.89456192357626,7.014734671231768,121.0492539643217,3,3,93.63467297688096
2023-03-24,51.88141848212746,6.238121380476619,117.82412513620208,3,4,95.20779642648212
2023-03-25,69.84152898954216,8.866434204336135,125.38654006216558,3,5,121.6172151398365
2023-03-26,67.80552273694317,7.523264724646038,119.9155447961003,3,6,112.231002502513
2023-03-27,63.908862528390785,8.9354353707518,116.28503662071175,3,0,115.59352986974338
2023-03-28,44.145222863049774,5.682001045941552,111.5376203317491,3,1,89.83951125031653
2023-03-29,35.863115771507786,5.206598269685246,112.17053458804436,3,2,80.50880753058637
2023-03-30,45.44058073789028,7.004940179607026,123.12576374837745,3,3,90.87861157930047
2023-03-31,61.263142375563454,6.58024351256896,129.5700059019728,3,4,114.75770499179694
2023-04-01,77.8722010008169,10.069554680062033,109.02756674780774,4,5,115.54681614565496
2023-04-02,72.55483232497527,8.537940059875028,111.85074343767005,4,6,113.20728969511462
2023-04-03,59.41079725235509,7.421633027398165,116.27033489928154,4,0,107.51392791531204
2023-04-04,55.5579227050636,6.98052973397672,122.69427430898756,4,1,107.09992215187478
2023-04-05,37.483351918279496,6.5062817931810715,112.95908262468453,4,2,83.96888207796965
2023-04-06,39.80850497313165,6.258635562270484,118.98501734102598,4,3,84.19374169232337
2023-04-07,60.05766729700206,8.389814807736663,103.64353818394132,4,4,102.3516478164987
2023-04-08,73.52377511427908,9.332840746071458,119.93595578181205,4,5,114.17192854425123
2023-04-09,61.20260538018751,8.159939614965563,119.06136148123221,4,6,107.37045134630297
2023-04-10,62.98765340259798,9.046419275287821,110.8296432072199,4,0,104.17738240615152
2023-04-11,45.58538931233403,7.81590825926736,109.8728252783354,4,1,91.7454388947035
2023-04-12,43.73904404481353,6.302469519690353,117.49495580811165,4,2,91.14996399077779
2023-04-13,38.70612428783672,6.937706350177264,108.15155175455091,4,3,82.01406242363598
2023-04-14,63.06062051431174,7.8521426973796,118.43508966111132,4,4,112.29537132400579
2023-04-15,71.10941251325622,8.889400516867076,111.6919196348947,4,5,109.41188308452524
2023-04-16,73.53075356064296,7.794815141255505,112.27189251763942,4,6,106.6124377115626
2023-04-17,65.67899025490023,9.3006279716161,122.89839699619068,4,0,117.22319434209828
2023-04-18,41.29428192684746,6.271993613298525,115.32607292208768,4,1,91.81715676082283
2023-04-19,35.97730559463072,5.767291910947762,118.27239584487519,4,2,84.00987767864326
2023-04-20,40.574649854827975,5.571524256746745,109.35892322128771,4,3,81.23071067199056
2023-04-21,57.18457441791857,7.542944374303961,115.52697762196696,4,4,108.59684190348189
2023-04-22,66.78898862533713,8.812423643703124,122.99201612952649,4,5,112.95329098891862
2023-04-23,62.111756433971976,8.662647782010882,120.03545276785377,4,6,109.30493189703456
2023-04-24,55.559481346856586,6.7291948865609506,108.94693034839608,4,0,95.98731055931366
2023-04-25,56.52660032205664,6.702072117308562,121.88553819078967,4,1,103.08083925433132
2023-04-26,43.15358365714248,5.001802536032899,114.89308639007866,4,2,89.08749611012936
2023-04-27,46.30284055913454,7.24575735431091,117.49255999823603,4,3,97.37785110866427
2023-04-28,48.33616917984936,5.499186823948663,113.84804821404009,4,4,90.44814782324767
2023-04-29,67.29825592926096,9.123014641845778,124.14867642377074,4,5,113.87615117874614
2023-04-30,67.24773109110247,9.061925878981507,103.65247854702744,4,6,112.33157725219417
2023-05-01,57.418918286264,8.473689222839777,105.83324591921175,5,0,95.2583763112746
2023-05-02,51.59147646878532,9.11054741608716,110.15345115795581,5,1,101.04920950522914
2023-05-03,43.09472529273352,5.805097030719201,109.16976149404645,5,2,85.7560501970396
2023-05-04,41.075078636204665,5.691593389515489,93.73913767424227,5,3,81.18892313562947
2023-05-05,54.29637025591767,7.83035182916465,109.40471260030974,5,4,104.68821049742989
2023-05-06,64.72960194491097,9.446627514601202,107.37672838718997,5,5,106.7469899176241
2023-05-07,73.14026859944688,9.038958389364215,116.29657290308168,5,6,112.79117121363592
2023-05-08,69.75661570025304,9.319555141815963,104.08022351886085,5,0,113.57959123207073
2023-05-09,39.10223439289711,4.940286519868359,95.85107176263246,5,1,82.33532071003344
2023-05-10,41.45906093151872,7.563807401041857,118.19318947063809,5,2,92.77258264583787
2023-05-11,39.292905904530244,6.382883330199276,108.93758452772184,5,3,87.66549529821305
2023-05-12,62.36011200886688,9.205159627775249,101.94971288866387,5,4,101.34035097148777
2023-05-13,63.28859619471761,8.6246935723348,107.07958698238608,5,5,108.63654518964209
2023-05-14,65.51926169172825,8.591761713476552,107.87708366419773,5,6,104.73410668313305
2023-05-15,49.91386612841051,7.757842164578513,109.92720333369682,5,0,95.39589747399903
2023-05-16,42.009210240908914,6.83022699065939,99.50612022632993,5,1,83.86655339833054
2023-05-17,44.51514981887683,6.176583726964273,104.20228040359194,5,2,84.73409342067855
2023-05-18,44.83989458665763,5.642335034426523,110.5420380702778,5,3,90.87292780179133
2023-05-19,53.13841298829891,8.283333760537577,105.54287650260068,5,4,95.73235519484457
2023-05-20,72.23979891848917,8.43213086023309,103.41895670716136,5,5,112.8826062728406
2023-05-21,72.96165346301453,10.923029615681507,106.46646507304871,5,6,111.49994918023198
2023-05-22,60.66265116819949,8.832360225498556,98.31785107870093,5,0,102.60613538652723
2023-05-23,55.51651100061724,8.135967315629866,103.87841828835572,5,1,99.27277566775797
2023-05-24,42.32386160672563,5.95602989995016,99.84383894957365,5,2,76.88528290898404
2023-05-25,46.54913380922682,6.454203807930059,90.59253177082113,5,3,83.1143194852319
2023-05-26,60.10171509223744,8.015106101994872,101.25472541673977,5,4,100.77570245392972
2023-05-27,73.42875367697646,9.720984772256006,112.64395513236373,5,5,125.36860332826006
2023-05-28,72.34948471424131,9.753454008422764,103.00311994978055,5,6,110.34855661848107
2023-05-29,68.29455148469143,9.860306602497246,97.29544963519116,5,0,104.01822420395939
2023-05-30,54.093071782818065,9.204408838425799,114.65365699447854,5,1,106.35198015539537
2023-05-31,38.17416322632048,5.852818217908849,95.02356697901362,5,2,78.27254664998449
2023-06-01,60.7091853937458,7.963714332955064,95.75870860831435,6,3,97.45200718854348
2023-06-02,74.38893916640069,9.869316297575358,91.29550850873159,6,4,117.20502858420055
2023-06-03,86.4047877449592,10.352340415959807,91.28532563906376,6,5,118.29562985973047
2023-06-04,83.54433539700555,10.843720776448109,90.7968346796491,6,6,116.94773526117638
2023-06-05,90.91374634029359,11.255294423720569,81.52564660400904,6,0,121.94490787572101
2023-06-06,73.99544242307056,7.964484854204902,100.37103927566781,6,1,114.02447450986807
2023-06-07,65.26122289114248,9.643731948727776,82.2079183375091,6,2,104.64783248507885
2023-06-08,61.32092184355969,7.910745280538765,89.62222991371453,6,3,94.63010874710986
2023-06-09,74.63092388161733,9.97353377542637,88.35390123375588,6,4,101.67271739386095
2023-06-10,94.30653537949534,12.277808307838075,94.43173490444299,6,5,130.5977690702862
2023-06-11,97.74572078518287,12.419912020109996,80.55098508030775,6,6,124.70685397080659
2023-06-12,78.48461041418379,9.475079335647278,85.90996638866768,6,0,106.42624723592562
2023-06-13,71.42548826126148,8.904508982768476,101.61460558234614,6,1,107.10887658867509
2023-06-14,61.71829401324207,7.813150537725018,96.03317133576525,6,2,100.05706171493868
2023-06-15,65.1579904804483,8.917571264220397,90.17078996478928,6,3,97.88688641961495
2023-06-16,65.95920511784651,8.49228348640755,94.50099996560894,6,4,102.15436832554761
2023-06-17,91.55537304631997,11.693141947192622,96.27321174059958,6,5,130.40853140958637
2023-06-18,82.58534557579057,11.252609423776068,89.83507862764245,6,6,126.70310393036156
2023-06-19,81.9939342635368,9.113355734108179,90.64748192951623,6,0,117.27689406435223
2023-06-20,69.79989312284879,8.633775535172461,88.0394508655203,6,1,101.00180215644858
2023-06-21,64.12457975619424,9.0449287426026,98.66779076062868,6,2,111.31904447314524
2023-06-22,64.23113106266291,6.951625786667712,95.06006979026927,6,3,96.63387483852435
2023-06-23,75.00612242277458,9.49922726407881,89.17694492930814,6,4,110.45295897262785
2023-06-24,79.4216404878393,9.442439621620116,81.3748183165729,6,5,104.51656764674648
2023-06-25,92.653817846598,10.720904720556952,89.16548893987198,6,6,123.04124848343392
2023-06-26,79.6786358721892,10.336445560373477,88.87897294124512,6,0,119.00490364695662
2023-06-27,73.27849610504397,9.235491941468641,80.72620175732338,6,1,105.95412075943295
2023-06-28,61.71415317700703,7.578640476853801,84.85329803296474,6,2,90.48201289761302
2023-06-29,66.36465272865253,9.701694124899134,85.18285480014971,6,3,104.00793633034911
2023-06-30,81.25205760953664,9.290574755224267,84.75962816272532,6,4,114.40572777912848
2023-07-01,92.36364125640516,11.595136828053905,67.88396915067038,7,5,119.84987419391925
2023-07-02,91.6573135551867,11.44229588607394,70.22563820573245,7,6,111.62696820112156
2023-07-03,78.04342124411232,9.44872119275728,72.9233017714694,7,0,107.03369489793383
2023-07-04,66.97661987707603,9.453672629049612,74.4436390764161,7,1,100.32239927795224
2023-07-05,60.93322067058242,8.214820312264791,72.54763664234332,7,2,92.22959001512237
2023-07-06,66.42225084196068,8.469561702921567,72.91858346133021,7,3,85.99073162459361
2023-07-07,75.44075868397607,8.811313305893682,74.14750072372931,7,4,100.35061712606466
2023-07-08,100.0,12.640720504977505,69.53020955937251,7,5,121.32081648698541
2023-07-09,95.6047844683075,10.708258777795283,81.6614356737614,7,6,130.34946320439025
2023-07-10,80.28845653423694,10.54870160492531,77.16573047972358,7,0,109.1461383016685
2023-07-11,68.70830639447159,8.195724828893193,65.49519394864666,7,1,94.10835198570533
2023-07-12,58.60005989650887,8.194123370700188,83.73255887721673,7,2,96.84039571223849
2023-07-13,69.04190812245844,9.27863451012829,81.64157688777992,7,3,97.98478191714989
2023-07-14,78.7348646340439,9.531643941198345,80.88679249635986,7,4,103.3505605351906
2023-07-15,81.42867487705102,10.9126201146224,71.16058394117441,7,5,104.80372165244262
2023-07-16,89.18416901968797,11.107248187592493,79.40505677290301,7,6,119.31444717513924
2023-07-17,76.50878031160114,10.386361576093446,82.04170260344902,7,0,112.75569937973613
2023-07-18,60.14432531546207,6.735149886261796,72.81262237963121,7,1,84.80472619386994
2023-07-19,59.34489514869171,8.840577255800538,79.12914094403993,7,2,97.6748842034224
2023-07-20,51.09884034261611,8.269345289982411,69.98213144359002,7,3,88.32065179074198
2023-07-21,80.90537771802738,11.258061298880177,74.86035894014226,7,4,118.98067849751615
2023-07-22,89.05468246542173,12.443293692632297,80.43626659182203,7,5,124.1343436990592
2023-07-23,82.5067358923142,10.46794713446887,75.74215183661093,7,6,108.6904236103262
2023-07-24,79.65524601181629,9.375610419026982,70.15358637209621,7,0,103.01983743918386
2023-07-25,64.16790764301062,8.67771326465985,71.31223946172916,7,1,94.23172106106423
2023-07-26,57.3369574495986,7.449349270920948,78.52500853740685,7,2,86.93379349967735
2023-07-27,54.48599233053305,8.176970815598448,68.52581748196215,7,3,73.17404334330014
2023-07-28,73.47736176994493,9.182110468573038,70.51582931669819,7,4,106.21700208988804
2023-07-29,95.33670023193679,12.136124751778226,65.06247326468394,7,5,116.24394871911271
2023-07-30,86.69788185024395,11.078105359702441,74.04268335888464,7,6,117.32151412773366
2023-07-31,80.88402854770047,9.968704870106231,72.90243746333421,7,0,108.04300573291442
2023-08-01,66.13743384809787,7.338917476938761,61.02120998618289,8,1,84.67126222784668
2023-08-02,66.84248685176523,7.890935695960094,78.94695216504098,8,2,97.39467642746918
2023-08-03,62.06006009184496,10.023262297729648,69.88887157297663,8,3,98.57400531294752
2023-08-04,76.47762959583218,9.729734830927743,54.439560609427964,8,4,89.92651526989964
2023-08-05,88.0131919326638,11.49476956832693,70.95466574706877,8,5,113.24134659435717
2023-08-06,94.9878588777016,11.951541246452951,61.192604971529406,8,6,117.08263675905499
2023-08-07,76.47826029603561,8.724194057781784,74.83949584442293,8,0,98.25531933250367
2023-08-08,65.87110549880113,8.514763578897155,64.58301119288816,8,1,85.00256600030951
2023-08-09,49.4577923982382,6.206019343374344,62.92872063939927,8,2,70.31272942560646
2023-08-10,67.84154526165462,9.040724344009694,59.84157587259416,8,3,94.16860352375072
2023-08-11,75.6324699836479,9.659531123097178,58.80235892750975,8,4,101.94798281380703
2023-08-12,87.89013954760011,11.547654901183478,53.338286578770905,8,5,103.71554510877573
2023-08-13,81.49330756378451,10.954706746721369,61.69365951912219,8,6,115.89822009735292
2023-08-14,76.54423930973726,10.509990073032062,63.52865635527121,8,0,103.24041918178487
2023-08-15,62.157514967708096,8.055547728415473,73.77719068458347,8,1,85.5135467013846
2023-08-16,62.019848184994,8.289149023484553,66.67582044567841,8,2,84.57294799267272
2023-08-17,68.59313072100646,10.050493867617632,58.27479385279667,8,3,92.14328795862568
2023-08-18,77.89161624143668,11.04956302285113,57.612024670918395,8,4,103.58130885623744
2023-08-19,85.77817187964583,11.168590138834983,61.84914485364031,8,5,101.34321102879827
2023-08-20,94.75630741849989,11.419401583428463,66.35014756159083,8,6,121.20232922508478
2023-08-21,86.654447356806,10.119875972004165,70.82648563887722,8,0,115.83367072957196
2023-08-22,59.144936322925425,7.068481993787856,63.223803012507375,8,1,86.0762409339392
2023-08-23,67.95874880341817,8.81414191764333,72.057773018539,8,2,95.99209912046753
2023-08-24,57.75092261520405,8.14364217296497,75.2924684762758,8,3,85.80609987015663
2023-08-25,71.46677793385852,10.57645527085051,55.34655122731659,8,4,99.84761434170649
2023-08-26,80.16386669098216,9.775572975884483,61.745705170809615,8,5,107.56386146465482
2023-08-27,94.70881130924927,11.91229370166696,54.39397210771857,8,6,115.00601572583348
2023-08-28,79.67792099985621,9.582744703659905,57.471175145979835,8,0,107.87174462783278
2023-08-29,73.14149593691315,8.956796264517289,68.2399766094036,8,1,99.79863530402058
2023-08-30,66.08433792891016,8.76738203667358,70.05095182631351,8,2,90.15997474837152
2023-08-31,67.3693030094776,9.521263594030101,64.4734635412623,8,3,91.59899333506657
2023-09-01,55.70852236635251,6.898347133659996,76.1778531821292,9,4,80.22055255423764
2023-09-02,56.96724935840631,7.477963389290854,59.349950450416046,9,5,80.66976956153124
2023-09-03,63.798672015618614,8.45696931373353,61.15074761406719,9,6,86.29785368756315
2023-09-04,62.21132793298688,8.258404059399666,64.16417558774171,9,0,93.15281451964387
2023-09-05,52.21760275107888,7.869048920393581,58.94520944368367,9,1,75.88696850931446
2023-09-06,39.29756658766186,7.021746568758308,63.515312526772775,9,2,74.77685059248746
2023-09-07,47.48554490438508,5.866720564007298,49.002150848264456,9,3,63.526919827589104
2023-09-08,54.56828823234106,7.641542448706988,57.77123674957701,9,4,79.34589806256524
2023-09-09,73.10457463659105,8.439290751959328,66.17229701102028,9,5,93.58882983722827
2023-09-10,68.64662284906281,9.331064371561402,68.68633793975233,9,6,103.13146001481643
2023-09-11,58.94701325265636,7.1155415926516685,55.392069015033734,9,0,81.59655310005168
2023-09-12,45.10539609145866,6.113358592734456,58.70373930717925,9,1,62.59399538945758
2023-09-13,34.11287838883231,5.286052668107349,60.29691542792,9,2,54.5439384407562
2023-09-14,44.697825923032,7.282249490053915,51.78208075984225,9,3,66.01965761696549
2023-09-15,64.51272086557087,7.709826247810565,56.855395297949805,9,4,84.00179871604865
2023-09-16,70.09196967058311,9.599282513077409,59.26767882616327,9,5,100.33965396669878
2023-09-17,65.5566680211034,8.20167339081847,51.78724043187525,9,6,86.56074194577846
2023-09-18,67.24189845071832,8.07852053517199,70.55309395847894,9,0,90.22189516013852
2023-09-19,54.815507566633045,7.807884165973277,53.19003389826718,9,1,65.15208865310805
2023-09-20,31.138197628244807,5.604698753310515,53.23573792485542,9,2,49.717362934903846
2023-09-21,41.38534423676695,6.846127278297193,53.36919411417264,9,3,70.37384544035694
2023-09-22,56.776322348710956,7.5290678559562965,57.71984470324473,9,4,79.51222080033068
2023-09-23,60.26647476472125,8.039223837085775,62.958891993483455,9,5,88.66188069500691
2023-09-24,72.22537178421416,8.149818689952733,57.6125124612808,9,6,90.36918825397363
2023-09-25,64.60162518181001,8.747633967416004,56.14550392461369,9,0,86.15426510087377
2023-09-26,52.10445285331096,7.287205287334372,57.821559933775745,9,1,70.74418403582871
2023-09-27,47.821230563466294,6.333659241022843,57.04926792461408,9,2,69.25598296176902
2023-09-28,42.52110663482059,5.025531694777089,52.193290509385164,9,3,68.19874663970441
2023-09-29,47.956522116272666,7.16091952263562,52.99490528322843,9,4,76.95203422190626
2023-09-30,66.32637108669257,9.524718671634595,51.08065699622576,9,5,86.02467344673083
2023-10-01,72.63325178631365,9.280069275785394,61.8147730681648,10,6,92.93897879258799
2023-10-02,62.91130936808461,7.956289086548127,59.40275103160744,10,0,89.913547008692
2023-10-03,52.06272148750126,6.4191103427796445,59.32582118420152,10,1,74.68085401607577
2023-10-04,39.932331296607835,6.6979950179865355,66.76556726118325,10,2,67.23758634089405
2023-10-05,45.298739218561046,5.980434043723884,63.537851738190625,10,3,81.89620980951901
2023-10-06,53.75399698050184,7.0349597092217655,72.1983018333055,10,4,86.4650244863378
2023-10-07,74.23447360897978,9.548813516682367,65.91542021220931,10,5,93.21055528321557
2023-10-08,76.61180550507095,10.264131829483011,53.91661329168199,10,6,98.65771626357785
2023-10-09,60.913457638078675,7.706779799315134,63.174712558791995,10,0,85.60134287399389
2023-10-10,52.17450357983772,6.655737409892563,54.73025255798634,10,1,73.54950687797657
2023-10-11,48.759170158056705,6.981232222362005,64.19347181474976,10,2,72.06041422617679
2023-10-12,47.596941971520074,7.723048793254147,59.97081559451107,10,3,74.97764365107106
2023-10-13,58.41870345067648,7.8473367967122645,59.36347539677132,10,4,84.04151735383086
2023-10-14,79.59240575700987,10.6946036012987,65.09081065142645,10,5,105.19306869531852
2023-10-15,65.59466103705427,8.101661276563407,72.9558915581495,10,6,90.31596126438164
2023-10-16,61.26759377968326,8.21804586592803,69.91700414557396,10,0,83.8597968407852
2023-10-17,54.25890533903345,7.334209397570508,64.03522321092444,10,1,76.9081727281639
2023-10-18,54.92979975618156,8.45553792433061,65.79419285271989,10,2,88.02900895870347
2023-10-19,33.56572793103632,5.090413597386087,60.75067992348498,10,3,54.768050780685776
2023-10-20,55.33483326498415,7.17991685648203,61.59516203547588,10,4,78.56323667360755
2023-10-21,69.49978812486194,9.237046964953837,61.662251536166494,10,5,91.77702367886714
2023-10-22,72.8680046260722,9.217569715459748,61.60169832730126,10,6,104.55187665451298
2023-10-23,57.859308141280955,6.8061415540462935,62.31900452074257,10,0,77.62942122630952
2023-10-24,49.20894946064396,7.7059394496702005,58.54136747083025,10,1,74.6158375418097
2023-10-25,36.86850351456961,6.436382749323426,61.46198913358558,10,2,70.64065560631566
2023-10-26,41.69851536818429,7.309560790636299,62.305181195429434,10,3,69.39123707287523
2023-10-27,63.51044488489508,7.936024859048566,56.28858662987079,10,4,81.07821474971449
2023-10-28,69.30860495070485,8.656339525523677,65.24223712318097,10,5,93.44816328934795
2023-10-29,60.613826259234465,8.222246205145709,65.03115619310891,10,6,89.9779170664021
2023-10-30,65.72696345233477,9.81644666883302,68.70107752153147,10,0,90.45014554884052
2023-10-31,48.044067705841236,7.512923957068502,59.07672710391473,10,1,74.0171581782286
2023-11-01,41.70075340553799,6.515919946641645,82.641869912704,11,2,76.07450486943378
2023-11-02,37.10869500310039,5.876983675059553,71.55564634931542,11,3,65.03985612737871
2023-11-03,62.45501128919,7.641666320898247,81.60148245440962,11,4,99.87003099531525
2023-11-04,71.60539375943031,8.868524353791036,74.41436350446992,11,5,101.47563820807532
2023-11-05,64.23057250503767,7.864271750970787,71.0099848326858,11,6,96.1601113599234
2023-11-06,57.57741360630695,8.677004452770383,79.57631890686889,11,0,91.1122348019311
2023-11-07,43.84692973826676,8.210761813128052,73.81278927685713,11,1,71.7501094312726
2023-11-08,40.245710208364706,6.248414659509848,70.08838972078266,11,2,67.02093064167445
2023-11-09,38.72624269975199,6.348155252523902,81.68449952713055,11,3,73.37476213892965
2023-11-10,61.429463045212756,8.310660169750985,67.90524258853935,11,4,93.70776805653573
2023-11-11,72.05732662153783,9.300700432329092,83.37568403535006,11,5,112.00170474564001
2023-11-12,74.06671203923864,8.338629858080346,75.58630085438736,11,6,102.15188201063593
2023-11-13,66.24213200907441,9.986697202807262,66.00530427811287,11,0,93.56106768761973
2023-11-14,58.93549111557101,8.134574283065186,69.90303724435707,11,1,87.19479674578378
2023-11-15,41.176085388597485,6.042454671081816,68.81489493516244,11,2,71.1672676479631
2023-11-16,52.587154566361406,7.674685848125986,68.24096248284927,11,3,79.82273694427269
2023-11-17,44.145666299962755,5.858376240597687,68.9148902176426,11,4,72.6345601973148
2023-11-18,62.13939702713525,7.881901077835563,71.67511821431921,11,5,90.78391810602574
2023-11-19,57.23347006355394,7.934362432164859,74.14518236492653,11,6,78.24541592447795
2023-11-20,60.50386909133741,8.395564982506064,80.579411307356,11,0,94.22370199078748
2023-11-21,53.51423731138574,7.877482917252927,84.21843280309189,11,1,90.32884652607285
2023-11-22,41.77835999884361,7.262384947151613,65.21914347078588,11,2,71.65078861320158
2023-11-23,40.77970810819123,7.1168618949776175,73.33687934304497,11,3,71.15815849600133
2023-11-24,61.756377289596244,7.715043158188439,70.90380978176901,11,4,91.01156413190162
2023-11-25,72.87355717375853,8.854518727922413,74.98924478223637,11,5,102.71018950914832
2023-11-26,70.65222628911917,7.106452406191001,76.25312840125001,11,6,101.87670472405514
2023-11-27,57.398999331251154,8.017167884340509,66.16672674221424,11,0,88.39378715707285
2023-11-28,49.08513750723444,6.111088281325127,79.88543795520276,11,1,75.64135553550315
2023-11-29,37.55618824822054,7.489238511395877,72.9515832712615,11,2,68.16290548990253
2023-11-30,48.668221199259854,6.948846128608045,75.52515515901634,11,3,75.58414577333349
2023-12-01,63.977697689671345,7.963599831394172,88.45370896552718,12,4,96.82916859590813
2023-12-02,71.72320007293439,11.065013652931247,88.7212151070368,12,5,110.77406056692703
2023-12-03,75.46396150004122,9.481787732170964,80.25047343111986,12,6,101.37498042232697
2023-12-04,59.969507976591814,6.403713690452136,90.16203704429431,12,0,96.26828257388935
2023-12-05,48.78468760001543,6.076596718052581,91.50738869532228,12,1,87.1659017542237
2023-12-06,42.181772163618035,5.739280883870088,94.75238491915037,12,2,79.42215717371344
2023-12-07,46.48000958350543,7.316447181548578,83.7522175709881,12,3,85.91249665594137
2023-12-08,62.26957034060235,6.8840455527523225,91.19692303502798,12,4,96.90571904217526
2023-12-09,69.1559798155478,7.447421054917027,87.38755504143278,12,5,97.75869472869314
2023-12-10,71.56324016697613,8.833351746397884,88.49825041806288,12,6,108.59443413641547
2023-12-11,59.49728998296325,7.39544215924481,90.04813688855928,12,0,95.40932118610738
2023-12-12,47.16351886779146,5.844552423093704,92.09148427589137,12,1,87.71776408201153
2023-12-13,44.9451103478737,5.934553478620121,90.3639032608998,12,2,81.24780042780654
2023-12-14,43.84159783121049,5.776415571868801,86.32200839648847,12,3,80.56137683008878
2023-12-15,56.76915209638205,7.9764382891248236,79.62861187907608,12,4,87.69477314530039
2023-12-16,67.60065365087966,8.646710619403073,93.87717699138241,12,5,114.68312956435825
2023-12-17,71.94071279370225,9.416882932575875,87.92614383516562,12,6,105.65268648892709
2023-12-18,71.39228628577793,9.447874905031497,91.26832756783865,12,0,103.50471680813526
2023-12-19,48.0771328817786,7.668545919017717,93.28952887970007,12,1,91.52622331109646
2023-12-20,48.19293609229703,7.629984671501971,80.67617941977292,12,2,83.07301064606763
2023-12-21,46.22817493102796,6.762236359148831,87.77206389110596,12,3,84.56802305291052
2023-12-22,53.45066016911261,6.315214552931018,96.33623821715216,12,4,86.84482562877969
2023-12-23,72.49536290038229,9.013807783012794,97.35654622091565,12,5,104.24428725322277
2023-12-24,61.35848374609778,8.8646252281215,86.33900824822622,12,6,100.27359489744103
2023-12-25,75.52833559289492,9.434969282110753,93.36285393744394,12,0,113.27191695249199
2023-12-26,48.056102876031815,6.496935217204821,97.77186277963777,12,1,94.92203584964923
2023-12-27,38.945148556734196,5.789913858055424,89.17492986651497,12,2,74.07574273621034
2023-12-28,49.648058489371664,7.528463611605675,91.42976558186658,12,3,88.8211159670608
2023-12-29,54.63922143114066,7.391347561339682,86.48339331743725,12,4,95.09411799678159
2023-12-30,74.87705134359547,8.731826108839481,83.73268981892232,12,5,105.55158617911174
2023-12-31,67.6130930604433,8.058137482548966,83.88842322881963,12,6,92.30233259340538
2024-01-01,59.75434464032225,8.277213480716819,92.2373627235556,1,0,94.3139877006433
2024-01-02,51.63658452898844,7.507891305155059,101.10903504547694,1,1,96.70960781866502
2024-01-03,36.9099612307218,6.3547473244400585,112.97565665089854,1,2,80.72701171039941
2024-01-04,37.961377996055184,6.336759215318578,104.52901580251807,1,3,85.8101784571456
2024-01-05,56.2564168256806,9.922939057580532,99.55069705042868,1,4,107.320462710675
2024-01-06,65.56748932203367,7.964567145153386,103.89792768851541,1,5,102.99005164638153
2024-01-07,72.8745976147442,10.201885412850014,108.59831142030728,1,6,120.02611296158594
2024-01-08,66.89360625337358,9.197292369708936,96.53177680933267,1,0,102.34202146181542
2024-01-09,43.031577506663666,6.20125541567989,116.70781232387009,1,1,87.91579528720183
2024-01-10,28.87737386148431,4.42121383840438,109.65935593043494,1,2,78.80392843293033
2024-01-11,42.76593380370532,6.23394119104611,99.85598796461416,1,3,88.5143780134221
2024-01-12,52.561706200758024,7.547471067112267,100.14485138606437,1,4,99.0775036862259
2024-01-13,70.75928326919556,10.143931508433596,111.85829829424871,1,5,112.14918658705393
2024-01-14,72.92730887697923,9.552240216244387,115.58276494080329,1,6,118.62205423312254
2024-01-15,65.20111974291818,9.870870633151796,106.64546869751945,1,0,109.93681024972015
2024-01-16,47.07658769929475,5.961173778763796,109.81554488078638,1,1,84.62995581907317
2024-01-17,50.19562238893328,7.632871672876759,98.80331133384323,1,2,94.1148657569628
2024-01-18,43.53168370027,6.871076811189443,99.93878775086569,1,3,82.81772480300035
2024-01-19,58.213329944430924,7.129584620255919,105.11476758719101,1,4,93.91463798895752
2024-01-20,67.49634133441002,7.978471527772727,98.88576844250264,1,5,99.95054523884984
2024-01-21,71.01077200224195,8.069325437268958,105.83121320549051,1,6,109.62498988999273
2024-01-22,66.4268972175812,8.794678143711891,99.43864655946692,1,0,107.22993380282396
2024-01-23,45.27396568343275,6.508529041447647,113.0755486649794,1,1,86.55631993842808
2024-01-24,45.57666268003829,5.66459658707185,100.62659832232585,1,2,89.17470981935077
2024-01-25,41.406836945757455,6.760472104713777,104.90740251260311,1,3,90.08830599694164
2024-01-26,59.63756271859407,7.909636270522664,118.8407266670003,1,4,107.23474474323109
2024-01-27,63.306264660649305,8.750745241833306,105.6538552862109,1,5,108.37108865448184
2024-01-28,66.18618716575675,8.484823056016356,111.92004310659618,1,6,110.62040990717284
2024-01-29,58.3620804378945,7.371969370277202,111.58783309107355,1,0,102.9740199303057
2024-01-30,44.74544761678943,4.63716439424065,100.78292314111064,1,1,77.58889445037724
2024-01-31,47.68522455853463,6.976091148586432,111.20891266724442,1,2,87.05875968602494
2024-02-01,47.91876995202291,7.248481101352324,114.77424528890442,2,3,93.24921905033752
2024-02-02,58.2262559961411,7.2067035341271835,124.92867063982867,2,4,109.84075418584824
2024-02-03,72.64907462885509,9.146175242401862,117.55416518008235,2,5,118.51807011299147
2024-02-04,64.22315358665104,8.986239986271553,108.73151956746486,2,6,104.0678007725009
2024-02-05,63.84124792438591,7.738976776602493,104.57301482891825,2,0,108.39102602484644
2024-02-06,50.79881486649306,7.008119655021536,109.35612776052393,2,1,91.61397392475423
2024-02-07,36.438115483911005,3.9603617198991805,108.8605624919606,2,2,77.62615987689168
2024-02-08,45.364618071645765,5.784382657616552,106.58956889478353,2,3,85.32610315745582
2024-02-09,59.00912129776494,6.634366351905564,125.28668833192808,2,4,112.8054047566099
2024-02-10,70.60968467108867,8.654328405501529,118.69285216038814,2,5,111.1065995430051
2024-02-11,73.1206617257201,10.14177555432827,115.18883480295713,2,6,125.22513183553983
2024-02-12,57.84641550502116,7.358369222818232,113.83389064053361,2,0,103.22954761148488
2024-02-13,45.49954722393007,6.924722457551852,111.6000839916249,2,1,91.08216470802303
2024-02-14,47.02078881322209,7.694124605607344,118.29137164073477,2,2,96.73485872534891
2024-02-15,57.43396917751272,7.39582616304538,120.07774715062249,2,3,104.77502354855471
2024-02-16,55.87379363879416,8.67836682059414,120.99744251244033,2,4,111.20434983068832
2024-02-17,66.37460393139169,7.439709608140485,112.46897574085531,2,5,109.14074187923077
2024-02-18,69.5445573813613,8.873706995069892,124.30138449286888,2,6,120.88531255639994
2024-02-19,65.38638738203802,7.598407117469041,121.34671828453071,2,0,112.30508078810247
2024-02-20,44.40114326228931,6.920328584618087,114.26968981569456,2,1,84.33273253646371
2024-02-21,40.271829794570024,5.984933545547307,109.7674808912211,2,2,89.0925223500588
2024-02-22,39.63262919554594,4.846838832399051,122.88968185020232,2,3,85.98230815983378
2024-02-23,53.85196691995881,7.48160183708977,118.99863067742649,2,4,98.59585952746771
2024-02-24,74.89843866250168,9.51119772586219,114.31733795711195,2,5,119.07669379154393
2024-02-25,69.24911877590152,8.136350094759166,119.49253598404599,2,6,117.86762723951404
2024-02-26,66.85264992212758,8.828986610827702,106.73337337821661,2,0,111.13645166417801
2024-02-27,43.90518774870447,8.607569857596921,116.16965950750922,2,1,93.36522780006834
2024-02-28,39.38746497154864,6.0844633564852515,119.1663044594741,2,2,85.38249902733777
2024-02-29,41.88242181328671,6.81621960066612,116.74921855631897,2,3,91.64070692365203
2024-03-01,58.25112386358241,8.641903698473635,130.54199378856478,3,4,112.77376999497424
2024-03-02,62.309786454075564,9.031802890155415,114.87931491109087,3,5,110.09575882982587
2024-03-03,68.4592275928007,9.306910057793797,107.01916948339296,3,6,106.94833390017688
2024-03-04,62.922807098991406,7.414320105564611,120.79677292846851,3,0,107.74599757129931
2024-03-05,57.81406332056885,7.254378717385325,120.3152606260498,3,1,105.92140653320438
2024-03-06,36.16606466899431,5.268633662029263,128.68518985118297,3,2,93.73777096492812
2024-03-07,36.08334485693425,5.06326413987833,126.03742499597574,3,3,90.97025211901396
2024-03-08,56.84044398554339,9.569174599945033,114.63987474811636,3,4,100.24441901912749
2024-03-09,67.92541747152599,8.834480790316928,119.4560360265648,3,5,113.92969705008687
2024-03-10,67.34951418930994,11.055032736513322,121.12276009645994,3,6,118.26437000407772
2024-03-11,64.84779196679418,7.720534464468993,116.17042861992715,3,0,112.76117501090707
2024-03-12,56.68849644667991,7.98064394894518,120.0936697252239,3,1,106.82103918392654
2024-03-13,39.48735498568161,5.616970744249039,122.23939220858429,3,2,84.7652024288544
2024-03-14,44.98556510399365,7.003085183317752,130.8131782390613,3,3,100.45298962723012
2024-03-15,56.20768439199158,6.8234903899062385,126.16634256067385,3,4,108.56966646177474
2024-03-16,71.39382811598634,10.335255208669778,118.20941365870785,3,5,121.58387316547461
2024-03-17,70.52701413802576,8.173662727005468,119.01756775768389,3,6,120.89454258219202
2024-03-18,57.82877181086577,7.473737721965645,119.0112352188062,3,0,105.14837745439378
2024-03-19,44.61902378450791,6.924771625094427,119.60533566840549,3,1,94.99463555137979
2024-03-20,38.27388301562583,5.983618096001007,129.01552546281627,3,2,95.64021922269914
2024-03-21,46.09860953139784,8.425947361456398,114.95278114975586,3,3,103.5512551746626
2024-03-22,50.18235916859985,6.338548188177321,123.20593061684647,3,4,100.77289336041076
2024-03-23,73.51146381507019,9.071796381418022,111.87363799061823,3,5,116.55820749459618
2024-03-24,65.79664797403092,6.586142104202327,124.11694874633994,3,6,116.72673480219926
2024-03-25,71.05101718864616,9.075508336378595,116.05843534796641,3,0,121.08852929171192
2024-03-26,50.48875908197088,6.984879951586596,121.22411044897018,3,1,104.81893065493173
2024-03-27,44.61518093858405,6.474161998573829,117.6959631704018,3,2,98.04072724525898
2024-03-28,48.41912372733501,5.466305386544725,112.23448664433431,3,3,89.49780190074789
2024-03-29,53.440460417555705,7.462482973192811,117.09710776108481,3,4,101.66455535032209
2024-03-30,66.59544754691788,8.876646625971865,123.52410124284263,3,5,115.89844227150498
2024-03-31,76.10541957181334,9.369705249867385,126.80112695934699,3,6,129.85583835156098
2024-04-01,63.26290997097344,7.57946859878452,125.58268805955919,4,0,114.8879265833377
2024-04-02,49.576120125902236,8.845026708236139,115.54376995730883,4,1,97.70140224617046
2024-04-03,38.26363022266701,5.691731376327042,118.34541443079736,4,2,86.2885705516514
2024-04-04,38.107471727533095,5.207195335903549,116.5975331669427,4,3,90.8050612250367
2024-04-05,57.32566015505128,8.222821872876324,123.99966735243078,4,4,111.01847265583444
2024-04-06,58.96943381199428,6.9556945560163985,115.56160047450092,4,5,107.87101758073004
2024-04-07,81.2986811642592,10.833042116820728,120.62490846568645,4,6,129.58802510071922
2024-04-08,69.0978239523787,8.717328833374033,113.2867357734914,4,0,114.29277030512786
2024-04-09,55.72445092928566,7.8808676626131575,107.08054294521835,4,1,102.57415714957638
2024-04-10,49.033949765063156,6.666435823662962,117.53099201043383,4,2,99.6758583434332
2024-04-11,46.63643300197365,7.448736129370673,104.17624089910426,4,3,84.58157749792434
2024-04-12,49.390035597123145,7.415749546133964,108.3734596020229,4,4,99.01181056092122
2024-04-13,71.2907240536787,8.723096916006483,115.1380992686282,4,5,115.03453347349551
2024-04-14,70.16645541043937,10.626440138964258,122.326178794867,4,6,120.3286026861832
2024-04-15,64.2102070974956,8.821341010602623,114.21012362175358,4,0,109.16100686834362
2024-04-16,50.815061003414804,5.635996338302827,116.13074420757303,4,1,96.2234719345034
2024-04-17,37.53232056902354,4.716093373809672,123.31801549557495,4,2,81.82479531966806
2024-04-18,49.918193005318244,6.794449278371589,109.44637589460324,4,3,90.24449697275598
2024-04-19,58.02516562154564,7.669025500272191,109.98467798615513,4,4,104.61148190519823
2024-04-20,69.84738140833787,9.562724852951307,117.7535729704765,4,5,116.23452695110512
2024-04-21,65.94555525593064,9.537597762437146,118.96657495336258,4,6,123.70765758945431
2024-04-22,63.553883476455255,9.811483150563252,114.43853687923054,4,0,113.74257040808892
2024-04-23,48.95450458445058,6.0768416225899236,119.24921584209957,4,1,96.08262396107065
2024-04-24,40.35570378515822,6.567897539901271,117.34343732632422,4,2,93.00488296249637
2024-04-25,38.47012133456683,5.163591506168231,118.41733282109186,4,3,83.61374190060495
2024-04-26,45.04263855426098,4.863223945894845,114.98862115195911,4,4,95.09959362951435
2024-04-27,67.06665979906599,7.356170882981126,121.21076950018539,4,5,109.3577387425912
2024-04-28,76.9956692376096,10.96438914702213,127.60357921932483,4,6,132.5562411239486
2024-04-29,62.915200788824144,7.117160456578213,118.34507749532389,4,0,106.3577837409788
2024-04-30,47.634926096020074,6.198802117681497,116.94217175222992,4,1,96.56896037454158
2024-05-01,33.44150154208842,5.236280550316339,106.73889509376075,5,2,80.72782635670879
2024-05-02,53.061949118761035,8.732156971355016,111.78880670988971,5,3,101.75396221189419
2024-05-03,58.647045884769305,7.539989749144947,111.90647514676716,5,4,101.99993716421316
2024-05-04,67.29646369066239,8.788267601177461,113.87548240137859,5,5,114.26750522917035
2024-05-05,71.2726589000921,9.14044806691353,108.85929579906562,5,6,115.31876792236883
2024-05-06,61.67534065554563,8.563191166428942,109.05522623067137,5,0,103.16527020663283
2024-05-07,45.83661756887442,7.716270118176482,111.87946862340584,5,1,92.18682504108855
2024-05-08,44.17392811472325,5.490035605386767,106.11593502531362,5,2,89.08788669301335
2024-05-09,42.04147701564566,6.071026549620277,98.57925219890978,5,3,85.41578643970776
2024-05-10,49.502323763052416,7.875876575223134,107.68659834309261,5,4,90.96507663535593
2024-05-11,70.43994361630055,9.066734413329293,105.82429876652624,5,5,110.89448615468407
2024-05-12,76.90957012870683,10.891625691550004,107.30875356959156,5,6,119.87941901624438
2024-05-13,64.46642894720871,9.664331464205876,102.73422228425292,5,0,106.44939858117245
2024-05-14,47.32914758760333,7.598736067428979,101.40028251293091,5,1,94.71278081905841
2024-05-15,39.65588699766389,5.536195161816924,109.85180178737073,5,2,79.42790165596408
2024-05-16,48.00737414320455,6.712580441431058,113.80493599521776,5,3,99.53765163140025
2024-05-17,58.170570335824955,7.134978223984165,103.43744968848655,5,4,103.65521546327054
2024-05-18,66.9059432388919,8.631789914445978,99.75434504038894,5,5,104.41755739155616
2024-05-19,72.86235261985797,8.755815821224637,108.54122466491182,5,6,120.55942240169885
2024-05-20,68.08564954772892,8.915784487910239,100.23714869209059,5,0,111.27511241632646
2024-05-21,46.82064224425212,6.525927107930102,97.1699300044217,5,1,88.34852304129667
2024-05-22,43.13816230400787,5.913587929130229,101.58954473605357,5,2,88.07597345800214
2024-05-23,38.956572446327314,5.807897716946821,101.00555705433189,5,3,76.97106325860659
2024-05-24,51.35535457711101,6.956193049397156,112.51403705828587,5,4,100.5881196700797
2024-05-25,63.58607705219239,7.682611903360356,99.81234673961335,5,5,101.96538955390743
2024-05-26,69.28692064269691,9.95580074343509,110.48829673290436,5,6,115.12259081847449
2024-05-27,55.78019964102748,6.867728773053978,102.33567395149443,5,0,99.12991198288599
2024-05-28,53.20908423497661,7.6546918053307405,112.55599469210564,5,1,105.05557276875004
2024-05-29,47.35769823015133,6.246133902268509,105.72896814923924,5,2,88.4223836647926
2024-05-30,41.56950114175432,6.432658330967119,95.27961726024573,5,3,81.90262463293158
2024-05-31,58.80535492491415,7.849764168508219,113.98298527605458,5,4,103.29511047077673
2024-06-01,86.86041619310747,10.96909650541147,89.07442840681477,6,5,115.4206013294535
2024-06-02,93.50291819935484,11.055135124185293,96.9443188457934,6,6,128.12817891958878
2024-06-03,81.8269818000005,9.6421369124902,88.14356748506862,6,0,119.3527371042676
2024-06-04,72.83787687501015,9.834275656716319,90.13785728085998,6,1,112.4458152623419
2024-06-05,52.20544064130597,8.26115215532699,82.2096431549164,6,2,82.08193237570337
2024-06-06,66.67013914985944,8.087792404969992,78.90992659316834,6,3,97.63027698056572
2024-06-07,84.8461046844102,10.84788793540135,87.10766967349004,6,4,125.17183042301848
2024-06-08,92.72450468747212,9.39251952083044,81.7734708843787,6,5,121.08821123375246
2024-06-09,88.99262115216143,11.773758539314358,81.5670054784855,6,6,122.94640344770274
2024-06-10,75.46244790708036,8.686037201776815,93.45000162467885,6,0,110.0034638404459
2024-06-11,70.4533193643561,9.638371411367668,89.85020208800972,6,1,101.45832376911457
2024-06-12,57.84381257615222,8.540617830416071,90.20113375901387,6,2,97.01658961298989
2024-06-13,67.08821519497774,9.946637551329223,89.74546103694924,6,3,109.25824824165349
2024-06-14,71.35166302836488,9.486250621735904,90.21511256318955,6,4,111.80864645493243
2024-06-15,86.69594191918858,9.842454887827072,90.94520896895705,6,5,122.36821530003353
2024-06-16,94.9973278063842,10.701827847026449,89.36567799353122,6,6,124.59700180117886
2024-06-17,77.98637789893809,9.911778751901643,82.69196011909959,6,0,107.96898283812287
2024-06-18,70.70817736408327,8.529322340477293,98.50171522614913,6,1,105.93197452408606
2024-06-19,57.284604082277724,7.350951466363243,85.38853288813499,6,2,83.4803463926374
2024-06-20,59.659197523508915,7.39438368419216,90.78921142121061,6,3,93.70283390086712
2024-06-21,78.05341115448385,10.029878857275676,81.9866264360991,6,4,111.83243840292171
2024-06-22,88.0782024328498,10.132093548334591,92.26880270993261,6,5,121.08775825198035
2024-06-23,90.9598792076155,9.670305738574227,96.4239565544872,6,6,125.47456924180352
2024-06-24,73.51661361592579,10.440439114728488,87.78326772107962,6,0,113.5316243549515
2024-06-25,65.72146432331768,8.025199889279895,91.4279297122147,6,1,101.87690539571587
2024-06-26,56.88335749963409,8.553977661659616,98.95680980817568,6,2,99.22602204530442
2024-06-27,64.63905424215855,8.618016983402455,93.93380910556925,6,3,107.16514112641694
2024-06-28,73.67658514110013,11.649706619776506,94.90293682981189,6,4,115.2728828811575
2024-06-29,96.7117816706486,11.298665457778245,92.74094011082491,6,5,139.16718076918545
2024-06-30,84.64676920297994,10.679068475570025,88.17300154675368,6,6,115.88055276232721
2024-07-01,84.7381647107607,11.84893717834158,69.91219280984816,7,0,113.60640043462564
2024-07-02,73.50158028671075,9.96505579713927,78.25557570663145,7,1,109.74179359992758
2024-07-03,62.229581437802466,7.985339188951885,74.25937956669881,7,2,99.13899684461298
2024-07-04,58.208327288695166,7.621747194145138,81.78458348630977,7,3,92.53797413188676
2024-07-05,79.92297849195714,9.809113587674029,74.65686450722768,7,4,111.47969463306687
2024-07-06,76.33832798180876,9.717278006659248,73.28322662593986,7,5,101.41728943252753
2024-07-07,97.4703138468654,11.666232522165426,91.28361151297477,7,6,132.88303941796752
2024-07-08,84.0244713865522,9.570578394322162,70.13400794971706,7,0,112.38459440032408
2024-07-09,66.90764377659072,8.648128380044316,67.34790130732789,7,1,97.40462835668258
2024-07-10,63.95504744313855,8.195146123212098,71.03815799263539,7,2,88.13102688496919
2024-07-11,59.590013602848344,7.855915760089143,74.090757145155,7,3,84.74386747363347
2024-07-12,74.21933020642687,9.802324402402618,77.48406483092128,7,4,101.42317933403444
2024-07-13,90.64403268952692,10.968351113677901,75.63056334929725,7,5,124.02741860784553
2024-07-14,89.71729818023061,10.915191767210107,77.09687824120637,7,6,116.98757196220143
2024-07-15,75.40848097014671,10.746796905217693,81.77297231125934,7,0,109.04995685731228
2024-07-16,75.37696728227597,8.525716942561347,79.43385632649783,7,1,105.92988270440738
2024-07-17,70.04819831550519,8.171721308317407,67.59423085718394,7,2,93.40819119500465
2024-07-18,56.09604007758558,8.165183820343948,90.15903049273274,7,3,89.57101683216233
2024-07-19,78.69234013452132,10.06796550493648,77.12946131547476,7,4,102.76670283532238
2024-07-20,77.90745603918734,8.618153540242012,78.52213448531343,7,5,106.03814171986815
2024-07-21,80.47326235175808,8.87662022720277,82.96231778044547,7,6,107.07572098553997
2024-07-22,87.97504420185433,10.316196338063772,71.24774312376785,7,0,115.86478361162061
2024-07-23,65.41528171502098,7.534957169921064,71.83143482226801,7,1,94.714547973126
2024-07-24,57.121253536336155,8.51686752677783,69.98524154529349,7,2,85.33010217966041
2024-07-25,65.43394812636922,8.463601923600995,69.10309074345562,7,3,92.05215835148468
2024-07-26,78.18805919119505,10.345286259316918,85.50396165251817,7,4,115.91154335015882
2024-07-27,90.00092204914397,9.774924713541555,76.55806723874511,7,5,129.24517534995778
2024-07-28,92.90448895304881,11.521220210574041,61.720546303985685,7,6,116.45404938294723
2024-07-29,80.56690372691064,9.733910266871128,76.49976654299083,7,0,110.37960587029677
2024-07-30,72.0515045440045,9.011458091581575,73.56072445272702,7,1,105.5952614794858
2024-07-31,66.76112890245821,8.275816819746819,73.79941697326507,7,2,88.08028895638246
2024-08-01,60.17454024034066,8.790673517675984,58.90179178770385,8,3,83.08523735706468
2024-08-02,77.48769331917498,9.621363274627035,77.21246747505477,8,4,98.12906140136701
2024-08-03,76.26765157016013,11.589138065799656,72.85364872121127,8,5,107.40234191902343
2024-08-04,88.00909662054241,10.400371891161198,61.789011838735945,8,6,117.84648708276688
2024-08-05,88.43535723240414,11.068280611368765,68.72269706095356,8,0,108.84508414484907
2024-08-06,80.98465334514604,9.926270422500101,66.59864645365772,8,1,105.72583655351691
2024-08-07,56.31830131391684,6.593856570942151,68.6183479518451,8,2,73.08902439765775
2024-08-08,64.85247662066676,8.61106256153084,70.9929893777153,8,3,101.81064101080901
2024-08-09,74.97320499043468,9.632135499507315,61.412643181656456,8,4,102.38207252877052
2024-08-10,87.36429389491097,11.07508803208431,59.43806766886563,8,5,108.19429340174409
2024-08-11,90.09052464294304,10.85401224674983,65.74057645816318,8,6,114.36070355787237
2024-08-12,79.22397474314458,10.584812415767226,67.73485490541061,8,0,102.29384275109307
2024-08-13,65.63988789762604,7.912311526908402,58.16176108680723,8,1,85.88099870691069
2024-08-14,57.70223190808294,7.51460086372038,65.47002917659321,8,2,86.40120098269958
2024-08-15,74.09337934984072,9.027040792008641,54.84173097316669,8,3,89.87675823066928
2024-08-16,75.74131365610786,9.623740975729394,68.01398462545886,8,4,106.7214437130225
2024-08-17,89.8738793510782,8.950133699992021,67.2497520317635,8,5,109.30850633428172
2024-08-18,87.59218515248428,9.310836032109302,62.29399966054543,8,6,104.36763465891538
2024-08-19,84.52827390460291,9.750839473502824,61.889007035509884,8,0,108.48166474037895
2024-08-20,71.85800096130018,10.189792784179845,62.65104356539645,8,1,95.18252551835346
2024-08-21,58.41824166756115,6.56361326095468,66.95297018569505,8,2,88.42519696194294
2024-08-22,49.17710169043476,7.19363878099073,79.78955846840609,8,3,83.02140390378786
2024-08-23,76.31006177117862,9.04761055082544,60.89506042808733,8,4,101.85156510559754
2024-08-24,87.51380840060114,10.524765418232342,71.11644533792132,8,5,114.11207015665387
2024-08-25,91.01581731370317,11.58846445578798,60.43522387946118,8,6,114.14886682582983
2024-08-26,79.02383822221456,10.916553989998803,64.58794615255468,8,0,103.14913033472061
2024-08-27,65.5194833376681,9.36863393648408,55.733985820692624,8,1,91.55087217689919
2024-08-28,54.237785882808126,8.051027272017423,58.67876232658442,8,2,77.68846400467748
2024-08-29,61.636493499589015,8.989659793742913,67.75403250155227,8,3,90.38234277641175
2024-08-30,74.68555074242086,8.170266798725656,65.11184120782367,8,4,97.10942614780345
2024-08-31,82.07254925192889,9.732224174488348,70.69598594736217,8,5,112.21376191833691
2024-09-01,79.70634021380499,9.365066534936124,59.218112065915015,9,6,100.17506912738673
2024-09-02,60.9644470974004,8.73605829160961,68.4525426796048,9,0,88.3829381276689
2024-09-03,45.21824677655219,6.461116167608925,64.32706034580498,9,1,75.1265648877093
2024-09-04,33.912164766917456,5.586879042557215,61.08788443820616,9,2,65.52462587245918
2024-09-05,37.81143261061342,8.71963395019247,58.34224792033954,9,3,62.7568523768638
2024-09-06,53.90282791081336,7.524900742477995,65.25808722788467,9,4,83.52396078820279
2024-09-07,60.60587000984701,7.743567041849554,56.229116949037376,9,5,85.22841528928586
2024-09-08,74.24566583231302,10.493863441207136,65.43785569030403,9,6,105.25930044657771
2024-09-09,55.02256519058708,6.893783690333794,56.46699460959999,9,0,77.02056511019373
2024-09-10,49.27319029239139,5.049464685754741,67.67957480078664,9,1,71.6016204829701
2024-09-11,34.75232976568371,5.879276366814939,56.864091751219945,9,2,57.92058604912969
2024-09-12,43.53816463038853,7.142868275766961,68.4401155731111,9,3,70.4067222699196
2024-09-13,52.89886749008465,6.410368368306164,59.12734497477112,9,4,74.35288204905656
2024-09-14,58.94112892046504,9.581169690781131,55.285735788297345,9,5,91.69065294254263
2024-09-15,69.3451400679442,10.289014465008801,59.42241206243547,9,6,90.73491886130131
2024-09-16,59.578283750373835,6.960824981001664,52.780283962774,9,0,81.668065452358
2024-09-17,50.302669991330106,6.453432180338046,66.67464375908298,9,1,78.27946525051654
2024-09-18,44.82635713786058,8.448927460589022,58.80827810345656,9,2,69.36813982854348
2024-09-19,38.047551126269504,4.969360712358014,58.470773201464574,9,3,60.39812405529853
2024-09-20,54.9235880949674,7.794138194436157,54.869032653881675,9,4,71.34267916016893
2024-09-21,64.9966469867757,8.580853605875056,59.49374208936544,9,5,93.4372674802189
2024-09-22,74.33994995859749,8.478306297005894,62.75374215070546,9,6,96.64817091537583
2024-09-23,57.244145628961235,7.7424128967534225,44.237874081199394,9,0,77.65454501860941
2024-09-24,48.884158581122634,8.20434108641265,57.741122225345826,9,1,77.71811257884191
2024-09-25,45.44613231392458,7.504750274861895,49.794363916862295,9,2,69.06847033871892
2024-09-26,33.7266828534555,4.8366827758102815,62.11195681683181,9,3,61.684982158627655
2024-09-27,60.248712108566664,6.843249480926717,53.977962805900624,9,4,85.24625722990777
2024-09-28,68.4625800598363,8.777644801595548,64.82186209168337,9,5,98.87720461275616
2024-09-29,74.045355316798,10.055819100595798,60.83208423642161,9,6,95.84163202035666
2024-09-30,67.65764073322835,8.76098805487645,60.14595475236232,9,0,85.29175219862636
2024-10-01,49.94044493056336,7.511454771946887,66.1438637937488,10,1,82.202151131868
2024-10-02,40.58067222245715,6.00757345537635,62.561449757183006,10,2,66.35333866891852
2024-10-03,42.86000412144156,7.448369488245865,72.13411142488941,10,3,82.1495202859022
2024-10-04,53.46323445360662,7.5460424155900006,61.844134468338204,10,4,80.07072952669816
2024-10-05,71.62230885972738,9.238850277136766,63.502948169632546,10,5,95.51355402477918
2024-10-06,71.90722920662539,10.963219168723167,64.57721343784858,10,6,99.01432160573721
2024-10-07,68.06507746873764,7.469274725991795,57.97635808100571,10,0,83.73062374756105
2024-10-08,51.669282985752695,6.102555340474991,56.84729621572365,10,1,72.31046800748915
2024-10-09,36.05630380688204,6.293919881461465,70.36225872027806,10,2,57.68380078169008
2024-10-10,44.25166583488792,6.54341827647744,64.38005620347991,10,3,73.53044544671057
2024-10-11,57.58413471582366,7.38934329003995,60.806994779092875,10,4,83.90577266772293
2024-10-12,53.98555984899188,8.421834584309458,67.12033249572912,10,5,84.34887512390979
2024-10-13,74.24383748454724,8.81089679541282,60.162542929412425,10,6,98.85613937274343
2024-10-14,61.68867398006481,6.618417499786062,61.97430386074504,10,0,87.94514496404383
2024-10-15,42.74481699296493,5.487645557531789,61.6850081715415,10,1,68.20525010970897
2024-10-16,43.76557414048366,6.765049100639775,67.51916385957185,10,2,70.2033682298105
2024-10-17,38.48857458136934,5.360650379203491,63.18688999105797,10,3,63.05882051698988
2024-10-18,58.107097786949495,7.104298830862141,60.564504382038024,10,4,75.10124791644742
2024-10-19,61.987945394539665,8.791346131650958,69.10825396310399,10,5,87.78691565091229
2024-10-20,69.38737090589083,8.585856666207054,66.35583875930975,10,6,94.5223396876782
2024-10-21,65.82137708110535,9.693255266623327,62.789078087464375,10,0,95.31781215121435
2024-10-22,49.43835354604486,6.631733292007106,63.07984484492153,10,1,80.69935333575111
2024-10-23,46.49387652210011,6.923696957430979,67.24884167186481,10,2,70.70630402017562
2024-10-24,44.82592945629903,5.895865222105963,77.03308667399259,10,3,78.07062286792328
2024-10-25,53.30378955491604,6.740966825478868,62.526929438544144,10,4,79.15633129387119
2024-10-26,73.9211550105192,9.623798965018747,67.00670865764121,10,5,100.13002477550594
2024-10-27,78.37620538424713,9.252448105944943,74.72105367877734,10,6,104.93797866726756
2024-10-28,66.31905958424944,7.03682889323924,62.69685358741653,10,0,92.06415359528931
2024-10-29,44.737126499657776,5.37849509281292,64.73153880730345,10,1,71.02835703140238
2024-10-30,43.394980453792904,6.599240757793883,62.99691757373739,10,2,77.67246069207935
2024-10-31,50.01857864088849,6.050142865641989,53.208596353950114,10,3,74.82835613872219
2024-11-01,58.43267038247446,7.268702297781996,70.65898016154657,11,4,86.25671526124096
2024-11-02,80.18929798020467,10.047160260741988,75.75029816033489,11,5,104.20485545954438
2024-11-03,60.142972238349515,7.992983158659835,67.66070254313337,11,6,87.84037347869939
2024-11-04,61.03240424930488,7.544905451682258,76.64747591931398,11,0,95.9647760287084
2024-11-05,60.73556733014284,7.720312762694654,68.53441908600527,11,1,93.62923226125282
2024-11-06,44.44022873014186,5.482709329982801,82.032716265254,11,2,76.8570864186311
2024-11-07,43.65756120187741,6.49369774854623,67.04343721634497,11,3,74.45019802824575
2024-11-08,43.78784676884154,5.663583679367108,75.39791780167424,11,4,68.9158433497847
2024-11-09,72.82391953661863,8.291943467831457,82.03261095706017,11,5,105.79929591666308
2024-11-10,62.473038808933794,7.7205329259216695,65.91144273760672,11,6,90.13289633090814
2024-11-11,68.44134278114662,10.070719263145826,78.81265940273464,11,0,100.71935484982238
2024-11-12,47.71753246496079,7.13794915582469,73.20230177136453,11,1,83.58238259783192
2024-11-13,41.036180181479345,6.723308766660238,72.88174766248103,11,2,72.12449503057817
2024-11-14,39.54851360003515,5.343823633185046,86.57287460122589,11,3,71.62542877447774
2024-11-15,53.62817176469211,7.804752288245116,75.52211871679013,11,4,84.52664225471115
2024-11-16,70.2993853182041,8.93207682687859,74.2006685125929,11,5,100.88455428355849
2024-11-17,71.32670757161692,10.558920847286432,74.90921927485608,11,6,102.47692161604697
2024-11-18,64.17278061673309,8.069306660244173,72.20304610571637,11,0,95.03598752920821
2024-11-19,51.25120995676699,7.3530265047056105,79.0570488854832,11,1,82.9896712309231
2024-11-20,33.57333310503459,4.636781807217416,74.50313356333494,11,2,65.59667844434523
2024-11-21,43.60260228919339,5.931674109325932,69.50417369803317,11,3,68.56771971490171
2024-11-22,57.33484128431789,7.849344186858589,74.5654032876141,11,4,88.52634995470787
2024-11-23,66.76150222506786,7.415787435446888,79.44961358198982,11,5,92.273463303214
2024-11-24,64.30481170137082,7.13736571812529,69.50655073459386,11,6,86.71233935252673
2024-11-25,61.55755462854766,6.996013491131793,77.84235062507405,11,0,92.77574674596715
2024-11-26,51.78724500822647,6.614983457450288,85.0320770740473,11,1,88.88698156338646
2024-11-27,44.955072270461486,7.332775263583355,71.38922594807924,11,2,82.57674062162687
2024-11-28,46.90026626213533,6.73125657284743,70.29465178340928,11,3,76.63272074594157
2024-11-29,53.3500582656399,7.395799740362405,83.95815787434476,11,4,95.66586304499388
2024-11-30,69.86097464883453,10.09582160509625,68.6470187631113,11,5,100.2708536862992
2024-12-01,75.07008467224514,10.125019263586491,88.60105681379954,12,6,107.76097955320827
2024-12-02,57.31633713718629,8.014795311026802,87.47048399255017,12,0,92.35194353894403
2024-12-03,50.81340699091343,6.635117001854352,85.31879378872917,12,1,89.21867122660164
2024-12-04,36.64221531671007,5.5995777355388014,85.16091012575984,12,2,71.48305381652888
2024-12-05,37.58357024472403,5.8702359560545485,86.07073021703528,12,3,67.30288416236804
2024-12-06,48.56855072915958,6.182961613616635,83.40073840573118,12,4,86.59249961734238
2024-12-07,59.713299177763524,8.721351431717967,94.47873900901436,12,5,97.69061597393649
2024-12-08,68.62890448889112,9.671540237504853,96.9704513148977,12,6,112.36769133031795
2024-12-09,55.53907582249398,6.5875311933592995,83.63983148673725,12,0,87.26081008507494
2024-12-10,45.811892128812175,5.678207125135905,80.45348531586873,12,1,77.4951316087299
2024-12-11,43.03267970167677,7.419830669328457,94.60585493835656,12,2,87.22336138245812
2024-12-12,41.434279945212005,6.346861022213343,90.5952397002692,12,3,78.87508203436224
2024-12-13,51.37443054436489,6.8393496959172175,86.93664101505301,12,4,84.57086032978218
2024-12-14,65.57991319327039,8.038584961654765,82.43808197744464,12,5,89.45917073010003
2024-12-15,72.6212844153452,9.610286132320377,80.04682146657416,12,6,97.84251689060679
2024-12-16,60.14527083387992,7.545813730542588,83.31055054415145,12,0,95.38107309037072
2024-12-17,52.611015965365155,6.250256772829315,89.76735175769814,12,1,92.10515597946883
2024-12-18,39.10034276095688,6.461516965316811,95.36797264932306,12,2,84.79048590735036
2024-12-19,50.025684913186076,7.151743092929873,95.14430520339825,12,3,88.39840752703911
2024-12-20,66.99509448944988,7.70708569436833,85.28767243890516,12,4,99.74336704779803
2024-12-21,63.108241508122596,9.17791576439965,81.77001887671479,12,5,95.67667028678038
2024-12-22,67.046077986028,8.668487916275183,89.2757238824802,12,6,101.46184114824281
2024-12-23,54.43258343098547,8.071119233804025,87.29099069828149,12,0,96.32736572935319
2024-12-24,37.96989069642051,6.244002386625782,76.60438903298085,12,1,67.45449929531567
2024-12-25,49.12820651998136,6.5308083332467906,86.35681544221958,12,2,79.34291214663122
2024-12-26,39.07891551307319,4.4717915955852865,81.0889251292628,12,3,75.16544137355847
2024-12-27,60.89434502000546,6.650381194190004,98.35059180867566,12,4,96.21994498273449
2024-12-28,78.13935394502627,8.889123365934733,96.91377567572947,12,5,117.23958229741469
2024-12-29,77.89223666815231,9.167742153147161,94.711411908876,12,6,117.13860995333305
2024-12-30,58.467263515579766,7.72002955526164,90.61368541562034,12,0,88.09321617415347
2024-12-31,53.58185453244131,6.7095164019559865,91.70006696320027,12,1,100.80691485875141
2025-01-01,35.790231931193055,6.055338832509078,104.07800683017686,1,2,74.00679714971136
2025-01-02,38.40232628569794,5.006482461539815,105.42232269442844,1,3,76.95311291623632
2025-01-03,56.664892933801454,9.564061069060148,102.47537515731712,1,4,99.18164316485132
2025-01-04,75.78950789866046,9.928852276699653,107.60855821231625,1,5,119.57881612832783
2025-01-05,71.19851591895132,7.622566541817134,109.13905748576096,1,6,112.58319384445694
2025-01-06,61.88615473994949,7.62878636111242,107.83662507323454,1,0,105.45592327038723
2025-01-07,49.1725478923994,6.674131295840231,98.422152218034,1,1,88.31418946287991
2025-01-08,47.83522054471644,5.250837383315233,102.73330279653955,1,2,91.89907697332573
2025-01-09,38.04153211308929,7.484605498454454,101.49858854653728,1,3,93.37813947550889
2025-01-10,57.277369841329275,8.575351996138671,103.08025484581547,1,4,96.42569032517139
2025-01-11,70.79433656087221,10.135822580269105,104.2769331245185,1,5,112.83518691221612
2025-01-12,70.88486198554371,9.584119902636429,102.36112777696775,1,6,114.11301207192435
2025-01-13,63.56998008067278,8.203774886278941,99.11186018465126,1,0,108.07542563228778
2025-01-14,36.6807928600504,4.889501890857067,90.0180508172232,1,1,77.66498513996503
2025-01-15,43.50738185225717,5.857233315723427,109.94471874185507,1,2,93.94394540741706
2025-01-16,40.53094717689555,5.388629531698827,106.97255537914522,1,3,77.1831568535037
2025-01-17,61.12293308124412,7.404201889671055,105.76844428471864,1,4,107.71875285832917
2025-01-18,60.05786043825791,8.105241169645486,101.19828120697402,1,5,106.43924166225267
2025-01-19,74.53838544333917,10.312226748018581,93.74879496019328,1,6,113.38195924106084
2025-01-20,57.060152436794894,8.045250308011871,113.83563191505561,1,0,106.99913952036644
2025-01-21,52.09918300736016,6.810523326634776,108.08951019089916,1,1,88.66785219783156
2025-01-22,40.5378078652976,5.142114565750902,110.69708637557572,1,2,86.58227527634595
2025-01-23,51.58143683634833,7.480313278109748,109.23926376708818,1,3,99.92794453828556
2025-01-24,53.03848530036338,6.891325756303731,116.11485905947876,1,4,95.43440471972184
2025-01-25,66.02095217208586,8.377928784382169,104.56344922367443,1,5,107.26121342719499
2025-01-26,69.97969730096904,9.232266596745173,100.40641686905856,1,6,110.99201066513608
2025-01-27,57.13090811115328,6.710934083495425,103.51377742002701,1,0,91.1705853747159
2025-01-28,49.387252294403254,6.644455066892098,101.14585592886684,1,1,86.30435847320145
2025-01-29,50.06476200579139,6.800254296339972,106.93752601265113,1,2,97.91974483702955
2025-01-30,40.51428206194007,5.487750631476969,112.23836285670048,1,3,76.5504147042723
2025-01-31,47.726035432900765,7.760961550209549,107.28404834011393,1,4,90.48385068506475
2025-02-01,71.20495320596389,8.482944196640558,115.79799637799145,2,5,117.47103948827048
2025-02-02,67.03220952851179,8.582989134738936,121.6097152066097,2,6,112.53253139092047
2025-02-03,66.00103239319691,7.3297012436644575,126.75053852416214,2,0,113.32204794530956
2025-02-04,46.99628083137061,6.019205883008822,115.75390874853652,2,1,91.88825066377552
2025-02-05,48.27910022610962,8.2659083015153,111.54478062375006,2,2,101.57375798984843
2025-02-06,44.6605237822955,6.333309550024498,115.62461086112597,2,3,89.22867044853069
2025-02-07,46.82999470716448,6.195145490246399,106.42987323082744,2,4,90.02794331459728
2025-02-08,75.88408229989318,8.9848600605635,106.83492022228312,2,5,115.1057814875021
2025-02-09,70.96040659766695,8.906188215263724,115.58072884007017,2,6,120.6536955429529
2025-02-10,63.17183730687262,8.245554297042558,113.76560599255174,2,0,109.3556037888981
2025-02-11,51.15358495707974,6.510893649101356,117.94315568301333,2,1,95.61572962788976
2025-02-12,39.87025747378603,5.9610938280213395,105.34350224557116,2,2,82.32351740290773
2025-02-13,51.62463646564901,5.624177558860287,126.65237938665622,2,3,104.21422590140035
2025-02-14,56.513712487489755,7.520432489199672,110.30933541190574,2,4,99.69724271656392
2025-02-15,65.99685323736247,10.312321062338636,121.81390867519784,2,5,114.98537143539237
2025-02-16,65.20300539979874,8.695795812203514,103.02915182056276,2,6,107.27824387183266
2025-02-17,62.33106520569831,8.15067033547669,120.85469443003286,2,0,112.22885153915234
2025-02-18,49.89693951618488,8.44765282607855,114.5142825055822,2,1,103.51725671116746
2025-02-19,40.01500214134871,5.128956305127356,108.40791737674307,2,2,87.06812674643425
2025-02-20,40.20823634607146,5.651621518417217,116.30275919776622,2,3,93.86725394630729
2025-02-21,58.32037024770537,7.3079242685283425,119.97538688976812,2,4,99.85873002915265
2025-02-22,73.17680733147787,7.3840159654934165,120.35377726428918,2,5,121.47689404583446
2025-02-23,69.67150908435153,7.794577179625527,111.6316244672607,2,6,113.88302760464559
2025-02-24,47.00047022658443,7.698009263851568,121.42941937721291,2,0,99.57854072036342
2025-02-25,57.472225462933864,7.808510173990497,120.14961417120898,2,1,109.36211230668769
2025-02-26,35.598480369253906,7.40048818637174,120.45037921319809,2,2,89.74568576250749
2025-02-27,36.881594166025764,6.41976557900975,123.3587699130606,2,3,82.79181901023424
2025-02-28,59.41276390640803,7.108158069254296,118.86314541371304,2,4,103.67346259569473
2025-03-01,74.60444964233665,9.04251323437888,136.90815255114506,3,5,133.19746690635546
2025-03-02,65.70804083339486,8.328458399573858,117.58730816372326,3,6,115.8081281942396
2025-03-03,59.23713224648157,7.841268875244726,108.79786360405042,3,0,105.27037908142685
2025-03-04,45.797609377398615,6.203674579226654,123.29328765727772,3,1,101.84087476967967
2025-03-05,34.928985128662895,5.130264031762479,113.52048184662729,3,2,80.34078260792447
2025-03-06,38.890414643556326,6.475807876008586,121.79123661479389,3,3,83.75938172010368
2025-03-07,55.97636909922669,6.919644618561261,123.7127543134167,3,4,105.12822371503158
2025-03-08,62.676598288292425,8.85050628214941,119.7984910909206,3,5,107.43322124966195
2025-03-09,69.18168673678133,7.877023380642342,128.9414197600943,3,6,115.91667510548135
2025-03-10,69.90042139184425,8.79647906822724,117.3119839770783,3,0,119.55666711659289
2025-03-11,47.23560494782259,7.436019748530411,131.77563884455927,3,1,109.34873316296219
2025-03-12,44.09342886308978,7.551653304783728,128.3997259259045,3,2,93.07695024126585
2025-03-13,42.276556008988514,6.913951741567244,123.57571626482803,3,3,96.7706884268475
2025-03-14,54.37608247217386,7.090582132691378,110.54475769741164,3,4,103.66805506733355
2025-03-15,72.68093763140898,10.003347313709064,120.23138784773676,3,5,121.16075501145964
2025-03-16,66.11506803875112,8.626800070355925,112.88576179661844,3,6,110.20242126400564
2025-03-17,52.14503895312546,7.055489053596555,116.84434895739099,3,0,97.22506991901234
2025-03-18,42.74519615344914,6.443918097388868,123.44978429130546,3,1,93.69158656471285
2025-03-19,41.29313154822757,5.315374145661108,112.04860622931041,3,2,91.24585075132369
2025-03-20,48.08905557887878,7.893062333988691,121.4117604789074,3,3,99.64957068449029
2025-03-21,60.19425618860765,6.539158386647987,112.65862004011805,3,4,103.08196233478925
2025-03-22,63.84910834826415,7.398051823304229,119.88684813046741,3,5,113.62223185238066
2025-03-23,59.32510023545702,8.3948007139452,112.49113111665736,3,6,104.51684295075334
2025-03-24,48.05865110355162,6.509873827778977,108.45919871373741,3,0,93.76721559723343
2025-03-25,48.482036615240325,6.135948915290541,127.30709868134487,3,1,99.45145603734518
2025-03-26,49.32137805451091,6.422339640215002,133.9869466575394,3,2,102.49125261356089
2025-03-27,50.24865585642877,7.132033336160045,118.32826358318762,3,3,98.97713716396575
2025-03-28,48.76038677129912,6.360036947693558,125.17499400492649,3,4,89.42507993596232
2025-03-29,78.04628428817799,9.711983950689662,105.7718903271816,3,5,119.22187779911613
2025-03-30,75.81649184222536,9.215157054882383,115.63977840324786,3,6,126.48146773303014
2025-03-31,63.74508984506775,8.341455785708384,120.27051591630098,3,0,109.62636266894897
2025-04-01,48.50767209546133,5.800695636635634,118.87695261428489,4,1,97.59500241813906
2025-04-02,44.441807854673996,5.63935401601371,111.4318659229955,4,2,86.39033666190585
2025-04-03,38.7703641037827,4.350106463447494,106.14105287472216,4,3,81.18839050777123
2025-04-04,63.90221077483775,9.358076411941973,104.31707789441542,4,4,110.99591407831515
2025-04-05,73.20004397741015,10.376609626728772,121.5476632860273,4,5,122.62296609009113
2025-04-06,71.74152226402424,9.453353122818424,123.65704315630387,4,6,120.71646599099427
2025-04-07,59.574833640856895,8.26278032374151,114.76910486177502,4,0,104.23396436764001
2025-04-08,48.02999116013603,6.816797358408139,118.21581479863528,4,1,97.27814809826097
2025-04-09,48.25646756322953,5.994537475821641,113.48254673749705,4,2,89.85584094507304
2025-04-10,40.45127191886626,6.154444360478449,114.59711603222769,4,3,93.2490477879883
2025-04-11,49.49148776425493,6.538300758362254,121.37570908511788,4,4,95.16843756311327
2025-04-12,64.69766393969493,7.801435063892611,122.06328833341254,4,5,112.00774964143604
2025-04-13,60.26137493564837,6.534926332998278,112.70658720075672,4,6,103.03151621778264
2025-04-14,64.8165798868887,9.468255108773906,120.2991660755554,4,0,116.81319941364416
2025-04-15,45.58661253933245,7.119416777180515,115.58176167193774,4,1,86.91741532670868
2025-04-16,35.45924773057208,4.818508893167879,115.1992573196823,4,2,82.18411328042
2025-04-17,37.48405947090972,4.990125380554727,126.49177933478052,4,3,90.32566495898004
2025-04-18,61.738189464308554,8.89846987448917,115.95880635869996,4,4,117.36583998503075
2025-04-19,60.10284828649421,8.135042883921075,113.4850890293882,4,5,102.82622202250747
2025-04-20,71.19479370257973,8.965568515939289,105.740751408737,4,6,118.7677001612018
2025-04-21,55.56669056783693,7.418009629672827,125.73777549606771,4,0,106.74903707414713
2025-04-22,40.873633578301465,5.848655943922216,116.7910373239758,4,1,85.48082844820281
2025-04-23,35.51852093121859,5.770217764764885,120.47559000886793,4,2,79.49696183358797
2025-04-24,42.03563028712311,6.558903454851179,109.7286659300382,4,3,89.34050001344686
2025-04-25,54.42305701006851,6.783297312786674,106.12802460820512,4,4,95.57059969250992
2025-04-26,66.84537400658547,7.627137951498685,121.96126220772835,4,5,112.67724765793037
2025-04-27,63.500259370553245,7.804619993531037,104.33015972506645,4,6,103.52925769824303
2025-04-28,63.7379265202204,8.005200903779542,121.63945521344492,4,0,118.67368715311788
2025-04-29,56.033766269273684,6.752977850848728,114.62914568927273,4,1,100.497284460358
2025-04-30,40.43139734034994,5.959175441499338,122.15745389314671,4,2,92.9611608459273
2025-05-01,45.98397923098174,6.969616642467619,106.91901612190381,5,3,93.44482414852702
2025-05-02,52.239213503770884,5.609296869786786,89.47334133770988,5,4,83.65089022341742
2025-05-03,51.056798091823,7.46549395881301,96.25698969484581,5,5,102.77900568856107
2025-05-04,69.61032241683827,9.411067426668856,121.71256866596792,5,6,117.67802651369038
2025-05-05,59.25610905660692,8.961827096310607,102.58222494903671,5,0,94.26593763695797
2025-05-06,46.65372749742982,5.989347896276895,117.85741712294633,5,1,91.71343220704635
2025-05-07,41.40245134444363,5.955100940833189,105.33945301708155,5,2,73.5713559273881
2025-05-08,41.82913171333372,7.297273669241241,110.07705780730186,5,3,85.94397880229035
2025-05-09,60.21124943235697,8.001786311820437,105.02907255440552,5,4,104.85817274591037
2025-05-10,65.10466495319044,7.7464763784380555,109.10957475423916,5,5,104.96170540632711
2025-05-11,72.7583849947148,9.700521716427177,106.36959632810378,5,6,116.14727110593586
2025-05-12,64.82925771768333,8.853563106127238,114.09485351129628,5,0,115.13306091507867
2025-05-13,43.4552508634938,5.209837325278578,108.72950496999873,5,1,86.73960072222337
2025-05-14,29.671288141125306,3.9908409543179735,109.14892433863166,5,2,71.58331759256357
2025-05-15,41.64848391890611,6.026917049451521,110.81546096643369,5,3,84.06031143992739
2025-05-16,66.29968149214682,8.496060413723876,105.75119703678077,5,4,113.79012162338697
2025-05-17,70.41324125153332,10.364444369261502,106.22821123309437,5,5,118.39776961517937
2025-05-18,67.11656620498715,7.99931462200592,112.99618234019685,5,6,110.07163236150026
2025-05-19,59.09342083227886,8.763822160016332,111.25858776247199,5,0,100.84552616544087
2025-05-20,49.296910844813304,6.271846341646738,104.24800478126205,5,1,98.83783013396379
2025-05-21,37.08383002229666,7.005687582835544,106.11617107776017,5,2,85.04563820753837
2025-05-22,50.57713108745132,6.423427295247192,105.53803524178673,5,3,88.49930173053845
2025-05-23,51.194330402706974,7.668627492980033,97.09512774298042,5,4,90.83522534816429
2025-05-24,65.90463487061336,7.582089319296581,101.96292611265585,5,5,101.5899726350943
2025-05-25,73.02436293680023,8.103399425497225,95.16139269888977,5,6,112.41434938145528
2025-05-26,56.13519333953832,8.11242332994031,102.34870464272886,5,0,102.68780354162698
2025-05-27,50.830844297461965,6.481702831031055,110.65769562532321,5,1,92.19310929940977
2025-05-28,39.194807381847376,6.027410901829224,107.92482864706156,5,2,81.4265148526541
2025-05-29,41.97559353815754,6.571486929240107,108.21418581254635,5,3,89.06415223959488
2025-05-30,58.54244509128264,6.537474303754669,97.68579370178952,5,4,99.29873326543765
2025-05-31,71.25591584009881,9.29162675174523,113.70568556306472,5,5,121.7918451175189
2025-06-01,82.18241617080933,9.94558056356002,97.23153550182002,6,6,116.24077772813453
2025-06-02,76.57560130863027,10.106786329808408,86.02349246746437,6,0,109.27949085230323
2025-06-03,64.52494803589802,7.92434238720551,85.1508273509568,6,1,93.05663918653616
2025-06-04,69.07891538774044,8.911349401092371,87.80452495501899,6,2,104.46010732155902
2025-06-05,60.78742609381534,8.293997538087645,79.66453122980154,6,3,95.05525388637676
2025-06-06,66.75958121936095,8.683699474277596,86.40641936034696,6,4,97.98432636822157
2025-06-07,86.01982741571608,10.251593223373106,96.25594829055287,6,5,124.03975920094746
2025-06-08,85.11437024956123,10.650357413609676,99.06875529258733,6,6,118.24475243820152
2025-06-09,89.88284539236787,10.090897158868996,78.5329568408216,6,0,119.62591025130804
2025-06-10,74.72316350250512,11.250655018492568,90.06835876460838,6,1,114.77890520445533
2025-06-11,59.79160839399555,6.031590421651578,97.64066931863134,6,2,87.3679363568221
2025-06-12,61.78655329384855,9.510926359351842,98.68474481767028,6,3,104.31071590173605
2025-06-13,74.78636135454784,8.358750651737115,101.48078850426883,6,4,112.91428253418404
2025-06-14,81.59805778717171,10.577967898085008,94.89390985303693,6,5,116.1584320404373
2025-06-15,97.51630547255928,11.735881141428235,102.29526812953647,6,6,147.72386145291802
2025-06-16,79.52241554919418,9.465633007737317,85.89197254606692,6,0,109.47944161027607
2025-06-17,69.39092919652239,8.144808512359264,93.9686197488402,6,1,103.25884926714197
2025-06-18,64.65566917490129,10.02365667454798,96.13656166935036,6,2,103.32052371492955
2025-06-19,62.57929976510132,8.879497998339254,78.76970537529019,6,3,95.5255608168165
2025-06-20,78.33654659670015,10.901847338074065,85.07004768882643,6,4,107.61587557533991
2025-06-21,90.93161140232826,10.802246683938236,84.41244562911297,6,5,127.87268096310147
2025-06-22,88.82603136235223,10.841828716876,91.03581794263906,6,6,126.75483193428417
2025-06-23,85.25891859640012,8.79321827415256,89.13255829332071,6,0,118.68153053206444
2025-06-24,71.30124588311332,9.53029732439262,91.45213804830568,6,1,109.67642149003424
2025-06-25,53.96930425373423,6.559485406015818,82.52863671078988,6,2,84.16954372507121
2025-06-26,72.4498566846608,10.322056952063868,92.04590048710304,6,3,116.82836870070354
2025-06-27,80.23074229861466,9.954491733085769,82.98660262952156,6,4,113.60125367987017
2025-06-28,86.75536606219832,11.321552494424228,88.56306510927176,6,5,119.18415563172134
2025-06-29,89.58894802648825,9.859425725257227,109.46377043310422,6,6,130.68062252284787
2025-06-30,83.83311399891387,8.991965280382779,85.63430075769769,6,0,125.38152694698591
2025-07-01,66.79380233199092,8.677964071560092,76.39503873984917,7,1,102.40557868120943
2025-07-02,61.233360923830695,8.679315869572784,83.82593335583582,7,2,94.33006367610722
2025-07-03,72.18880955354061,9.10771121683683,76.82382033841728,7,3,94.2209560687263
2025-07-04,82.97020193740316,9.47808087002323,75.83388291522282,7,4,100.89881691065459
2025-07-05,86.7101602956252,9.32194005322006,84.85023734703695,7,5,119.50036380408426
2025-07-06,88.58827724394445,8.901345370590734,73.20463736148126,7,6,113.5710569444458
2025-07-07,78.31039984141064,8.878641507992247,62.580049943892426,7,0,105.60661531759752
2025-07-08,64.64217173029381,8.455037748661088,75.9992436563645,7,1,92.64485305892553
2025-07-09,60.032689582964075,9.497743421894992,76.59988934394943,7,2,90.7190001276549
2025-07-10,62.12660036080653,8.995480835335414,60.63625452236762,7,3,89.78903313019698
2025-07-11,78.06515970478512,8.20965194212827,77.23013048559243,7,4,107.15478164366718
2025-07-12,77.88715684548188,10.461847321530282,74.85837787850133,7,5,111.8944116540845
2025-07-13,95.28080190973279,12.559465899469167,80.08621348515636,7,6,122.95184659104828
2025-07-14,84.44724195291192,10.506217600504987,69.69156664243125,7,0,114.58656855587627
2025-07-15,69.47414307028603,7.328884748064796,76.3644703253426,7,1,96.90937928864341
2025-07-16,49.9580114247726,6.656379405856156,75.10387083505317,7,2,74.47431854087606
2025-07-17,68.07136151488787,8.515802090239639,73.97822476876685,7,3,90.21314313907077
2025-07-18,69.39815673777959,10.391070516120996,79.05384990541263,7,4,104.42339556355415
2025-07-19,82.34938921354303,9.419133682440641,81.58078013959934,7,5,111.01436849974968
2025-07-20,92.57531519228479,11.63552990350271,81.10544180960358,7,6,121.20798520117398
2025-07-21,81.7904213770674,9.592159694350794,77.2978638986646,7,0,108.0276563373577
2025-07-22,71.8690901434415,8.768094670365597,85.442184029774,7,1,107.23290356943923
2025-07-23,54.990933825191235,7.720106839186824,69.71911426908639,7,2,85.45000966591529
2025-07-24,71.71252982439677,8.903836666440199,69.94593356147813,7,3,93.62391621225392
2025-07-25,74.16749710900903,10.892040390167583,74.26866634536489,7,4,110.30887687109325
2025-07-26,92.96073113632511,9.817237791962608,74.37167315206759,7,5,117.87834627182771
2025-07-27,93.96856327507084,12.458659486117105,70.58259402077597,7,6,123.1765437704469
2025-07-28,84.47316826901576,11.08694864168833,69.37484900630061,7,0,107.69793046947541
2025-07-29,65.87655131407247,8.238537760947496,70.66108165788202,7,1,105.35856013976775
2025-07-30,58.704010069010096,7.638828336052002,74.61054383972362,7,2,90.09264569109828
2025-07-31,65.85121150881726,8.164881031012772,83.82326804930503,7,3,99.910709147926
2025-08-01,85.78764163397258,10.285894441647146,65.71650414692138,8,4,109.07837408952363
2025-08-02,81.59629989293792,9.868867216786832,77.61988743339242,8,5,112.42085353317582
2025-08-03,94.32959919958694,12.367976698420552,59.02750070742036,8,6,112.08144533398857
2025-08-04,82.69222827829076,9.571658772777518,59.15045001504235,8,0,107.70856218767814
2025-08-05,69.58393778631293,11.033675833468156,58.19186541315611,8,1,97.82474136699194
2025-08-06,51.75231120675504,6.061816444699501,56.88998508166189,8,2,70.2191660244635
2025-08-07,63.63610906358083,6.8559509729942345,63.64242121939528,8,3,90.43413879273459
2025-08-08,69.19515057266062,9.063959770719194,63.85073342230423,8,4,94.36038688828731
2025-08-09,89.12376709514979,10.753739689638806,61.51377887849435,8,5,110.09397275099295
2025-08-10,91.10090755516366,12.438572141984356,69.11459111981247,8,6,123.92543612815476
2025-08-11,71.8261719041101,9.948708264253026,69.23411595099854,8,0,99.74594875173302
2025-08-12,64.7981995778461,8.741747790843034,46.47292040522075,8,1,80.11820120240496
2025-08-13,63.20752440559298,8.137897375604975,62.1305973967296,8,2,85.09849916985115
2025-08-14,59.467876857030426,8.495411966015222,66.55866588070158,8,3,81.7558932312487
2025-08-15,80.33052702531326,10.007672967394067,63.13649751942509,8,4,111.69759313742914
2025-08-16,86.28946959628384,11.645418280515498,69.42212521297493,8,5,113.99126255194227
2025-08-17,91.05593888439694,11.001541877628918,66.93880259455527,8,6,119.6600073497538
2025-08-18,81.87174311149177,10.1558969397474,60.541986028538844,8,0,104.33367710098092
2025-08-19,71.62625901796693,9.903560897861702,67.42130259768021,8,1,97.18685458997383
2025-08-20,48.65105440768794,7.891202276174694,65.420500725119,8,2,82.27818765407412
2025-08-21,72.36698232311409,9.165612097075027,59.332983849970596,8,3,90.46420596545934
2025-08-22,80.2057028369264,11.045470419731847,72.34217695374349,8,4,105.25263282707577
2025-08-23,89.57448133215574,11.782579406794929,64.02069230274206,8,5,111.71991326584242
2025-08-24,87.83967815315704,10.684813675173555,73.64066149704573,8,6,110.98760219495334
2025-08-25,84.01072334121687,10.505237993632553,62.28428764245826,8,0,108.18953780563051
2025-08-26,66.51096305831756,8.848267835470631,66.21159928554535,8,1,96.8078253521373
2025-08-27,52.85528634067177,7.901967663609124,64.97688696633008,8,2,87.821165381304
2025-08-28,65.85786452067195,8.008402333702884,56.75869041161901,8,3,91.97060253605548
2025-08-29,68.73035669840033,10.009944048673997,59.29510305767288,8,4,98.37024029489294
2025-08-30,85.72332433803868,11.014025710539611,56.43773970002217,8,5,111.04492130525801
2025-08-31,96.59745868568709,9.67115388383314,58.83493116890917,8,6,114.92822671159337
2025-09-01,66.39725212103787,8.605446547298996,53.4318159048282,9,0,87.58617563123674
2025-09-02,51.82379380465639,7.038131602093989,56.1472842393646,9,1,71.82630345409899
2025-09-03,35.93093143119858,5.644105044833152,61.29992101922029,9,2,59.03224382906863
2025-09-04,35.217085396567704,6.699858179055173,51.75680372370968,9,3,57.49513134250862
2025-09-05,49.14666799058694,6.413992405174053,57.615350662229204,9,4,73.43310778971266
2025-09-06,63.81919875693624,8.439407341414187,52.53096244381051,9,5,86.27518059909907
2025-09-07,72.20995325964844,8.569143036999511,58.73370728485582,9,6,90.56907527882944
2025-09-08,54.63114283596728,7.076567810200768,55.281570451278085,9,0,73.68653236551086
2025-09-09,52.35285536424864,7.187127341718477,60.187432692592886,9,1,71.15567446525701
2025-09-10,35.38821573292116,6.401800292390988,52.31183839296611,9,2,66.67860460651285
2025-09-11,47.17448621426383,5.582413089740067,59.36297114811181,9,3,69.31485029708263
2025-09-12,56.3615827553957,7.008729855587646,50.11350380959396,9,4,70.06266097138322
2025-09-13,65.77528667381164,8.457372850684012,63.041300275266046,9,5,92.59913657204795
2025-09-14,66.0766487256285,8.507391265596569,60.188477727611286,9,6,90.54243255293771
2025-09-15,66.61901343886312,8.403740401257116,59.87594825962395,9,0,94.59304369373586
2025-09-16,37.30983809593276,4.198971525257974,62.68063600317399,9,1,62.48315163720211
2025-09-17,39.10315175923447,7.027275480218001,66.94619989532939,9,2,67.01785431712084
2025-09-18,39.13878692818323,7.0060901495415004,48.407274469931785,9,3,61.43020919559928
2025-09-19,63.77044896941058,7.441372280760967,62.844226481042384,9,4,83.34144388259205
2025-09-20,70.06588642309441,8.563809448772274,58.917284096334775,9,5,91.67030101143035
2025-09-21,65.72427547269086,9.433315231484796,52.73164557877813,9,6,83.38672531467058
2025-09-22,68.73173179710177,9.809212879489642,52.86277165788647,9,0,90.2618152696346
2025-09-23,57.126125123676545,7.751104889854418,60.92777370075687,9,1,80.95604405644637
2025-09-24,40.6530385911263,5.931859864355671,57.63750578121345,9,2,67.05524242234875
2025-09-25,49.988174594956575,6.657344249087815,58.3027921476207,9,3,68.2809562956016
2025-09-26,57.35245345124393,7.626927082136433,63.62002586183581,9,4,88.95999384133043
2025-09-27,58.822594981981176,8.56736657357185,59.02276488662557,9,5,85.1403083158396
2025-09-28,66.93813249603868,8.100501347390635,57.27547411502596,9,6,88.58170975274425
2025-09-29,65.16213995799731,7.7853830125352275,65.34142577382961,9,0,91.8137413326745
2025-09-30,47.39848791751068,7.60440180455981,59.62857096236148,9,1,75.40000179992013
2025-10-01,41.7815791521331,7.011216510980365,71.39435940519806,10,2,75.77556127997995
2025-10-02,42.21950408862907,5.993269362541143,66.46016966777582,10,3,81.33572615697717
2025-10-03,49.94658164112462,7.036836003431899,54.202782190100514,10,4,64.32487995038677
2025-10-04,71.20234950220005,9.585155325781294,58.59391178027385,10,5,103.73865691628947
2025-10-05,69.66613296798255,10.117331116970629,69.23109736310714,10,6,100.46346475473234
2025-10-06,69.4753974114611,9.168359421645867,50.94259002855516,10,0,91.6856166148103
2025-10-07,43.16242995071881,5.271757067105622,65.75847750080548,10,1,69.6778633417796
2025-10-08,39.566256909736325,6.541978429006498,66.592374521272,10,2,66.57729873119598
2025-10-09,39.65744863764712,5.404156784414274,62.67426761520603,10,3,69.55685425884181
2025-10-10,52.36518917544142,7.6381712970146785,55.84317347989506,10,4,72.95186668159555
2025-10-11,74.66912019947233,8.848341018304177,67.95594860838689,10,5,103.48680015280553
2025-10-12,72.50958826320546,8.476005248599442,55.50877275323183,10,6,96.2318841037598
2025-10-13,65.66487273511389,7.659454995960919,63.74376248857846,10,0,87.11889137450206
2025-10-14,50.54062839304912,7.675022442347294,67.81033335576336,10,1,75.15833698563502
2025-10-15,30.97779339217881,5.0487623087020825,72.20187809540022,10,2,61.79224784313001
2025-10-16,33.277707828401994,4.412028182367289,65.84868474773971,10,3,54.44216832377921
2025-10-17,45.09815034732079,7.095358145023692,70.48165892572192,10,4,88.93784045868043
2025-10-18,67.3516079257884,7.866361300484928,65.56361478044133,10,5,89.26548026534321
2025-10-19,75.10348851594729,8.476361920300342,57.69490619041472,10,6,101.92437259181972
2025-10-20,67.06866617286461,8.382020827547363,71.49571381348716,10,0,92.62897018452541
2025-10-21,45.77060481242455,8.241950580318317,62.86045908068237,10,1,74.43804537954502
2025-10-22,42.19060005107605,7.204424983656794,72.77271544103905,10,2,76.63217751383593
2025-10-23,43.25208475170965,6.363216925423194,77.33995003608688,10,3,79.43137624885804
2025-10-24,49.735223248757435,6.938451443005151,66.958022192215,10,4,77.34261714292668
2025-10-25,66.04576625782416,9.06419650168353,66.26942439152045,10,5,92.13453928753785
2025-10-26,68.48336907287205,9.528400317724406,58.085916287421874,10,6,90.68603540186207
2025-10-27,61.96503026068538,9.47984818597558,63.70854803822762,10,0,84.30000081017779
2025-10-28,45.42130761721057,6.286121531494933,77.11234941415272,10,1,72.15573503051496
2025-10-29,38.00813826521799,6.533743775025243,68.90268543836432,10,2,67.68407790211343
2025-10-30,43.004250712654326,7.5758804669225395,60.64021212491393,10,3,65.62584657332808
2025-10-31,55.785712511028656,7.429537650832225,67.98209168283515,10,4,74.16778163553974
2025-11-01,67.41233605365802,9.32451644728059,74.85566032767741,11,5,101.99380270690229
2025-11-02,69.8618548643087,8.728095251677017,81.22398084181232,11,6,101.58851592291956
2025-11-03,48.474647469836654,6.091156023276548,77.2346289991398,11,0,75.0156967499834
2025-11-04,53.658038694499794,7.999397060518548,86.00169140667545,11,1,93.53282492509517
2025-11-05,38.18898464886129,5.994920585658424,77.64706270047247,11,2,65.6754942967015
2025-11-06,46.679893149393116,6.647401673938373,66.22300784778056,11,3,78.4340100418797
2025-11-07,59.218556798407135,7.341534695842073,78.97820530994736,11,4,91.85787875109666
2025-11-08,70.89550128417704,9.843630920311497,70.16648956429226,11,5,94.71113804234732
2025-11-09,73.16385438388238,8.42742092360858,75.43859906865538,11,6,105.2319328446859
2025-11-10,63.484335049675884,9.029998629498253,63.46723408840925,11,0,84.081908303449
2025-11-11,43.85823747898388,6.819160551259282,85.2036814502035,11,1,80.45060753763681
2025-11-12,43.78527106375548,7.1199345297500205,66.08260414699384,11,2,72.7697084043837
2025-11-13,46.846618856140545,6.451744450035714,65.23009681448805,11,3,81.78019350612433
2025-11-14,42.13235481033922,6.480445087045862,65.0736939023714,11,4,61.57245498889389
2025-11-15,72.10962976825016,9.360786736578318,85.29981553905007,11,5,108.28293241044804
2025-11-16,69.75911039650777,9.077282001433986,66.34548379134229,11,6,96.06308196959192
2025-11-17,59.290689508498815,7.757786592799839,73.14403814887986,11,0,88.72165577825206
2025-11-18,42.268158783195226,5.789231095201027,66.0307865396973,11,1,72.40338934121647
2025-11-19,41.69837670415871,6.744224093634605,71.33292338218818,11,2,77.8389680877375
2025-11-20,47.9357848988282,7.60654721764891,73.83886544522845,11,3,77.62779802120185
2025-11-21,50.723563037368415,5.467964926688511,77.0578080734385,11,4,77.48258415416657
2025-11-22,66.05752123335492,8.85883745160572,74.32476370030123,11,5,95.21733658617421
2025-11-23,71.02148771984467,8.763669427064803,70.5549155329081,11,6,96.66820752733999
2025-11-24,58.56628112086973,8.473825687303075,63.36926552530899,11,0,78.23365198973598
2025-11-25,38.11572914744531,6.603180914918694,78.2763563851468,11,1,73.75308761664331
2025-11-26,40.21931628497018,4.73600162625566,75.05614862833988,11,2,68.48615401244251
2025-11-27,39.46580129161658,6.024737917218776,71.59718886924381,11,3,65.5396340371942
2025-11-28,52.100917518523374,6.019927280775855,78.15170333007796,11,4,86.8212715480786
2025-11-29,70.9571760649015,10.315082792487587,68.04897920668022,11,5,100.63797473751016
2025-11-30,70.01535211654013,10.231894316412887,75.7594885885281,11,6,102.54217305758921
2025-12-01,67.58934964091624,8.95652828056658,86.66631457951438,12,0,99.59678061045577
2025-12-02,52.850253806994836,6.07137100532358,87.18712443467626,12,1,79.28759568386617
2025-12-03,39.51339419675553,6.953339193182897,99.21745629097427,12,2,84.2844080335577
2025-12-04,40.97690650990475,6.969348439957502,99.02559672705245,12,3,83.07718302508066
2025-12-05,49.005843282038825,6.907981899275437,88.69632426209307,12,4,91.64339158192738
2025-12-06,70.72162161761919,9.939117324797936,89.7938811860024,12,5,108.8661753763362
2025-12-07,74.2186347130398,8.617322091570877,83.79384995778572,12,6,108.50641011997331
2025-12-08,57.214600310116545,7.482257901332462,87.06760790575917,12,0,97.90365379777062
2025-12-09,55.19606170484819,7.3250468796713575,90.2179596873235,12,1,85.76747103820463
2025-12-10,37.7062843848641,6.264332931626061,85.69624870446081,12,2,71.97671809572303
2025-12-11,44.38490838980897,6.804993761304349,90.78791738424628,12,3,85.55679299187862
2025-12-12,55.481448685778105,6.259574438543447,97.91381289448563,12,4,100.3547356604648
2025-12-13,74.93368528754951,10.122214637301948,97.17084810479491,12,5,118.89701193630066
2025-12-14,73.1374839698386,8.901943452464122,89.32863961264327,12,6,110.99287025060443
2025-12-15,59.712778190972955,8.808173220516277,92.35532056594288,12,0,102.74374608364721
2025-12-16,40.58068600365408,5.961045130471597,88.86782223707482,12,1,71.88110594364535
2025-12-17,37.08989188351241,5.277211012783289,82.76004936519648,12,2,64.5639439739647
2025-12-18,41.92618874180077,4.83674189008371,91.63916222064901,12,3,76.38071382981546
2025-12-19,60.99910392802951,8.12849951622798,85.00671807385484,12,4,103.10732770446735
2025-12-20,68.88375461729855,8.680681214477852,86.25110890991651,12,5,108.69770704349251
2025-12-21,64.08246853060415,7.8119518664629926,83.49730567661106,12,6,99.65872062822122
2025-12-22,58.39283164957217,7.082367424668988,87.05976232963336,12,0,92.17222840333876
2025-12-23,49.74001370371852,8.316800227365531,87.89165285382794,12,1,86.69046687744839
2025-12-24,45.53540521753813,6.219149618620056,88.95337569660316,12,2,82.78771890825877
2025-12-25,33.49318699058169,4.667346830454161,89.85878254233126,12,3,63.6656987947906
2025-12-26,51.172601845861486,6.1417107373162985,99.5789149401366,12,4,88.88946628821944
2025-12-27,64.71600636078115,7.732514810711884,88.38195487484836,12,5,101.35355938016136
2025-12-28,75.47995421092651,8.735939358168627,93.44161563130918,12,6,109.17462282470848
2025-12-29,63.58859885998242,7.699641884495868,89.20095315076787,12,0,96.8040356977296
2025-12-30,51.27875884820796,8.963670320315078,89.9259861470177,12,1,86.32551404807097
2025-12-31,40.061914773888034,5.440748763139197,98.76224863252759,12,2,79.49422112188721
2026-01-01,40.777941037723664,7.207755359277396,115.56812424126247,1,3,85.51510593297246
2026-01-02,51.62248395972499,7.022053364349106,106.34901499102368,1,4,102.08740735269589
2026-01-03,63.481414858690094,8.378483093323474,111.02431709235796,1,5,110.57563454309627
2026-01-04,65.70892651371668,8.94861937205173,105.07494444403684,1,6,100.67455802561412
2026-01-05,58.72917855263234,7.048450327986199,101.1020921826891,1,0,97.23159148405024
2026-01-06,50.25296324159005,6.668084911395737,96.2987495272402,1,1,89.29375163326749
2026-01-07,32.428016976821496,5.54349238819637,106.93532058512369,1,2,75.68756963641442
2026-01-08,43.44803731049825,6.562812061200203,98.27309516906284,1,3,83.74648843727631
2026-01-09,46.16592312043179,7.4372683523943,103.20602879097551,1,4,84.35894129464853
2026-01-10,69.10675609878624,7.962620319734469,109.20306394821003,1,5,107.70909284982942
2026-01-11,67.85751035828251,7.521609514577506,113.35147570543509,1,6,106.75440986061938
2026-01-12,62.07346907660133,8.461450767352437,112.44300179523472,1,0,103.43352536599278
2026-01-13,58.542513597801374,8.126571308655983,101.73225755931153,1,1,98.20782991597477
2026-01-14,40.210250031986504,5.889280485079487,96.17463622592324,1,2,77.95841902176437
2026-01-15,52.23175609019121,6.067836962058736,103.24273688211584,1,3,92.56398630068622
2026-01-16,61.71495473157942,8.667478678137432,102.1209091075663,1,4,112.61198499231901
2026-01-17,55.56228489463926,7.572088228115596,107.75911466726569,1,5,92.94801446555581
2026-01-18,70.4462954029119,8.984008975675067,109.4065756802737,1,6,110.55658525840447
2026-01-19,64.77962520423559,9.653272774561659,104.06653025317375,1,0,109.51541982741931
2026-01-20,48.18955861672283,7.365448390110216,104.70418176756299,1,1,95.1391082844758
2026-01-21,36.1170025684253,6.016454562761201,125.61616720765241,1,2,93.87269295581072
2026-01-22,56.54788367045678,8.008976334094918,105.55901524238091,1,3,95.00328951365945
2026-01-23,64.59781498957706,7.751338515913908,114.33860596200668,1,4,113.43176049108834
2026-01-24,64.79990866501257,8.790219224427855,111.30499661507835,1,5,103.52501185046826
2026-01-25,67.92539251555863,8.792378283733864,103.3158524630952,1,6,109.0320058231874
2026-01-26,66.20978260574022,8.249040914131719,116.11425992496268,1,0,110.89358542491503
2026-01-27,60.42957102295728,8.649486352834511,105.46962846867292,1,1,112.63560938727923
2026-01-28,41.75614462067039,5.824850344783718,105.84833838627914,1,2,92.15554150751124
2026-01-29,39.537516944598586,5.866541159747584,105.00354571034296,1,3,84.86109462652496
2026-01-30,53.17034765352531,7.454315217873549,103.78795127722228,1,4,94.21744094050182
2026-01-31,72.87049654387747,9.414267652210885,96.86510482053892,1,5,109.92765321984432
2026-02-01,66.94414136363861,7.267845278953858,112.25564347481887,2,6,102.26366721248829
2026-02-02,60.83903003506582,8.198324007751381,104.28019558207743,2,0,96.43823031142027
2026-02-03,47.090463585828324,7.787130254186636,125.04395988005662,2,1,92.87217646298768
2026-02-04,44.50996937576114,6.720831325150846,110.50997662263326,2,2,89.48625855138849
2026-02-05,48.50322474981541,6.994085561744882,105.23545174863322,2,3,93.38185288656015
2026-02-06,53.65497408105877,8.131543959135984,123.70121578331188,2,4,105.29444550592453
2026-02-07,65.98221572636582,8.069660326600557,112.73248771584075,2,5,100.65854688091027
2026-02-08,61.15816207278605,9.246259353031864,116.44031131186577,2,6,112.02249036250063
