,Demanda_MW,Dia_Semana
2025-01-01 00:00:00,185.63369738119349,2
2025-01-01 01:00:00,173.89280597489682,2
2025-01-01 02:00:00,191.66848693380666,2
2025-01-01 03:00:00,206.71817784754492,2
2025-01-01 04:00:00,228.93346995503808,2
2025-01-01 05:00:00,247.19997660080648,2
2025-01-01 06:00:00,279.51533481215705,2
2025-01-01 07:00:00,286.95736245071566,2
2025-01-01 08:00:00,274.4887661335145,2
2025-01-01 09:00:00,287.111860649312,2
2025-01-01 10:00:00,286.2317085814225,2
2025-01-01 11:00:00,291.7598380711647,2
2025-01-01 12:00:00,282.6923071894265,2
2025-01-01 13:00:00,277.4777457853124,2
2025-01-01 14:00:00,276.9519476509739,2
2025-01-01 15:00:00,292.15716730915335,2
2025-01-01 16:00:00,299.12739733124863,2
2025-01-01 17:00:00,293.05348683438586,2
2025-01-01 18:00:00,276.3244928572662,2
2025-01-01 19:00:00,262.8298298638023,2
2025-01-01 20:00:00,226.80451451373676,2
2025-01-01 21:00:00,219.14755003433297,2
2025-01-01 22:00:00,205.34156841132577,2
2025-01-01 23:00:00,179.5464497233308,2
2025-01-02 00:00:00,175.97334689227645,3
2025-01-02 01:00:00,189.71389389652845,3
2025-01-02 02:00:00,194.1824080914959,3
2025-01-02 03:00:00,227.66702689652985,3
2025-01-02 04:00:00,240.33594228577792,3
2025-01-02 05:00:00,267.00990390129556,3
2025-01-02 06:00:00,271.9145318978564,3
2025-01-02 07:00:00,288.75013135601154,3
2025-01-02 08:00:00,300.9926630996128,3
2025-01-02 09:00:00,274.74763389322544,3
2025-01-02 10:00:00,292.23313979090966,3
2025-01-02 11:00:00,259.9308220000875,3
2025-01-02 12:00:00,273.96144050054164,3
2025-01-02 13:00:00,281.6978398147571,3
2025-01-02 14:00:00,276.1089656748621,3
2025-01-02 15:00:00,287.68109970714886,3
2025-01-02 16:00:00,297.61282692457553,3
2025-01-02 17:00:00,286.911865604756,3
2025-01-02 18:00:00,259.2376920213071,3
2025-01-02 19:00:00,265.1409299510052,3
2025-01-02 20:00:00,245.7444026716271,3
2025-01-02 21:00:00,215.58944442677787,3
2025-01-02 22:00:00,194.02390319211153,3
2025-01-02 23:00:00,180.4277993018381,3
2025-01-03 00:00:00,161.96997712699155,4
2025-01-03 01:00:00,176.91418886706958,4
2025-01-03 02:00:00,207.80651145413185,4
2025-01-03 03:00:00,223.13529898255086,4
2025-01-03 04:00:00,243.06642859116394,4
2025-01-03 05:00:00,255.22177427753175,4
2025-01-03 06:00:00,272.3364670375869,4
2025-01-03 07:00:00,289.4086638566046,4
2025-01-03 08:00:00,288.37031167131863,4
2025-01-03 09:00:00,285.6494744883331,4
2025-01-03 10:00:00,276.4895629364565,4
2025-01-03 11:00:00,280.6390793184527,4
2025-01-03 12:00:00,269.3043859443424,4
2025-01-03 13:00:00,274.7496484656255,4
2025-01-03 14:00:00,287.6582240712804,4
2025-01-03 15:00:00,270.29652388735286,4
2025-01-03 16:00:00,290.8656406895242,4
2025-01-03 17:00:00,276.0381846551155,4
2025-01-03 18:00:00,254.38512959782736,4
2025-01-03 19:00:00,248.91029530494237,4
2025-01-03 20:00:00,228.24598512111947,4
2025-01-03 21:00:00,222.09509510768225,4
2025-01-03 22:00:00,202.07278699374777,4
2025-01-03 23:00:00,197.86234855128285,4
2025-01-04 00:00:00,133.15196868019896,5
2025-01-04 01:00:00,137.7711760187796,5
2025-01-04 02:00:00,150.2955943008644,5
2025-01-04 03:00:00,179.9132969046259,5
2025-01-04 04:00:00,190.7276799707773,5
2025-01-04 05:00:00,202.02925153583735,5
2025-01-04 06:00:00,207.6802006368539,5
2025-01-04 07:00:00,237.83277546267,5
2025-01-04 08:00:00,211.20841094897747,5
2025-01-04 09:00:00,220.69688987297596,5
2025-01-04 10:00:00,217.71242066070891,5
2025-01-04 11:00:00,221.05144875671084,5
2025-01-04 12:00:00,204.03686305098685,5
2025-01-04 13:00:00,226.6138921614649,5
2025-01-04 14:00:00,217.99680953933907,5
2025-01-04 15:00:00,214.79093095508034,5
2025-01-04 16:00:00,218.69440972999425,5
2025-01-04 17:00:00,221.5907063939716,5
2025-01-04 18:00:00,209.86313391455926,5
2025-01-04 19:00:00,208.76240152387263,5
2025-01-04 20:00:00,177.48743792281252,5
2025-01-04 21:00:00,170.8097110687897,5
2025-01-04 22:00:00,167.26896526778444,5
2025-01-04 23:00:00,142.89276042440582,5
2025-01-05 00:00:00,144.49409545338847,6
2025-01-05 01:00:00,147.42008618844233,6
2025-01-05 02:00:00,136.53116689234514,6
2025-01-05 03:00:00,177.26878825092425,6
2025-01-05 04:00:00,184.22188179897967,6
2025-01-05 05:00:00,208.52720418974295,6
2025-01-05 06:00:00,223.33627244574114,6
2025-01-05 07:00:00,225.71891975675618,6
2025-01-05 08:00:00,225.8914393816483,6
2025-01-05 09:00:00,212.31522348762667,6
2025-01-05 10:00:00,225.5202635992903,6
2025-01-05 11:00:00,216.53163256712145,6
2025-01-05 12:00:00,218.3049676270389,6
2025-01-05 13:00:00,223.70858137546787,6
2025-01-05 14:00:00,210.07490739955665,6
2025-01-05 15:00:00,230.52002054316034,6
2025-01-05 16:00:00,235.36434048901455,6
2025-01-05 17:00:00,218.92470085412938,6
2025-01-05 18:00:00,200.4527335788337,6
2025-01-05 19:00:00,218.6475107369124,6
2025-01-05 20:00:00,190.60591226403406,6
2025-01-05 21:00:00,171.35365169372542,6
2025-01-05 22:00:00,151.5364044310732,6
2025-01-05 23:00:00,135.4973567015422,6
2025-01-06 00:00:00,169.7583003740897,0
2025-01-06 01:00:00,181.11538962288907,0
2025-01-06 02:00:00,194.7504207452669,0
2025-01-06 03:00:00,211.8139303130561,0
2025-01-06 04:00:00,230.30131954612696,0
2025-01-06 05:00:00,259.910309987449,0
2025-01-06 06:00:00,265.75907388629645,0
2025-01-06 07:00:00,271.48688443405325,0
2025-01-06 08:00:00,275.99320602029,0
2025-01-06 09:00:00,272.0254127752112,0
2025-01-06 10:00:00,285.3638165624575,0
2025-01-06 11:00:00,270.3166537554335,0
2025-01-06 12:00:00,280.87786605241314,0
2025-01-06 13:00:00,279.4044103401782,0
2025-01-06 14:00:00,294.43143746031666,0
2025-01-06 15:00:00,290.9010238775071,0
2025-01-06 16:00:00,293.42601224356844,0
2025-01-06 17:00:00,279.8814483297856,0
2025-01-06 18:00:00,260.45805582470905,0
2025-01-06 19:00:00,263.5313549104961,0
2025-01-06 20:00:00,246.56842288504257,0
2025-01-06 21:00:00,211.11200234421526,0
2025-01-06 22:00:00,189.77793438903856,0
2025-01-06 23:00:00,176.6389284186267,0
2025-01-07 00:00:00,169.11317828137595,1
2025-01-07 01:00:00,189.21549311869543,1
2025-01-07 02:00:00,192.8030298718548,1
2025-01-07 03:00:00,220.51880591374703,1
2025-01-07 04:00:00,239.9765171002781,1
2025-01-07 05:00:00,251.46607260473624,1
2025-01-07 06:00:00,290.0511410504197,1
2025-01-07 07:00:00,282.78047271436213,1
2025-01-07 08:00:00,281.05796068529924,1
2025-01-07 09:00:00,296.6060945973968,1
2025-01-07 10:00:00,285.9861478370057,1
2025-01-07 11:00:00,273.7267294652887,1
2025-01-07 12:00:00,266.8284946285579,1
2025-01-07 13:00:00,264.7171108811425,1
2025-01-07 14:00:00,272.8271859211895,1
2025-01-07 15:00:00,288.61264497140706,1
2025-01-07 16:00:00,280.182057263598,1
2025-01-07 17:00:00,292.61349941678156,1
2025-01-07 18:00:00,271.43274404819954,1
2025-01-07 19:00:00,265.31930151903157,1
2025-01-07 20:00:00,230.6243874988742,1
2025-01-07 21:00:00,215.70234082344552,1
2025-01-07 22:00:00,194.84254909501888,1
2025-01-07 23:00:00,178.75499351971433,1
2025-01-08 00:00:00,174.85026336155087,2
2025-01-08 01:00:00,176.01830662295532,2
2025-01-08 02:00:00,192.84016315606746,2
2025-01-08 03:00:00,229.3855506896917,2
2025-01-08 04:00:00,239.30307319437148,2
2025-01-08 05:00:00,269.8148199662048,2
2025-01-08 06:00:00,286.3605780978186,2
2025-01-08 07:00:00,289.1004268627913,2
2025-01-08 08:00:00,297.3259649037322,2
2025-01-08 09:00:00,289.22488714061683,2
2025-01-08 10:00:00,281.06054260465294,2
2025-01-08 11:00:00,274.64903221131675,2
2025-01-08 12:00:00,269.6766021010843,2
2025-01-08 13:00:00,269.81365819320786,2
2025-01-08 14:00:00,296.29985913627274,2
2025-01-08 15:00:00,285.43588309435506,2
2025-01-08 16:00:00,287.98383809997244,2
2025-01-08 17:00:00,292.15920901188264,2
2025-01-08 18:00:00,252.03923118883588,2
2025-01-08 19:00:00,261.5233637674153,2
2025-01-08 20:00:00,239.62391742813705,2
2025-01-08 21:00:00,215.4903586533868,2
2025-01-08 22:00:00,189.57714402560154,2
2025-01-08 23:00:00,176.81001738724282,2
2025-01-09 00:00:00,183.72228742114257,3
2025-01-09 01:00:00,191.47124582806842,3
2025-01-09 02:00:00,199.74257675706366,3
2025-01-09 03:00:00,216.12626445381525,3
2025-01-09 04:00:00,238.35944890237315,3
2025-01-09 05:00:00,257.00397836357644,3
2025-01-09 06:00:00,265.94812250527053,3
2025-01-09 07:00:00,287.0808453353693,3
2025-01-09 08:00:00,281.08134744296973,3
2025-01-09 09:00:00,271.15399803009433,3
2025-01-09 10:00:00,279.6951654442573,3
2025-01-09 11:00:00,272.8786650247857,3
2025-01-09 12:00:00,272.48885142154984,3
2025-01-09 13:00:00,274.18046480609735,3
2025-01-09 14:00:00,270.3957146096066,3
2025-01-09 15:00:00,280.65033341496553,3
2025-01-09 16:00:00,282.24639537034983,3
2025-01-09 17:00:00,271.2019096803504,3
2025-01-09 18:00:00,277.5585184975611,3
2025-01-09 19:00:00,265.1623385686278,3
2025-01-09 20:00:00,235.59231991016793,3
2025-01-09 21:00:00,212.58423796999693,3
2025-01-09 22:00:00,193.15827552337154,3
2025-01-09 23:00:00,181.4156882256733,3
2025-01-10 00:00:00,165.35952601488245,4
2025-01-10 01:00:00,179.13563298815006,4
2025-01-10 02:00:00,189.96413841694545,4
2025-01-10 03:00:00,205.74080901534333,4
2025-01-10 04:00:00,235.4243013055831,4
2025-01-10 05:00:00,250.77185359616965,4
2025-01-10 06:00:00,271.31116924085364,4
2025-01-10 07:00:00,290.4376687297712,4
2025-01-10 08:00:00,300.6799177711933,4
2025-01-10 09:00:00,280.9062762757128,4
2025-01-10 10:00:00,270.40243011359337,4
2025-01-10 11:00:00,285.63972553637893,4
2025-01-10 12:00:00,266.24800087841885,4
2025-01-10 13:00:00,278.91815162239027,4
2025-01-10 14:00:00,280.95680519461985,4
2025-01-10 15:00:00,286.575580869593,4
2025-01-10 16:00:00,284.8329233971663,4
2025-01-10 17:00:00,273.77658981647016,4
2025-01-10 18:00:00,280.31488475154924,4
2025-01-10 19:00:00,256.6165339714904,4
2025-01-10 20:00:00,229.39144437559645,4
2025-01-10 21:00:00,215.65340757538195,4
2025-01-10 22:00:00,187.82612035280243,4
2025-01-10 23:00:00,197.76093997678166,4
2025-01-11 00:00:00,140.6088013295846,5
2025-01-11 01:00:00,132.89747413328593,5
2025-01-11 02:00:00,150.00905951031683,5
2025-01-11 03:00:00,161.85411785708348,5
2025-01-11 04:00:00,177.63995190656496,5
2025-01-11 05:00:00,194.37435174852666,5
2025-01-11 06:00:00,211.74079588112355,5
2025-01-11 07:00:00,223.97071291653592,5
2025-01-11 08:00:00,223.66076347953398,5
2025-01-11 09:00:00,219.45084068208766,5
2025-01-11 10:00:00,221.55066472569038,5
2025-01-11 11:00:00,223.6435762499551,5
2025-01-11 12:00:00,210.109029558857,5
2025-01-11 13:00:00,226.42470917107258,5
2025-01-11 14:00:00,230.6122131944013,5
2025-01-11 15:00:00,214.70566715661843,5
2025-01-11 16:00:00,224.98066440771683,5
2025-01-11 17:00:00,220.18857719271358,5
2025-01-11 18:00:00,218.49587876912798,5
2025-01-11 19:00:00,214.27573412148286,5
2025-01-11 20:00:00,192.66534797605794,5
2025-01-11 21:00:00,161.31643211203772,5
2025-01-11 22:00:00,156.05549084740755,5
2025-01-11 23:00:00,141.62205816006696,5
2025-01-12 00:00:00,151.57621510101623,6
2025-01-12 01:00:00,141.40638596404858,6
2025-01-12 02:00:00,148.80747816653397,6
2025-01-12 03:00:00,168.8711787630323,6
2025-01-12 04:00:00,185.06063161817008,6
2025-01-12 05:00:00,192.67863297005954,6
2025-01-12 06:00:00,210.03165322633444,6
2025-01-12 07:00:00,215.69481761843608,6
2025-01-12 08:00:00,215.91313270298213,6
2025-01-12 09:00:00,213.31783843028282,6
2025-01-12 10:00:00,220.48205721364198,6
2025-01-12 11:00:00,216.5109524780389,6
2025-01-12 12:00:00,225.2869852474445,6
2025-01-12 13:00:00,208.4735436901646,6
2025-01-12 14:00:00,214.32054114227756,6
2025-01-12 15:00:00,218.64845682065376,6
2025-01-12 16:00:00,237.3666231535599,6
2025-01-12 17:00:00,220.2197996416833,6
2025-01-12 18:00:00,225.48643498204345,6
2025-01-12 19:00:00,179.34498331157107,6
2025-01-12 20:00:00,177.97385296088072,6
2025-01-12 21:00:00,185.31366223468024,6
2025-01-12 22:00:00,146.86172661290755,6
2025-01-12 23:00:00,147.93306616567276,6
2025-01-13 00:00:00,168.25673428546142,0
2025-01-13 01:00:00,169.13643031739795,0
2025-01-13 02:00:00,198.0419557331558,0
2025-01-13 03:00:00,216.2300554770879,0
2025-01-13 04:00:00,238.5598441297365,0
2025-01-13 05:00:00,276.2624501643518,0
2025-01-13 06:00:00,269.1720329980013,0
2025-01-13 07:00:00,283.7927178496021,0
2025-01-13 08:00:00,297.31097066111244,0
2025-01-13 09:00:00,296.13769214944233,0
2025-01-13 10:00:00,275.85546187185935,0
2025-01-13 11:00:00,282.04494827937793,0
2025-01-13 12:00:00,276.8614744542085,0
2025-01-13 13:00:00,267.48903367872873,0
2025-01-13 14:00:00,288.0127071554375,0
2025-01-13 15:00:00,283.70197383458117,0
2025-01-13 16:00:00,285.2080592206428,0
2025-01-13 17:00:00,282.64809914563,0
2025-01-13 18:00:00,280.71086480173403,0
2025-01-13 19:00:00,244.1096843549079,0
2025-01-13 20:00:00,239.11211058372461,0
2025-01-13 21:00:00,209.65789732441328,0
2025-01-13 22:00:00,183.37490820869942,0
2025-01-13 23:00:00,175.53357639239047,0
2025-01-14 00:00:00,173.392522979024,1
2025-01-14 01:00:00,179.81439801098412,1
2025-01-14 02:00:00,185.4713337971508,1
2025-01-14 03:00:00,216.08218057107217,1
2025-01-14 04:00:00,235.24269681500155,1
2025-01-14 05:00:00,247.44047752418186,1
2025-01-14 06:00:00,274.3029214952445,1
2025-01-14 07:00:00,286.47820982381063,1
2025-01-14 08:00:00,278.81177227501604,1
2025-01-14 09:00:00,295.85975156940526,1
2025-01-14 10:00:00,294.25473779421435,1
2025-01-14 11:00:00,257.01619850989306,1
2025-01-14 12:00:00,274.0290736472632,1
2025-01-14 13:00:00,266.8584064874963,1
2025-01-14 14:00:00,268.9099173990097,1
2025-01-14 15:00:00,292.1792426623474,1
2025-01-14 16:00:00,285.2950283450516,1
2025-01-14 17:00:00,281.21739222465305,1
2025-01-14 18:00:00,278.74596641444856,1
2025-01-14 19:00:00,255.94271117403494,1
2025-01-14 20:00:00,225.26314668201988,1
2025-01-14 21:00:00,210.737101679072,1
2025-01-14 22:00:00,204.0818588539866,1
2025-01-14 23:00:00,179.76616699628036,1
2025-01-15 00:00:00,180.27429640568863,2
2025-01-15 01:00:00,178.4275510344808,2
2025-01-15 02:00:00,180.9254559776569,2
2025-01-15 03:00:00,203.28890327508606,2
2025-01-15 04:00:00,242.095067219569,2
2025-01-15 05:00:00,262.49034560532925,2
2025-01-15 06:00:00,289.6525540536337,2
2025-01-15 07:00:00,292.92362022214985,2
2025-01-15 08:00:00,286.70438472313083,2
2025-01-15 09:00:00,294.71829848536464,2
2025-01-15 10:00:00,262.71512285802913,2
2025-01-15 11:00:00,270.2925123736578,2
2025-01-15 12:00:00,269.92073272918407,2
2025-01-15 13:00:00,258.0134283979893,2
2025-01-15 14:00:00,281.10967596963906,2
2025-01-15 15:00:00,276.13558250017,2
2025-01-15 16:00:00,286.5635451548007,2
2025-01-15 17:00:00,291.4309129725258,2
2025-01-15 18:00:00,267.0318395002001,2
2025-01-15 19:00:00,254.57040929997578,2
2025-01-15 20:00:00,242.93005885820983,2
2025-01-15 21:00:00,204.50897559380755,2
2025-01-15 22:00:00,204.37789489093927,2
2025-01-15 23:00:00,179.59688065948652,2
2025-01-16 00:00:00,161.5358117413518,3
2025-01-16 01:00:00,177.32966017186737,3
2025-01-16 02:00:00,203.58631777728093,3
2025-01-16 03:00:00,206.43752837959295,3
2025-01-16 04:00:00,244.30133401414867,3
2025-01-16 05:00:00,253.11598868882805,3
2025-01-16 06:00:00,266.86405799360097,3
2025-01-16 07:00:00,285.23213916150297,3
2025-01-16 08:00:00,296.3399417735377,3
2025-01-16 09:00:00,277.7935396193317,3
2025-01-16 10:00:00,267.1151434815804,3
2025-01-16 11:00:00,280.1920545401002,3
2025-01-16 12:00:00,280.4745931867216,3
2025-01-16 13:00:00,279.1956909572809,3
2025-01-16 14:00:00,286.7577069705061,3
2025-01-16 15:00:00,284.196396195785,3
2025-01-16 16:00:00,282.06086163467813,3
2025-01-16 17:00:00,281.66266295621966,3
2025-01-16 18:00:00,287.27280461165896,3
2025-01-16 19:00:00,256.6062998331847,3
2025-01-16 20:00:00,238.8889217881444,3
2025-01-16 21:00:00,219.13717846967023,3
2025-01-16 22:00:00,202.24598635834406,3
2025-01-16 23:00:00,173.07305308220356,3
2025-01-17 00:00:00,172.0679078197147,4
2025-01-17 01:00:00,173.4921158722115,4
2025-01-17 02:00:00,206.70154192788402,4
2025-01-17 03:00:00,213.8266200674473,4
2025-01-17 04:00:00,233.57080448822038,4
2025-01-17 05:00:00,267.6681048168417,4
2025-01-17 06:00:00,272.60997737276534,4
2025-01-17 07:00:00,287.66322706838275,4
2025-01-17 08:00:00,300.5693054374186,4
2025-01-17 09:00:00,295.5068770548127,4
2025-01-17 10:00:00,294.6209642361721,4
2025-01-17 11:00:00,271.1395962486618,4
2025-01-17 12:00:00,270.69270000998586,4
2025-01-17 13:00:00,278.2673414381731,4
2025-01-17 14:00:00,284.2419043797243,4
2025-01-17 15:00:00,274.3007094928548,4
2025-01-17 16:00:00,286.60101855824206,4
2025-01-17 17:00:00,296.98084261037326,4
2025-01-17 18:00:00,276.0343318110146,4
2025-01-17 19:00:00,253.17277813059752,4
2025-01-17 20:00:00,234.42225559481696,4
2025-01-17 21:00:00,203.75265159559564,4
2025-01-17 22:00:00,203.39887243848557,4
2025-01-17 23:00:00,186.36199088086812,4
2025-01-18 00:00:00,122.45416224473139,5
2025-01-18 01:00:00,146.35319793580703,5
2025-01-18 02:00:00,158.32424984114846,5
2025-01-18 03:00:00,176.98272647450597,5
2025-01-18 04:00:00,171.6058143258032,5
2025-01-18 05:00:00,212.83661021292724,5
2025-01-18 06:00:00,224.435732244014,5
2025-01-18 07:00:00,222.5723703171769,5
2025-01-18 08:00:00,222.00304082036365,5
2025-01-18 09:00:00,215.62205524472927,5
2025-01-18 10:00:00,203.37522867013624,5
2025-01-18 11:00:00,223.09927576973274,5
2025-01-18 12:00:00,191.95228333950257,5
2025-01-18 13:00:00,214.7945883193322,5
2025-01-18 14:00:00,224.65702986199918,5
2025-01-18 15:00:00,222.86385878083914,5
2025-01-18 16:00:00,230.4710282413826,5
2025-01-18 17:00:00,221.16376117930383,5
2025-01-18 18:00:00,207.82393792445782,5
2025-01-18 19:00:00,196.49817620294377,5
2025-01-18 20:00:00,175.7476138685553,5
2025-01-18 21:00:00,165.00986122830338,5
2025-01-18 22:00:00,144.10362256210783,5
2025-01-18 23:00:00,148.68045666745985,5
2025-01-19 00:00:00,126.62474478171359,6
2025-01-19 01:00:00,139.17747898259827,6
2025-01-19 02:00:00,154.53502340747946,6
2025-01-19 03:00:00,169.48326658016057,6
2025-01-19 04:00:00,193.40317891678035,6
2025-01-19 05:00:00,189.28762754934326,6
2025-01-19 06:00:00,205.08409811960306,6
2025-01-19 07:00:00,213.9086129860862,6
2025-01-19 08:00:00,231.65227468747403,6
2025-01-19 09:00:00,221.91140819623084,6
2025-01-19 10:00:00,216.10187957783683,6
2025-01-19 11:00:00,222.30388960542288,6
2025-01-19 12:00:00,217.27640084649846,6
2025-01-19 13:00:00,202.90641258837746,6
2025-01-19 14:00:00,218.49131083062935,6
2025-01-19 15:00:00,224.51742190065488,6
2025-01-19 16:00:00,236.74545428803182,6
2025-01-19 17:00:00,226.33959182301552,6
2025-01-19 18:00:00,217.13024147965717,6
2025-01-19 19:00:00,203.90639402859748,6
2025-01-19 20:00:00,176.80084243447703,6
2025-01-19 21:00:00,154.6629391540964,6
2025-01-19 22:00:00,143.32623632776352,6
2025-01-19 23:00:00,151.48556341605203,6
2025-01-20 00:00:00,174.22151200628636,0
2025-01-20 01:00:00,178.67065902288795,0
2025-01-20 02:00:00,172.2516668717876,0
2025-01-20 03:00:00,211.75806767950905,0
2025-01-20 04:00:00,233.83255351691977,0
2025-01-20 05:00:00,248.75287764542836,0
2025-01-20 06:00:00,268.0375563761058,0
2025-01-20 07:00:00,290.00292054204044,0
2025-01-20 08:00:00,285.05297183928326,0
2025-01-20 09:00:00,273.83905315015505,0
2025-01-20 10:00:00,276.9022309485654,0
2025-01-20 11:00:00,274.95092165139965,0
2025-01-20 12:00:00,269.8034457834491,0
2025-01-20 13:00:00,277.311637802689,0
2025-01-20 14:00:00,289.66459307932735,0
2025-01-20 15:00:00,288.98531133580394,0
2025-01-20 16:00:00,271.2876376198448,0
2025-01-20 17:00:00,274.6800812274876,0
2025-01-20 18:00:00,271.2780274658792,0
2025-01-20 19:00:00,262.55647290402834,0
2025-01-20 20:00:00,245.7590408809292,0
2025-01-20 21:00:00,216.950507331953,0
2025-01-20 22:00:00,190.8146097692826,0
2025-01-20 23:00:00,188.2125126952384,0
2025-01-21 00:00:00,188.98534634482732,1
2025-01-21 01:00:00,169.92718142994343,1
2025-01-21 02:00:00,190.42121666689934,1
2025-01-21 03:00:00,215.81473011847376,1
2025-01-21 04:00:00,237.89612528070882,1
2025-01-21 05:00:00,261.06729917164023,1
2025-01-21 06:00:00,283.2779894157348,1
2025-01-21 07:00:00,284.736144560576,1
2025-01-21 08:00:00,280.34513834520686,1
2025-01-21 09:00:00,293.6811070965826,1
2025-01-21 10:00:00,282.78072958788294,1
2025-01-21 11:00:00,282.69899479869866,1
2025-01-21 12:00:00,259.04237289695885,1
2025-01-21 13:00:00,271.1040449596954,1
2025-01-21 14:00:00,300.20799033613355,1
2025-01-21 15:00:00,274.18358461677934,1
2025-01-21 16:00:00,273.0932851470553,1
2025-01-21 17:00:00,284.54644029868854,1
2025-01-21 18:00:00,282.8678662357366,1
2025-01-21 19:00:00,248.10576207177076,1
2025-01-21 20:00:00,235.29125646411316,1
2025-01-21 21:00:00,216.03277012295243,1
2025-01-21 22:00:00,194.25973824994392,1
2025-01-21 23:00:00,185.90691985770312,1
2025-01-22 00:00:00,190.8251780080822,2
2025-01-22 01:00:00,182.74085910906638,2
2025-01-22 02:00:00,193.80221816685753,2
2025-01-22 03:00:00,228.20072076350698,2
2025-01-22 04:00:00,247.8976805615911,2
2025-01-22 05:00:00,255.1419620193074,2
2025-01-22 06:00:00,275.8517568970761,2
2025-01-22 07:00:00,288.3724685701628,2
2025-01-22 08:00:00,298.94782026648295,2
2025-01-22 09:00:00,292.651938251021,2
2025-01-22 10:00:00,279.78973000619374,2
2025-01-22 11:00:00,280.8121927231509,2
2025-01-22 12:00:00,267.67452671115416,2
2025-01-22 13:00:00,274.52313366475113,2
2025-01-22 14:00:00,288.4476863465547,2
2025-01-22 15:00:00,283.9967673137718,2
2025-01-22 16:00:00,291.12827124549096,2
2025-01-22 17:00:00,293.3108231214519,2
2025-01-22 18:00:00,270.5181387999951,2
2025-01-22 19:00:00,272.63797429122894,2
2025-01-22 20:00:00,221.62860571979883,2
2025-01-22 21:00:00,207.98875930143998,2
2025-01-22 22:00:00,202.92216863556936,2
2025-01-22 23:00:00,188.36194605119752,2
2025-01-23 00:00:00,169.30873916588342,3
2025-01-23 01:00:00,166.4181429203915,3
2025-01-23 02:00:00,199.5648412361917,3
2025-01-23 03:00:00,216.9076595679919,3
2025-01-23 04:00:00,230.588491548499,3
2025-01-23 05:00:00,260.44503046892294,3
2025-01-23 06:00:00,281.63264932661434,3
2025-01-23 07:00:00,274.99083496504903,3
2025-01-23 08:00:00,275.67700473385406,3
2025-01-23 09:00:00,288.02961544461397,3
2025-01-23 10:00:00,286.3835643630887,3
2025-01-23 11:00:00,297.2393146632519,3
2025-01-23 12:00:00,271.53871812205983,3
2025-01-23 13:00:00,288.85460598650815,3
2025-01-23 14:00:00,284.1012532103873,3
2025-01-23 15:00:00,288.5942293728701,3
2025-01-23 16:00:00,292.4565076437669,3
2025-01-23 17:00:00,291.78874199540377,3
2025-01-23 18:00:00,271.72384017919245,3
2025-01-23 19:00:00,259.94561971899975,3
2025-01-23 20:00:00,238.51870116997915,3
2025-01-23 21:00:00,201.21422604087795,3
2025-01-23 22:00:00,207.1477930360179,3
2025-01-23 23:00:00,182.6651142602036,3
2025-01-24 00:00:00,165.45287302536653,4
2025-01-24 01:00:00,184.0271545356553,4
2025-01-24 02:00:00,181.99509369160674,4
2025-01-24 03:00:00,208.61701532913813,4
2025-01-24 04:00:00,236.6808108397082,4
2025-01-24 05:00:00,266.29859202001944,4
2025-01-24 06:00:00,282.6674433114506,4
2025-01-24 07:00:00,285.86220270388037,4
2025-01-24 08:00:00,289.34197562763376,4
2025-01-24 09:00:00,283.60817997218743,4
2025-01-24 10:00:00,290.03352222716325,4
2025-01-24 11:00:00,279.7907992292856,4
2025-01-24 12:00:00,277.61851912141,4
2025-01-24 13:00:00,276.0397445485453,4
2025-01-24 14:00:00,278.65106944369165,4
2025-01-24 15:00:00,292.7121354251218,4
2025-01-24 16:00:00,290.4479623642494,4
2025-01-24 17:00:00,283.2719958966042,4
2025-01-24 18:00:00,263.80414313620855,4
2025-01-24 19:00:00,261.91844672616685,4
2025-01-24 20:00:00,244.7414344205836,4
2025-01-24 21:00:00,205.5352478293212,4
2025-01-24 22:00:00,176.02185048592867,4
2025-01-24 23:00:00,182.61409154810423,4
2025-01-25 00:00:00,136.1431612274358,5
2025-01-25 01:00:00,141.20743045606082,5
2025-01-25 02:00:00,155.74936710624706,5
2025-01-25 03:00:00,177.75530024462145,5
2025-01-25 04:00:00,177.5394424216224,5
2025-01-25 05:00:00,196.9450551554417,5
2025-01-25 06:00:00,202.92250557639667,5
2025-01-25 07:00:00,225.09118653754118,5
2025-01-25 08:00:00,222.48013641433266,5
2025-01-25 09:00:00,217.97630394958958,5
2025-01-25 10:00:00,219.6707516996058,5
2025-01-25 11:00:00,200.33341709012518,5
2025-01-25 12:00:00,217.14427218851932,5
2025-01-25 13:00:00,219.56024334614347,5
2025-01-25 14:00:00,227.6561632046174,5
2025-01-25 15:00:00,235.58518205422774,5
2025-01-25 16:00:00,229.32668966482407,5
2025-01-25 17:00:00,216.25280114442074,5
2025-01-25 18:00:00,210.4701632055973,5
2025-01-25 19:00:00,212.38290335351715,5
2025-01-25 20:00:00,168.94747351174053,5
2025-01-25 21:00:00,171.97802177090938,5
2025-01-25 22:00:00,152.60502072984664,5
2025-01-25 23:00:00,139.4609418759961,5
2025-01-26 00:00:00,123.65891826164913,6
2025-01-26 01:00:00,123.35280941150535,6
2025-01-26 02:00:00,163.2559606561957,6
2025-01-26 03:00:00,185.06627436491453,6
2025-01-26 04:00:00,188.81018741615847,6
2025-01-26 05:00:00,208.15505379157477,6
2025-01-26 06:00:00,206.25559324685048,6
2025-01-26 07:00:00,218.1234075921791,6
2025-01-26 08:00:00,224.67469801887705,6
2025-01-26 09:00:00,222.4547888870715,6
2025-01-26 10:00:00,214.64453142071042,6
2025-01-26 11:00:00,207.50622369391533,6
2025-01-26 12:00:00,205.6135417623499,6
2025-01-26 13:00:00,224.33134737153102,6
2025-01-26 14:00:00,225.17425058163514,6
2025-01-26 15:00:00,230.1113739986319,6
2025-01-26 16:00:00,231.88573260992933,6
2025-01-26 17:00:00,232.4323190926882,6
2025-01-26 18:00:00,209.3532747711217,6
2025-01-26 19:00:00,210.1847764447891,6
2025-01-26 20:00:00,179.48587489218588,6
2025-01-26 21:00:00,167.93414285356613,6
2025-01-26 22:00:00,161.29330214054417,6
2025-01-26 23:00:00,145.45639631237464,6
2025-01-27 00:00:00,173.59554677274684,0
2025-01-27 01:00:00,188.852130490473,0
2025-01-27 02:00:00,200.55054206262943,0
2025-01-27 03:00:00,205.11536525170163,0
2025-01-27 04:00:00,236.2586442597751,0
2025-01-27 05:00:00,243.18900813341514,0
2025-01-27 06:00:00,263.82298025848894,0
2025-01-27 07:00:00,281.92035825901735,0
2025-01-27 08:00:00,280.23139839543376,0
2025-01-27 09:00:00,293.56627843665456,0
2025-01-27 10:00:00,289.4145911037555,0
2025-01-27 11:00:00,272.1237317299818,0
2025-01-27 12:00:00,274.75508160949175,0
2025-01-27 13:00:00,288.78936840589154,0
2025-01-27 14:00:00,292.4373886016045,0
2025-01-27 15:00:00,284.88142774323035,0
2025-01-27 16:00:00,293.29514827026225,0
2025-01-27 17:00:00,286.79064037815203,0
2025-01-27 18:00:00,291.41456563885725,0
2025-01-27 19:00:00,271.0961664863687,0
2025-01-27 20:00:00,237.7590748534633,0
2025-01-27 21:00:00,218.1733634928221,0
2025-01-27 22:00:00,195.01408226088,0
2025-01-27 23:00:00,181.16327596716897,0
2025-01-28 00:00:00,169.0213216745139,1
2025-01-28 01:00:00,171.25510779040457,1
2025-01-28 02:00:00,191.27993991408158,1
2025-01-28 03:00:00,218.99026985070344,1
2025-01-28 04:00:00,226.34499638287377,1
2025-01-28 05:00:00,251.2701556155854,1
2025-01-28 06:00:00,272.4358615537678,1
2025-01-28 07:00:00,273.70173250671957,1
2025-01-28 08:00:00,296.5940848244635,1
2025-01-28 09:00:00,290.5311909985043,1
2025-01-28 10:00:00,286.7496032905339,1
2025-01-28 11:00:00,270.3244161624796,1
2025-01-28 12:00:00,266.4010687408698,1
2025-01-28 13:00:00,271.1890737132671,1
2025-01-28 14:00:00,283.6355409751714,1
2025-01-28 15:00:00,278.9107747168601,1
2025-01-28 16:00:00,293.69864216674733,1
2025-01-28 17:00:00,286.3617020366483,1
2025-01-28 18:00:00,281.6868700238946,1
2025-01-28 19:00:00,257.5687169670061,1
2025-01-28 20:00:00,243.70328028599994,1
2025-01-28 21:00:00,221.51108320496814,1
2025-01-28 22:00:00,204.02162562192126,1
2025-01-28 23:00:00,171.73710549445497,1
2025-01-29 00:00:00,163.17463754926334,2
2025-01-29 01:00:00,173.64456620372002,2
2025-01-29 02:00:00,204.29304681810913,2
2025-01-29 03:00:00,212.87166687508366,2
2025-01-29 04:00:00,246.51403249493504,2
2025-01-29 05:00:00,261.0243280642011,2
2025-01-29 06:00:00,281.64684896514194,2
2025-01-29 07:00:00,294.10598081043895,2
2025-01-29 08:00:00,282.0651678066753,2
2025-01-29 09:00:00,283.63088518588864,2
2025-01-29 10:00:00,286.4370705165156,2
2025-01-29 11:00:00,281.7198031776401,2
2025-01-29 12:00:00,265.41420977657936,2
2025-01-29 13:00:00,284.44545858153805,2
2025-01-29 14:00:00,266.9358836857502,2
2025-01-29 15:00:00,284.6651785663118,2
2025-01-29 16:00:00,286.4837271777983,2
2025-01-29 17:00:00,292.45350188663724,2
2025-01-29 18:00:00,282.49793739550705,2
2025-01-29 19:00:00,260.91858810632465,2
2025-01-29 20:00:00,247.5393958374481,2
2025-01-29 21:00:00,216.7448769976308,2
2025-01-29 22:00:00,184.24184637551377,2
2025-01-29 23:00:00,174.49510369272247,2
2025-01-30 00:00:00,182.61918943128947,3
2025-01-30 01:00:00,184.4639656061335,3
2025-01-30 02:00:00,198.4886437442376,3
2025-01-30 03:00:00,222.7189530137018,3
2025-01-30 04:00:00,239.9466492527151,3
2025-01-30 05:00:00,248.18260738184088,3
2025-01-30 06:00:00,283.6434889007431,3
2025-01-30 07:00:00,301.6684658073898,3
2025-01-30 08:00:00,297.31781218352285,3
2025-01-30 09:00:00,278.7595168069573,3
2025-01-30 10:00:00,274.9735551625949,3
2025-01-30 11:00:00,265.9289152737289,3
2025-01-30 12:00:00,279.4944926728889,3
2025-01-30 13:00:00,278.9686069597065,3
2025-01-30 14:00:00,273.9993171159067,3
2025-01-30 15:00:00,289.78662111668405,3
2025-01-30 16:00:00,282.9864642387942,3
2025-01-30 17:00:00,287.4159558008909,3
2025-01-30 18:00:00,281.95437731831265,3
2025-01-30 19:00:00,247.93446845750952,3
2025-01-30 20:00:00,258.22300969660677,3
2025-01-30 21:00:00,202.78923366914373,3
2025-01-30 22:00:00,191.71422378064565,3
2025-01-30 23:00:00,187.5614960181825,3
2025-01-31 00:00:00,167.53527185706386,4
2025-01-31 01:00:00,174.17669622054254,4
2025-01-31 02:00:00,202.16670092474246,4
2025-01-31 03:00:00,217.46764879232927,4
2025-01-31 04:00:00,231.88155664472876,4
2025-01-31 05:00:00,253.73606619448984,4
2025-01-31 06:00:00,285.09472731594343,4
2025-01-31 07:00:00,300.3887581000375,4
2025-01-31 08:00:00,299.9249196494174,4
2025-01-31 09:00:00,271.68939072238254,4
2025-01-31 10:00:00,277.0716004886859,4
2025-01-31 11:00:00,259.8686832157793,4
2025-01-31 12:00:00,267.66118494343476,4
2025-01-31 13:00:00,273.88295490057095,4
2025-01-31 14:00:00,285.9316570156865,4
2025-01-31 15:00:00,298.20229507823944,4
2025-01-31 16:00:00,278.9940811464928,4
2025-01-31 17:00:00,278.72632775322694,4
2025-01-31 18:00:00,273.963335973711,4
2025-01-31 19:00:00,270.486773474577,4
2025-01-31 20:00:00,226.78175291793934,4
2025-01-31 21:00:00,207.41125918100582,4
2025-01-31 22:00:00,196.389021911498,4
2025-01-31 23:00:00,197.2511374475721,4
2025-02-01 00:00:00,129.2332615309688,5
2025-02-01 01:00:00,146.815142468508,5
2025-02-01 02:00:00,145.16770498231085,5
2025-02-01 03:00:00,175.3900460714969,5
2025-02-01 04:00:00,179.82715962416378,5
2025-02-01 05:00:00,201.42020686376105,5
2025-02-01 06:00:00,210.76177957858994,5
2025-02-01 07:00:00,228.12859615476992,5
2025-02-01 08:00:00,223.15174549449355,5
2025-02-01 09:00:00,234.26112570888716,5
2025-02-01 10:00:00,222.46682532282264,5
2025-02-01 11:00:00,208.23341636355883,5
2025-02-01 12:00:00,220.70290380467796,5
2025-02-01 13:00:00,203.76884947088973,5
2025-02-01 14:00:00,212.6916673522307,5
2025-02-01 15:00:00,221.5068338510554,5
2025-02-01 16:00:00,208.1698354331749,5
2025-02-01 17:00:00,225.5003506831475,5
2025-02-01 18:00:00,206.92903759714426,5
2025-02-01 19:00:00,200.37873546946153,5
2025-02-01 20:00:00,175.23778536207806,5
2025-02-01 21:00:00,177.95997121273476,5
2025-02-01 22:00:00,144.50207618392088,5
2025-02-01 23:00:00,131.05864716573197,5
2025-02-02 00:00:00,144.05308449723177,6
2025-02-02 01:00:00,134.93970094347486,6
2025-02-02 02:00:00,139.35662740031395,6
2025-02-02 03:00:00,164.27495487395737,6
2025-02-02 04:00:00,193.23434160854825,6
2025-02-02 05:00:00,199.79944079100517,6
2025-02-02 06:00:00,208.77273089154866,6
2025-02-02 07:00:00,219.02336424095725,6
2025-02-02 08:00:00,218.9811685737119,6
2025-02-02 09:00:00,211.56406043357177,6
2025-02-02 10:00:00,230.82124519997495,6
2025-02-02 11:00:00,213.42891643094143,6
2025-02-02 12:00:00,221.78833219441756,6
2025-02-02 13:00:00,221.7225250835564,6
2025-02-02 14:00:00,210.5346585428592,6
2025-02-02 15:00:00,222.5688340498396,6
2025-02-02 16:00:00,221.87303250701382,6
2025-02-02 17:00:00,218.1817960721583,6
2025-02-02 18:00:00,216.06916495965137,6
2025-02-02 19:00:00,194.18792828809256,6
2025-02-02 20:00:00,169.21636310814182,6
2025-02-02 21:00:00,173.60065005453106,6
2025-02-02 22:00:00,148.92390753145716,6
2025-02-02 23:00:00,136.28418791060474,6
2025-02-03 00:00:00,165.16340016300413,0
2025-02-03 01:00:00,174.8301425251318,0
2025-02-03 02:00:00,203.25613039413383,0
2025-02-03 03:00:00,205.36886785665894,0
2025-02-03 04:00:00,244.96137187575968,0
2025-02-03 05:00:00,264.2004255371549,0
2025-02-03 06:00:00,294.1260848271857,0
2025-02-03 07:00:00,284.7502238638568,0
2025-02-03 08:00:00,290.9373476925329,0
2025-02-03 09:00:00,269.8435773861963,0
2025-02-03 10:00:00,283.50416127339514,0
2025-02-03 11:00:00,283.79321164346624,0
2025-02-03 12:00:00,284.45399870417884,0
2025-02-03 13:00:00,287.55527901612106,0
2025-02-03 14:00:00,281.5800442020628,0
2025-02-03 15:00:00,290.0072237761647,0
2025-02-03 16:00:00,277.3108543692756,0
2025-02-03 17:00:00,275.52836661625827,0
2025-02-03 18:00:00,279.4515030045133,0
2025-02-03 19:00:00,259.71606765125244,0
2025-02-03 20:00:00,241.06381614026333,0
2025-02-03 21:00:00,219.47411079529462,0
2025-02-03 22:00:00,189.23635621694257,0
2025-02-03 23:00:00,162.53842374726287,0
2025-02-04 00:00:00,182.25248609144055,1
2025-02-04 01:00:00,171.27995312773177,1
2025-02-04 02:00:00,196.31369946822258,1
2025-02-04 03:00:00,221.2182593796098,1
2025-02-04 04:00:00,229.8155646095712,1
2025-02-04 05:00:00,252.29353250187646,1
2025-02-04 06:00:00,275.65259441041826,1
2025-02-04 07:00:00,282.3606958647831,1
2025-02-04 08:00:00,305.16480248587936,1
2025-02-04 09:00:00,297.26152057718264,1
2025-02-04 10:00:00,271.8746716092633,1
2025-02-04 11:00:00,287.6668177972956,1
2025-02-04 12:00:00,274.4556565577082,1
2025-02-04 13:00:00,281.23968238286284,1
2025-02-04 14:00:00,277.77297625445317,1
2025-02-04 15:00:00,291.6252739970233,1
2025-02-04 16:00:00,311.3558372108987,1
2025-02-04 17:00:00,282.05660857742856,1
2025-02-04 18:00:00,255.71797478360455,1
2025-02-04 19:00:00,261.41129253462356,1
2025-02-04 20:00:00,232.50384991810597,1
2025-02-04 21:00:00,219.01057886169255,1
2025-02-04 22:00:00,197.45370748340625,1
2025-02-04 23:00:00,178.24206821121572,1
2025-02-05 00:00:00,176.54678787523417,2
2025-02-05 01:00:00,197.76975015273013,2
2025-02-05 02:00:00,194.7764675047032,2
2025-02-05 03:00:00,204.20498522693427,2
2025-02-05 04:00:00,241.53079457265298,2
2025-02-05 05:00:00,255.30141732903675,2
2025-02-05 06:00:00,274.2257952449998,2
2025-02-05 07:00:00,276.92074870001454,2
2025-02-05 08:00:00,298.08466490477025,2
2025-02-05 09:00:00,289.68249120784515,2
2025-02-05 10:00:00,271.98872756732794,2
2025-02-05 11:00:00,262.75966257430605,2
2025-02-05 12:00:00,277.8558490934501,2
2025-02-05 13:00:00,273.2604670253066,2
2025-02-05 14:00:00,280.72957395152014,2
2025-02-05 15:00:00,283.2915439790746,2
2025-02-05 16:00:00,277.3745519630649,2
2025-02-05 17:00:00,289.8888617645429,2
2025-02-05 18:00:00,272.98974405178285,2
2025-02-05 19:00:00,256.60592736768524,2
2025-02-05 20:00:00,245.12763313652667,2
2025-02-05 21:00:00,221.26668365219186,2
2025-02-05 22:00:00,184.6522317626712,2
2025-02-05 23:00:00,188.90283157921758,2
2025-02-06 00:00:00,192.509684961777,3
2025-02-06 01:00:00,173.58799860904725,3
2025-02-06 02:00:00,199.82177630399445,3
2025-02-06 03:00:00,230.75691761866247,3
2025-02-06 04:00:00,222.06037775764582,3
2025-02-06 05:00:00,253.3796893432094,3
2025-02-06 06:00:00,273.69594903224413,3
2025-02-06 07:00:00,285.8315410534273,3
2025-02-06 08:00:00,284.12515115216064,3
2025-02-06 09:00:00,292.9641612617155,3
2025-02-06 10:00:00,277.0306879394053,3
2025-02-06 11:00:00,285.66198065188433,3
2025-02-06 12:00:00,257.98833576557456,3
2025-02-06 13:00:00,278.2018683396807,3
2025-02-06 14:00:00,281.5229333688518,3
2025-02-06 15:00:00,294.9612471937986,3
2025-02-06 16:00:00,283.37264447135607,3
2025-02-06 17:00:00,293.3124947357944,3
2025-02-06 18:00:00,280.5638609672518,3
2025-02-06 19:00:00,264.7298113453361,3
2025-02-06 20:00:00,231.45052237511314,3
2025-02-06 21:00:00,227.69839575156976,3
2025-02-06 22:00:00,186.2131214940743,3
2025-02-06 23:00:00,212.2081377199716,3
2025-02-07 00:00:00,163.70425077627132,4
2025-02-07 01:00:00,168.75567336544057,4
2025-02-07 02:00:00,198.0610061826938,4
2025-02-07 03:00:00,223.62514700139064,4
2025-02-07 04:00:00,245.65070593816233,4
2025-02-07 05:00:00,261.37298489256943,4
2025-02-07 06:00:00,273.34587298095533,4
2025-02-07 07:00:00,277.29797517439147,4
2025-02-07 08:00:00,296.42353765574904,4
2025-02-07 09:00:00,295.04510927942965,4
2025-02-07 10:00:00,280.843284479495,4
2025-02-07 11:00:00,275.81583798807833,4
2025-02-07 12:00:00,274.45548821765533,4
2025-02-07 13:00:00,278.3498897738218,4
2025-02-07 14:00:00,290.477390251546,4
2025-02-07 15:00:00,281.85433604289216,4
2025-02-07 16:00:00,285.2721543021296,4
2025-02-07 17:00:00,277.2967907010291,4
2025-02-07 18:00:00,283.69617838042114,4
2025-02-07 19:00:00,257.23187136719815,4
2025-02-07 20:00:00,238.9990045181033,4
2025-02-07 21:00:00,233.29234065292775,4
2025-02-07 22:00:00,196.61300810294625,4
2025-02-07 23:00:00,185.13600818663764,4
2025-02-08 00:00:00,147.05639293845823,5
2025-02-08 01:00:00,139.7879997563278,5
2025-02-08 02:00:00,159.14420097066508,5
2025-02-08 03:00:00,179.22315497447238,5
2025-02-08 04:00:00,182.55873211609634,5
2025-02-08 05:00:00,204.24699191825232,5
2025-02-08 06:00:00,218.15707184967403,5
2025-02-08 07:00:00,233.5459561133924,5
2025-02-08 08:00:00,225.9878133491056,5
2025-02-08 09:00:00,238.42862995102956,5
2025-02-08 10:00:00,222.99578311070914,5
2025-02-08 11:00:00,233.15637128408756,5
2025-02-08 12:00:00,208.59199135164306,5
2025-02-08 13:00:00,218.96144693860003,5
2025-02-08 14:00:00,213.1408139396773,5
2025-02-08 15:00:00,228.3578793965415,5
2025-02-08 16:00:00,223.56263664910605,5
2025-02-08 17:00:00,237.56028336440065,5
2025-02-08 18:00:00,215.84963550301362,5
2025-02-08 19:00:00,207.86975605452025,5
2025-02-08 20:00:00,180.97303772754216,5
2025-02-08 21:00:00,161.42981761765606,5
2025-02-08 22:00:00,151.70284633160625,5
2025-02-08 23:00:00,146.32410278978068,5
2025-02-09 00:00:00,139.8098972447357,6
2025-02-09 01:00:00,136.7295737774041,6
2025-02-09 02:00:00,152.64983847983945,6
2025-02-09 03:00:00,153.67796260325503,6
2025-02-09 04:00:00,180.10129092566896,6
2025-02-09 05:00:00,205.118593439037,6
2025-02-09 06:00:00,217.80455126493518,6
2025-02-09 07:00:00,229.42234988047667,6
2025-02-09 08:00:00,207.19942922446083,6
2025-02-09 09:00:00,214.8179909135463,6
2025-02-09 10:00:00,211.9704541970042,6
2025-02-09 11:00:00,211.26821139424237,6
2025-02-09 12:00:00,209.5014280265259,6
2025-02-09 13:00:00,222.59090901635463,6
2025-02-09 14:00:00,219.45048630812343,6
2025-02-09 15:00:00,222.93645058052937,6
2025-02-09 16:00:00,231.986380095833,6
2025-02-09 17:00:00,224.96953864875695,6
2025-02-09 18:00:00,222.75831820315577,6
2025-02-09 19:00:00,203.91027865405505,6
2025-02-09 20:00:00,177.44444516902507,6
2025-02-09 21:00:00,173.37255519386275,6
2025-02-09 22:00:00,146.1534743425771,6
2025-02-09 23:00:00,130.47270815107748,6
2025-02-10 00:00:00,180.57781825286204,0
2025-02-10 01:00:00,190.30251455372255,0
2025-02-10 02:00:00,170.45961135156895,0
2025-02-10 03:00:00,226.5227285978722,0
2025-02-10 04:00:00,224.45006868648815,0
2025-02-10 05:00:00,250.72628983083982,0
2025-02-10 06:00:00,275.0951092600713,0
2025-02-10 07:00:00,285.49975916284467,0
2025-02-10 08:00:00,282.28462304635985,0
2025-02-10 09:00:00,280.8969019871907,0
2025-02-10 10:00:00,275.92869118458157,0
2025-02-10 11:00:00,274.5671361537294,0
2025-02-10 12:00:00,274.74191618801393,0
2025-02-10 13:00:00,286.65607810802226,0
2025-02-10 14:00:00,274.8776393732415,0
2025-02-10 15:00:00,285.02504365290275,0
2025-02-10 16:00:00,285.4012665215471,0
2025-02-10 17:00:00,277.0764723112617,0
2025-02-10 18:00:00,275.4260147780869,0
2025-02-10 19:00:00,272.6020336295001,0
2025-02-10 20:00:00,229.61710087663835,0
2025-02-10 21:00:00,219.94474056439623,0
2025-02-10 22:00:00,193.6249855492163,0
2025-02-10 23:00:00,176.1618991446137,0
2025-02-11 00:00:00,163.23378251303146,1
2025-02-11 01:00:00,175.6618860293093,1
2025-02-11 02:00:00,180.47289583514382,1
2025-02-11 03:00:00,211.2662156049583,1
2025-02-11 04:00:00,256.0753756628921,1
2025-02-11 05:00:00,251.44169463609563,1
2025-02-11 06:00:00,271.565340780342,1
2025-02-11 07:00:00,294.59559656898057,1
2025-02-11 08:00:00,292.6490754062929,1
2025-02-11 09:00:00,272.88284128703117,1
2025-02-11 10:00:00,259.28303823703453,1
2025-02-11 11:00:00,269.5477442221059,1
2025-02-11 12:00:00,276.64013454438054,1
2025-02-11 13:00:00,283.420223512708,1
2025-02-11 14:00:00,294.71244208015025,1
2025-02-11 15:00:00,300.87467286845936,1
2025-02-11 16:00:00,289.02187344026277,1
2025-02-11 17:00:00,278.0729419173713,1
2025-02-11 18:00:00,288.7985911335626,1
2025-02-11 19:00:00,257.46534897163997,1
2025-02-11 20:00:00,233.00724372265898,1
2025-02-11 21:00:00,218.03426552676805,1
2025-02-11 22:00:00,185.11928076814473,1
2025-02-11 23:00:00,183.08284166244013,1
2025-02-12 00:00:00,156.00576920384523,2
2025-02-12 01:00:00,175.53735862685298,2
2025-02-12 02:00:00,192.58301269933855,2
2025-02-12 03:00:00,207.29724675054393,2
2025-02-12 04:00:00,234.03499865298758,2
2025-02-12 05:00:00,246.9434040767552,2
2025-02-12 06:00:00,276.16608283435056,2
2025-02-12 07:00:00,265.22373408343617,2
2025-02-12 08:00:00,282.1655578815046,2
2025-02-12 09:00:00,280.79761987722407,2
2025-02-12 10:00:00,286.9201693927563,2
2025-02-12 11:00:00,260.28893805022665,2
2025-02-12 12:00:00,265.70444638892377,2
2025-02-12 13:00:00,268.886287688254,2
2025-02-12 14:00:00,280.19301183072207,2
2025-02-12 15:00:00,278.3497574620813,2
2025-02-12 16:00:00,285.70977565918264,2
2025-02-12 17:00:00,288.93626991959707,2
2025-02-12 18:00:00,265.75657770622536,2
2025-02-12 19:00:00,267.23079291803003,2
2025-02-12 20:00:00,232.8443428155888,2
2025-02-12 21:00:00,226.1772189838048,2
2025-02-12 22:00:00,186.83513785607119,2
2025-02-12 23:00:00,159.28291307322573,2
2025-02-13 00:00:00,166.02601394215216,3
2025-02-13 01:00:00,183.53768019551168,3
2025-02-13 02:00:00,194.38881618835896,3
2025-02-13 03:00:00,223.84267519558685,3
2025-02-13 04:00:00,241.4675157268043,3
2025-02-13 05:00:00,265.8141846739889,3
2025-02-13 06:00:00,273.027481555202,3
2025-02-13 07:00:00,291.96169841691597,3
2025-02-13 08:00:00,269.9549279000487,3
2025-02-13 09:00:00,289.5861277238108,3
2025-02-13 10:00:00,275.1389900428323,3
2025-02-13 11:00:00,287.9956456398988,3
2025-02-13 12:00:00,273.8594886385125,3
2025-02-13 13:00:00,278.4466795196576,3
2025-02-13 14:00:00,262.4690131154065,3
2025-02-13 15:00:00,289.63363005401465,3
2025-02-13 16:00:00,288.89041715503333,3
2025-02-13 17:00:00,278.14516454801594,3
2025-02-13 18:00:00,259.9484664815899,3
2025-02-13 19:00:00,248.97697652967298,3
2025-02-13 20:00:00,243.7159002599786,3
2025-02-13 21:00:00,206.87649031133748,3
2025-02-13 22:00:00,196.87924977773773,3
2025-02-13 23:00:00,177.75503293726456,3
2025-02-14 00:00:00,161.13073551560575,4
2025-02-14 01:00:00,173.8259610749742,4
2025-02-14 02:00:00,194.37337163693763,4
2025-02-14 03:00:00,228.19580441089414,4
2025-02-14 04:00:00,233.05113832833763,4
2025-02-14 05:00:00,256.28108244289797,4
2025-02-14 06:00:00,282.8565622193005,4
2025-02-14 07:00:00,282.27163610520444,4
2025-02-14 08:00:00,290.0757333522049,4
2025-02-14 09:00:00,287.76300687265535,4
2025-02-14 10:00:00,297.11495418881435,4
2025-02-14 11:00:00,281.4121019374805,4
2025-02-14 12:00:00,267.58633482308346,4
2025-02-14 13:00:00,273.3045551900128,4
2025-02-14 14:00:00,280.12080601975634,4
2025-02-14 15:00:00,300.63532901538974,4
2025-02-14 16:00:00,286.82256041122344,4
2025-02-14 17:00:00,304.42059852707007,4
2025-02-14 18:00:00,273.5329798072325,4
2025-02-14 19:00:00,264.70367743567334,4
2025-02-14 20:00:00,234.16293444219065,4
2025-02-14 21:00:00,206.23922983440505,4
2025-02-14 22:00:00,188.94769972445613,4
2025-02-14 23:00:00,192.16579844832998,4
2025-02-15 00:00:00,141.3035104469909,5
2025-02-15 01:00:00,136.89867845001388,5
2025-02-15 02:00:00,155.2129230692376,5
2025-02-15 03:00:00,160.56791991048087,5
2025-02-15 04:00:00,172.77117414409867,5
2025-02-15 05:00:00,207.6523672307698,5
2025-02-15 06:00:00,218.02408541536252,5
2025-02-15 07:00:00,232.6862914916462,5
2025-02-15 08:00:00,229.32623752873144,5
2025-02-15 09:00:00,236.5532230961187,5
2025-02-15 10:00:00,208.75770157351687,5
2025-02-15 11:00:00,211.2089926940767,5
2025-02-15 12:00:00,216.26370201039632,5
2025-02-15 13:00:00,221.03013926290427,5
2025-02-15 14:00:00,203.9595894327948,5
2025-02-15 15:00:00,234.77560661410791,5
2025-02-15 16:00:00,231.86662250573158,5
2025-02-15 17:00:00,220.28073390048957,5
2025-02-15 18:00:00,213.93402195330893,5
2025-02-15 19:00:00,192.49128554460844,5
2025-02-15 20:00:00,194.38070289786714,5
2025-02-15 21:00:00,166.86540109904732,5
2025-02-15 22:00:00,145.37428694009955,5
2025-02-15 23:00:00,145.94443975693218,5
2025-02-16 00:00:00,123.65334298872341,6
2025-02-16 01:00:00,142.5727621129878,6
2025-02-16 02:00:00,152.9327226436797,6
2025-02-16 03:00:00,174.72215733586597,6
2025-02-16 04:00:00,186.34193084095816,6
2025-02-16 05:00:00,198.8196879749591,6
2025-02-16 06:00:00,213.64765898173508,6
2025-02-16 07:00:00,232.13383192933162,6
2025-02-16 08:00:00,223.1226770491373,6
2025-02-16 09:00:00,224.8127511425959,6
2025-02-16 10:00:00,196.03612671485448,6
2025-02-16 11:00:00,216.91836005452575,6
2025-02-16 12:00:00,218.8119823578265,6
2025-02-16 13:00:00,207.2456813100277,6
2025-02-16 14:00:00,220.13897976078755,6
2025-02-16 15:00:00,219.29837262674835,6
2025-02-16 16:00:00,212.71444601679332,6
2025-02-16 17:00:00,215.58796832537425,6
2025-02-16 18:00:00,234.10934830337445,6
2025-02-16 19:00:00,194.85680666044448,6
2025-02-16 20:00:00,174.92732547141225,6
2025-02-16 21:00:00,167.57132936401993,6
2025-02-16 22:00:00,140.3919932484548,6
2025-02-16 23:00:00,145.52208253103916,6
2025-02-17 00:00:00,179.83699020618553,0
2025-02-17 01:00:00,175.53636473213402,0
2025-02-17 02:00:00,188.17333412050692,0
2025-02-17 03:00:00,219.0994032015752,0
2025-02-17 04:00:00,240.29260717729798,0
2025-02-17 05:00:00,258.1483936818419,0
2025-02-17 06:00:00,271.0451879532851,0
2025-02-17 07:00:00,281.62328154995015,0
2025-02-17 08:00:00,272.61165085167784,0
2025-02-17 09:00:00,292.36518526095097,0
2025-02-17 10:00:00,295.9111483921115,0
2025-02-17 11:00:00,272.0944207189774,0
2025-02-17 12:00:00,269.6220584764017,0
2025-02-17 13:00:00,271.37923353950805,0
2025-02-17 14:00:00,286.63113548288135,0
2025-02-17 15:00:00,294.4772818090485,0
2025-02-17 16:00:00,285.3081486782476,0
2025-02-17 17:00:00,273.38239291614553,0
2025-02-17 18:00:00,277.4494629890978,0
2025-02-17 19:00:00,256.55949149307656,0
2025-02-17 20:00:00,234.5910221149735,0
2025-02-17 21:00:00,214.78924381338211,0
2025-02-17 22:00:00,204.30971858583158,0
2025-02-17 23:00:00,181.35191150423069,0
2025-02-18 00:00:00,171.21045168510307,1
2025-02-18 01:00:00,179.52846626737008,1
2025-02-18 02:00:00,193.77632543996367,1
2025-02-18 03:00:00,210.57997417458768,1
2025-02-18 04:00:00,235.85369021664428,1
2025-02-18 05:00:00,264.39581475160435,1
2025-02-18 06:00:00,277.7762119902854,1
2025-02-18 07:00:00,296.4209094627452,1
2025-02-18 08:00:00,280.60596907621425,1
2025-02-18 09:00:00,276.17605261470953,1
2025-02-18 10:00:00,277.8601110949986,1
2025-02-18 11:00:00,270.292774452208,1
2025-02-18 12:00:00,291.34280550103824,1
2025-02-18 13:00:00,268.9830282365856,1
2025-02-18 14:00:00,266.4025244741217,1
2025-02-18 15:00:00,297.83728272074757,1
2025-02-18 16:00:00,280.13958834146854,1
2025-02-18 17:00:00,295.6467956283948,1
2025-02-18 18:00:00,282.73633747747664,1
2025-02-18 19:00:00,252.40352654389332,1
2025-02-18 20:00:00,224.9367468810686,1
2025-02-18 21:00:00,215.07880824473264,1
2025-02-18 22:00:00,191.21640683519087,1
2025-02-18 23:00:00,177.9461509038099,1
2025-02-19 00:00:00,171.83842092728787,2
2025-02-19 01:00:00,173.41413027377385,2
2025-02-19 02:00:00,185.59742083166108,2
2025-02-19 03:00:00,214.16948137034262,2
2025-02-19 04:00:00,249.00203690686863,2
2025-02-19 05:00:00,268.0963701782866,2
2025-02-19 06:00:00,275.9770885017192,2
2025-02-19 07:00:00,289.7599558100732,2
2025-02-19 08:00:00,292.90009072646467,2
2025-02-19 09:00:00,294.25745490446604,2
2025-02-19 10:00:00,271.8889191510753,2
2025-02-19 11:00:00,279.21413605970235,2
2025-02-19 12:00:00,268.6238249774633,2
2025-02-19 13:00:00,279.735957049205,2
2025-02-19 14:00:00,279.68551790904496,2
2025-02-19 15:00:00,282.1996240530836,2
2025-02-19 16:00:00,274.63347588793505,2
2025-02-19 17:00:00,276.40003451074114,2
2025-02-19 18:00:00,274.5218847942671,2
2025-02-19 19:00:00,246.32481845042025,2
2025-02-19 20:00:00,234.99885177506016,2
2025-02-19 21:00:00,224.50895903870796,2
2025-02-19 22:00:00,200.98205845072744,2
2025-02-19 23:00:00,177.4884245180076,2
2025-02-20 00:00:00,168.6783964830066,3
2025-02-20 01:00:00,190.29204611911362,3
2025-02-20 02:00:00,194.04908494945423,3
2025-02-20 03:00:00,221.09158198341615,3
2025-02-20 04:00:00,231.177703667809,3
2025-02-20 05:00:00,255.60952196145382,3
2025-02-20 06:00:00,274.82341637913567,3
2025-02-20 07:00:00,290.4987631493432,3
2025-02-20 08:00:00,296.47662724243537,3
2025-02-20 09:00:00,294.30856565958334,3
2025-02-20 10:00:00,279.48005367915925,3
2025-02-20 11:00:00,272.57668911488315,3
2025-02-20 12:00:00,283.9540326509257,3
2025-02-20 13:00:00,280.33946373860124,3
2025-02-20 14:00:00,282.1487943025409,3
2025-02-20 15:00:00,285.358269314315,3
2025-02-20 16:00:00,292.7528616875358,3
2025-02-20 17:00:00,282.54180085538377,3
2025-02-20 18:00:00,276.601172099203,3
2025-02-20 19:00:00,274.78062839771934,3
2025-02-20 20:00:00,231.36349438468275,3
2025-02-20 21:00:00,220.17815232498094,3
2025-02-20 22:00:00,197.23796414401383,3
2025-02-20 23:00:00,185.72401249033823,3
2025-02-21 00:00:00,167.25789400075092,4
2025-02-21 01:00:00,170.12745574442135,4
2025-02-21 02:00:00,204.31031090650544,4
2025-02-21 03:00:00,203.22680783177,4
2025-02-21 04:00:00,239.4058001093327,4
2025-02-21 05:00:00,258.0154374300123,4
2025-02-21 06:00:00,275.1272925409626,4
2025-02-21 07:00:00,290.0869073167982,4
2025-02-21 08:00:00,298.67848188615545,4
2025-02-21 09:00:00,294.1601560786904,4
2025-02-21 10:00:00,277.0599290341612,4
2025-02-21 11:00:00,270.17830798716545,4
2025-02-21 12:00:00,278.80038934057865,4
2025-02-21 13:00:00,275.4286109185526,4
2025-02-21 14:00:00,274.6992960743942,4
2025-02-21 15:00:00,282.8915127733768,4
2025-02-21 16:00:00,277.69349887762985,4
2025-02-21 17:00:00,282.1503932048938,4
2025-02-21 18:00:00,269.5344615486051,4
2025-02-21 19:00:00,266.6359617274604,4
2025-02-21 20:00:00,227.75920260824478,4
2025-02-21 21:00:00,215.65159449297033,4
2025-02-21 22:00:00,208.05275847338024,4
2025-02-21 23:00:00,174.02956277578582,4
2025-02-22 00:00:00,137.76083367035034,5
2025-02-22 01:00:00,136.31434044447326,5
2025-02-22 02:00:00,148.5419961763209,5
2025-02-22 03:00:00,161.50455732779662,5
2025-02-22 04:00:00,180.49526905786996,5
2025-02-22 05:00:00,204.6295100980759,5
2025-02-22 06:00:00,202.1586234131536,5
2025-02-22 07:00:00,218.42439139513087,5
2025-02-22 08:00:00,226.169580909277,5
2025-02-22 09:00:00,211.8157764337153,5
2025-02-22 10:00:00,229.82705434301354,5
2025-02-22 11:00:00,225.66011472858722,5
2025-02-22 12:00:00,203.6387015633655,5
2025-02-22 13:00:00,220.1717244461837,5
2025-02-22 14:00:00,229.5928470637598,5
2025-02-22 15:00:00,224.68100235878737,5
2025-02-22 16:00:00,221.85443445626558,5
2025-02-22 17:00:00,214.20782024215106,5
2025-02-22 18:00:00,209.7158436665418,5
2025-02-22 19:00:00,192.8955306091175,5
2025-02-22 20:00:00,180.35676864129294,5
2025-02-22 21:00:00,165.93323975301843,5
2025-02-22 22:00:00,161.06845610961918,5
2025-02-22 23:00:00,142.43110098058503,5
2025-02-23 00:00:00,145.698317858609,6
2025-02-23 01:00:00,147.64305837971108,6
2025-02-23 02:00:00,151.00271934793702,6
2025-02-23 03:00:00,176.3525534712306,6
2025-02-23 04:00:00,196.26363002568593,6
2025-02-23 05:00:00,201.10438152915088,6
2025-02-23 06:00:00,197.6415715253704,6
2025-02-23 07:00:00,222.58516689271843,6
2025-02-23 08:00:00,224.2772755266086,6
2025-02-23 09:00:00,220.31503524569084,6
2025-02-23 10:00:00,210.77298945511126,6
2025-02-23 11:00:00,208.35223234302802,6
2025-02-23 12:00:00,213.8834318740841,6
2025-02-23 13:00:00,216.02163485455867,6
2025-02-23 14:00:00,217.22003312498546,6
2025-02-23 15:00:00,210.18593129409226,6
2025-02-23 16:00:00,224.62465883596175,6
2025-02-23 17:00:00,225.39190949069712,6
2025-02-23 18:00:00,225.39248511690914,6
2025-02-23 19:00:00,197.67415037531234,6
2025-02-23 20:00:00,183.8367055982679,6
2025-02-23 21:00:00,176.2546165273724,6
2025-02-23 22:00:00,162.54316516129134,6
2025-02-23 23:00:00,134.49081446193827,6
2025-02-24 00:00:00,181.11688565030857,0
2025-02-24 01:00:00,168.10184300725086,0
2025-02-24 02:00:00,197.42712857453517,0
2025-02-24 03:00:00,207.07953496589604,0
2025-02-24 04:00:00,238.07803382739553,0
2025-02-24 05:00:00,261.3515041330004,0
2025-02-24 06:00:00,257.04489679339304,0
2025-02-24 07:00:00,282.2951873334291,0
2025-02-24 08:00:00,286.9247266114561,0
2025-02-24 09:00:00,291.64063436442217,0
2025-02-24 10:00:00,283.557605396938,0
2025-02-24 11:00:00,277.14195831705564,0
2025-02-24 12:00:00,282.4086487060105,0
2025-02-24 13:00:00,273.45339876404427,0
2025-02-24 14:00:00,283.48580813154473,0
2025-02-24 15:00:00,274.72164929099046,0
2025-02-24 16:00:00,288.90873158180716,0
2025-02-24 17:00:00,280.1724478402567,0
2025-02-24 18:00:00,284.0798943216901,0
2025-02-24 19:00:00,253.2580622358185,0
2025-02-24 20:00:00,242.4415320875065,0
2025-02-24 21:00:00,216.64959210899468,0
2025-02-24 22:00:00,203.4113033425727,0
2025-02-24 23:00:00,198.17797623738767,0
2025-02-25 00:00:00,181.68861013632963,1
2025-02-25 01:00:00,168.65305820104842,1
2025-02-25 02:00:00,196.08000987083835,1
2025-02-25 03:00:00,212.56725668352746,1
2025-02-25 04:00:00,251.97389708909535,1
2025-02-25 05:00:00,255.04076583338417,1
2025-02-25 06:00:00,262.28534534388035,1
2025-02-25 07:00:00,277.77222296723664,1
2025-02-25 08:00:00,288.0444214334662,1
2025-02-25 09:00:00,287.8048637579997,1
2025-02-25 10:00:00,285.72405382670365,1
2025-02-25 11:00:00,277.1968365281344,1
2025-02-25 12:00:00,276.4703969376728,1
2025-02-25 13:00:00,280.9961137485129,1
2025-02-25 14:00:00,292.2003332843343,1
2025-02-25 15:00:00,297.448218284311,1
2025-02-25 16:00:00,294.3789410175967,1
2025-02-25 17:00:00,285.4564728525044,1
2025-02-25 18:00:00,272.99650869373386,1
2025-02-25 19:00:00,260.80745616198203,1
2025-02-25 20:00:00,242.33910393180517,1
2025-02-25 21:00:00,216.45405995251002,1
2025-02-25 22:00:00,192.14800162872814,1
2025-02-25 23:00:00,170.89217253076055,1
2025-02-26 00:00:00,178.66602384799396,2
2025-02-26 01:00:00,181.0975548336185,2
2025-02-26 02:00:00,182.20328497741696,2
2025-02-26 03:00:00,215.06340279929864,2
2025-02-26 04:00:00,244.3170285503043,2
2025-02-26 05:00:00,241.28529130413915,2
2025-02-26 06:00:00,265.953396711383,2
2025-02-26 07:00:00,288.4065138349984,2
2025-02-26 08:00:00,289.4453631702722,2
2025-02-26 09:00:00,300.9988656944909,2
2025-02-26 10:00:00,274.79001675301373,2
2025-02-26 11:00:00,279.44535596149245,2
2025-02-26 12:00:00,274.46838650022767,2
2025-02-26 13:00:00,255.62606142345862,2
2025-02-26 14:00:00,269.42257319656534,2
2025-02-26 15:00:00,286.71561219245905,2
2025-02-26 16:00:00,288.64162869185253,2
2025-02-26 17:00:00,276.7189034802245,2
2025-02-26 18:00:00,278.98372674930664,2
2025-02-26 19:00:00,261.4145080979811,2
2025-02-26 20:00:00,223.17906912962505,2
2025-02-26 21:00:00,214.11384265011924,2
2025-02-26 22:00:00,189.39323773387704,2
2025-02-26 23:00:00,167.34369147553895,2
2025-02-27 00:00:00,183.69746603058607,3
2025-02-27 01:00:00,174.99925709870377,3
2025-02-27 02:00:00,197.92267101202253,3
2025-02-27 03:00:00,205.20924062983917,3
2025-02-27 04:00:00,238.97618516013688,3
2025-02-27 05:00:00,269.63559388969617,3
2025-02-27 06:00:00,275.3323342854251,3
2025-02-27 07:00:00,288.02118302930313,3
2025-02-27 08:00:00,281.1140931427229,3
2025-02-27 09:00:00,284.59806288700133,3
2025-02-27 10:00:00,289.5832187498631,3
2025-02-27 11:00:00,265.66320538331536,3
2025-02-27 12:00:00,287.6147053098992,3
2025-02-27 13:00:00,281.90615204592933,3
2025-02-27 14:00:00,292.77468745905827,3
2025-02-27 15:00:00,293.6049506023064,3
2025-02-27 16:00:00,290.34061640801957,3
2025-02-27 17:00:00,283.67139044757835,3
2025-02-27 18:00:00,274.59430671638216,3
2025-02-27 19:00:00,253.0280553445205,3
2025-02-27 20:00:00,228.88145019091243,3
2025-02-27 21:00:00,208.25864783733545,3
2025-02-27 22:00:00,197.85115150755428,3
2025-02-27 23:00:00,173.0833239276432,3
2025-02-28 00:00:00,173.63169180797135,4
2025-02-28 01:00:00,184.00875724045807,4
2025-02-28 02:00:00,195.9917807865051,4
2025-02-28 03:00:00,215.0198811622697,4
2025-02-28 04:00:00,226.55910662515305,4
2025-02-28 05:00:00,280.80102472566875,4
2025-02-28 06:00:00,278.91757325431973,4
2025-02-28 07:00:00,284.53975741284637,4
2025-02-28 08:00:00,293.11938521146016,4
2025-02-28 09:00:00,278.8328814736167,4
2025-02-28 10:00:00,280.4752970560255,4
2025-02-28 11:00:00,278.48907828239766,4
2025-02-28 12:00:00,276.5613980363891,4
2025-02-28 13:00:00,256.0433751304377,4
2025-02-28 14:00:00,283.97348097459184,4
2025-02-28 15:00:00,286.6057585723075,4
2025-02-28 16:00:00,274.34119146379714,4
2025-02-28 17:00:00,277.44200539382723,4
2025-02-28 18:00:00,269.8091622228689,4
2025-02-28 19:00:00,263.220085611033,4
2025-02-28 20:00:00,231.7510137160119,4
2025-02-28 21:00:00,197.2631586313924,4
2025-02-28 22:00:00,195.66033634408893,4
2025-02-28 23:00:00,176.1109704369418,4
2025-03-01 00:00:00,142.4934869518561,5
2025-03-01 01:00:00,134.81095336233705,5
2025-03-01 02:00:00,142.75049731218763,5
2025-03-01 03:00:00,176.1961814023362,5
2025-03-01 04:00:00,174.81808405469715,5
2025-03-01 05:00:00,202.48229691743074,5
2025-03-01 06:00:00,210.78369275563733,5
2025-03-01 07:00:00,226.88862258021317,5
2025-03-01 08:00:00,222.22255343738846,5
2025-03-01 09:00:00,227.73134282056134,5
2025-03-01 10:00:00,219.82255566379806,5
2025-03-01 11:00:00,215.10047958892483,5
2025-03-01 12:00:00,216.67690103850404,5
2025-03-01 13:00:00,210.15870453568942,5
2025-03-01 14:00:00,222.48084031294795,5
2025-03-01 15:00:00,203.5794684432431,5
2025-03-01 16:00:00,210.81468993931645,5
2025-03-01 17:00:00,235.61245548140064,5
2025-03-01 18:00:00,220.0640763833466,5
2025-03-01 19:00:00,197.83855051289908,5
2025-03-01 20:00:00,203.870811404046,5
2025-03-01 21:00:00,157.31546829288536,5
2025-03-01 22:00:00,153.07335376181007,5
2025-03-01 23:00:00,138.1633293522517,5
2025-03-02 00:00:00,146.1551578431819,6
2025-03-02 01:00:00,142.2244691819649,6
2025-03-02 02:00:00,153.1107643401892,6
2025-03-02 03:00:00,180.7874685525866,6
2025-03-02 04:00:00,184.2993760046611,6
2025-03-02 05:00:00,195.70155300027315,6
2025-03-02 06:00:00,216.8742618168113,6
2025-03-02 07:00:00,205.37193301606743,6
2025-03-02 08:00:00,231.9153078885506,6
2025-03-02 09:00:00,224.61493274540888,6
2025-03-02 10:00:00,226.1514952441091,6
2025-03-02 11:00:00,221.3642250877139,6
2025-03-02 12:00:00,212.76962071067825,6
2025-03-02 13:00:00,213.72509808776337,6
2025-03-02 14:00:00,217.52036586876352,6
2025-03-02 15:00:00,224.37617175954634,6
2025-03-02 16:00:00,229.05963866543271,6
2025-03-02 17:00:00,225.02429656027363,6
2025-03-02 18:00:00,207.8001657443397,6
2025-03-02 19:00:00,210.88867760594607,6
2025-03-02 20:00:00,194.01596430913088,6
2025-03-02 21:00:00,160.3360157801144,6
2025-03-02 22:00:00,155.92432281654467,6
2025-03-02 23:00:00,136.6527714471233,6
2025-03-03 00:00:00,177.143618702096,0
2025-03-03 01:00:00,187.72478720774149,0
2025-03-03 02:00:00,196.17190750741554,0
2025-03-03 03:00:00,213.03864578478573,0
2025-03-03 04:00:00,227.4153597740567,0
2025-03-03 05:00:00,255.69213421574295,0
2025-03-03 06:00:00,261.9405034773397,0
2025-03-03 07:00:00,286.64351799979164,0
2025-03-03 08:00:00,282.7127182188473,0
2025-03-03 09:00:00,290.13274815491127,0
2025-03-03 10:00:00,287.8983926414362,0
2025-03-03 11:00:00,280.51468443643927,0
2025-03-03 12:00:00,272.3410977338094,0
2025-03-03 13:00:00,273.2452085503676,0
2025-03-03 14:00:00,272.37806551481884,0
2025-03-03 15:00:00,281.3424801843605,0
2025-03-03 16:00:00,295.5166869639528,0
2025-03-03 17:00:00,283.9861988134715,0
2025-03-03 18:00:00,264.359244838159,0
2025-03-03 19:00:00,256.2845823301733,0
2025-03-03 20:00:00,230.5781532359607,0
2025-03-03 21:00:00,202.54713579934747,0
2025-03-03 22:00:00,188.86537429452025,0
2025-03-03 23:00:00,176.44933161430342,0
2025-03-04 00:00:00,173.05872013826985,1
2025-03-04 01:00:00,178.31585157901796,1
2025-03-04 02:00:00,185.117716271823,1
2025-03-04 03:00:00,228.30812562077776,1
2025-03-04 04:00:00,239.7481351553939,1
2025-03-04 05:00:00,253.8167223398962,1
2025-03-04 06:00:00,269.8434815822574,1
2025-03-04 07:00:00,284.8111882077252,1
2025-03-04 08:00:00,293.9855143181407,1
2025-03-04 09:00:00,297.3113460833189,1
2025-03-04 10:00:00,283.19672588540936,1
2025-03-04 11:00:00,273.03805403929067,1
2025-03-04 12:00:00,279.8159577787742,1
2025-03-04 13:00:00,276.8093668115994,1
2025-03-04 14:00:00,294.3181675155257,1
2025-03-04 15:00:00,277.9592468095483,1
2025-03-04 16:00:00,282.297425424945,1
2025-03-04 17:00:00,269.85108081964484,1
2025-03-04 18:00:00,271.4166616271589,1
2025-03-04 19:00:00,259.32112396528817,1
2025-03-04 20:00:00,242.59777243666136,1
2025-03-04 21:00:00,213.86547945935047,1
2025-03-04 22:00:00,189.09684575188254,1
2025-03-04 23:00:00,177.7496985698569,1
2025-03-05 00:00:00,168.85284977053496,2
2025-03-05 01:00:00,181.71376124073356,2
2025-03-05 02:00:00,191.45855894676217,2
2025-03-05 03:00:00,222.90635533510255,2
2025-03-05 04:00:00,237.63509855061545,2
2025-03-05 05:00:00,257.43368145090676,2
2025-03-05 06:00:00,261.3401570571097,2
2025-03-05 07:00:00,278.78838879688993,2
2025-03-05 08:00:00,298.3933435752888,2
2025-03-05 09:00:00,280.4075376548938,2
2025-03-05 10:00:00,282.0028699334308,2
2025-03-05 11:00:00,270.12666740900926,2
2025-03-05 12:00:00,266.19807835694525,2
2025-03-05 13:00:00,300.4157992792497,2
2025-03-05 14:00:00,269.1676991628239,2
2025-03-05 15:00:00,279.4547090910885,2
2025-03-05 16:00:00,285.97989769999424,2
2025-03-05 17:00:00,279.64244008742486,2
2025-03-05 18:00:00,274.37185743275154,2
2025-03-05 19:00:00,277.3447003955084,2
2025-03-05 20:00:00,224.46080299468525,2
2025-03-05 21:00:00,208.79120732280433,2
2025-03-05 22:00:00,189.28155090355077,2
2025-03-05 23:00:00,176.28591962144338,2
2025-03-06 00:00:00,175.03454244518852,3
2025-03-06 01:00:00,179.34503062959124,3
2025-03-06 02:00:00,190.8878741069379,3
2025-03-06 03:00:00,205.03125958641021,3
2025-03-06 04:00:00,247.27543869886762,3
2025-03-06 05:00:00,255.3597909231263,3
2025-03-06 06:00:00,287.50017656111703,3
2025-03-06 07:00:00,291.2225774472329,3
2025-03-06 08:00:00,281.48781997789104,3
2025-03-06 09:00:00,289.72377661198595,3
2025-03-06 10:00:00,303.55852576128694,3
2025-03-06 11:00:00,279.35873650435457,3
2025-03-06 12:00:00,274.73096106219515,3
2025-03-06 13:00:00,269.9308147919909,3
2025-03-06 14:00:00,286.3685123163497,3
2025-03-06 15:00:00,276.0209983246883,3
2025-03-06 16:00:00,283.1909147052255,3
2025-03-06 17:00:00,289.69568663581015,3
2025-03-06 18:00:00,274.3582032890039,3
2025-03-06 19:00:00,265.18837288934253,3
2025-03-06 20:00:00,234.95702629262797,3
2025-03-06 21:00:00,232.84862222177287,3
2025-03-06 22:00:00,189.5494421497055,3
2025-03-06 23:00:00,182.01501286862,3
2025-03-07 00:00:00,171.4045004165501,4
2025-03-07 01:00:00,186.51584337245154,4
2025-03-07 02:00:00,194.26912923627438,4
2025-03-07 03:00:00,214.73992458687331,4
2025-03-07 04:00:00,234.01578348797852,4
2025-03-07 05:00:00,253.68141110783264,4
2025-03-07 06:00:00,271.870566235828,4
2025-03-07 07:00:00,287.1866920560875,4
2025-03-07 08:00:00,285.94185896703164,4
2025-03-07 09:00:00,285.76184307393936,4
2025-03-07 10:00:00,271.58062910726636,4
2025-03-07 11:00:00,267.17726531378077,4
2025-03-07 12:00:00,283.5077160690171,4
2025-03-07 13:00:00,278.9316432365008,4
2025-03-07 14:00:00,277.39478332619296,4
2025-03-07 15:00:00,280.49631133724847,4
2025-03-07 16:00:00,296.61065661882117,4
2025-03-07 17:00:00,293.4377955618758,4
2025-03-07 18:00:00,276.90691652583735,4
2025-03-07 19:00:00,262.29458254770157,4
2025-03-07 20:00:00,244.12545189261138,4
2025-03-07 21:00:00,226.64470957609814,4
2025-03-07 22:00:00,209.4649738989977,4
2025-03-07 23:00:00,185.44428148994044,4
2025-03-08 00:00:00,121.0116441337414,5
2025-03-08 01:00:00,142.94993307570752,5
2025-03-08 02:00:00,141.84004860463665,5
2025-03-08 03:00:00,154.24377171888594,5
2025-03-08 04:00:00,186.8776433861339,5
2025-03-08 05:00:00,204.26700521982957,5
2025-03-08 06:00:00,212.71096181012538,5
2025-03-08 07:00:00,224.60521055561964,5
2025-03-08 08:00:00,221.51205440933438,5
2025-03-08 09:00:00,220.69484127906276,5
2025-03-08 10:00:00,228.1330040157922,5
2025-03-08 11:00:00,218.48478055261828,5
2025-03-08 12:00:00,230.35452061929948,5
2025-03-08 13:00:00,234.91273018387577,5
2025-03-08 14:00:00,226.94456947786253,5
2025-03-08 15:00:00,211.6459146590296,5
2025-03-08 16:00:00,234.0103512151387,5
2025-03-08 17:00:00,232.5750170389813,5
2025-03-08 18:00:00,206.4315329438461,5
2025-03-08 19:00:00,205.6537575379879,5
2025-03-08 20:00:00,184.25819918448556,5
2025-03-08 21:00:00,174.28215354971638,5
2025-03-08 22:00:00,151.25454058639215,5
2025-03-08 23:00:00,144.4566830042943,5
2025-03-09 00:00:00,137.54592254524943,6
2025-03-09 01:00:00,131.36905292485451,6
2025-03-09 02:00:00,157.45100866177648,6
2025-03-09 03:00:00,169.72174529716432,6
2025-03-09 04:00:00,184.07027826848537,6
2025-03-09 05:00:00,194.69462065220523,6
2025-03-09 06:00:00,218.33449053609695,6
2025-03-09 07:00:00,227.03696282716444,6
2025-03-09 08:00:00,225.8827254744218,6
2025-03-09 09:00:00,226.51430027296308,6
2025-03-09 10:00:00,223.39471189068396,6
2025-03-09 11:00:00,208.81732438769504,6
2025-03-09 12:00:00,203.81183825650245,6
2025-03-09 13:00:00,215.47907169570078,6
2025-03-09 14:00:00,226.37107804274308,6
2025-03-09 15:00:00,229.8200262312443,6
2025-03-09 16:00:00,216.61799470996212,6
2025-03-09 17:00:00,212.69135483827884,6
2025-03-09 18:00:00,205.40021469045473,6
2025-03-09 19:00:00,209.42410031737714,6
2025-03-09 20:00:00,190.5527998555263,6
2025-03-09 21:00:00,157.5802368180152,6
2025-03-09 22:00:00,161.59118102028364,6
2025-03-09 23:00:00,129.11696433609114,6
2025-03-10 00:00:00,187.04270074701165,0
2025-03-10 01:00:00,179.3347488848717,0
2025-03-10 02:00:00,196.1042147842522,0
2025-03-10 03:00:00,214.09788311731626,0
2025-03-10 04:00:00,245.0367702090421,0
2025-03-10 05:00:00,235.53509030636783,0
2025-03-10 06:00:00,271.48834262088315,0
2025-03-10 07:00:00,291.47847951014853,0
2025-03-10 08:00:00,276.1592904162221,0
2025-03-10 09:00:00,289.98166141876555,0
2025-03-10 10:00:00,270.6699167769188,0
2025-03-10 11:00:00,278.9417366718725,0
2025-03-10 12:00:00,271.47153693846724,0
2025-03-10 13:00:00,266.5859134546353,0
2025-03-10 14:00:00,269.6999374962948,0
2025-03-10 15:00:00,284.52260116626377,0
2025-03-10 16:00:00,282.81718025063145,0
2025-03-10 17:00:00,280.40989175646104,0
2025-03-10 18:00:00,278.9431711289416,0
2025-03-10 19:00:00,262.2704134391268,0
2025-03-10 20:00:00,238.81988570381398,0
2025-03-10 21:00:00,215.8361742590822,0
2025-03-10 22:00:00,201.16498009689718,0
2025-03-10 23:00:00,181.01750356848063,0
2025-03-11 00:00:00,162.95120100183652,1
2025-03-11 01:00:00,185.30693166882497,1
2025-03-11 02:00:00,198.64897804589233,1
2025-03-11 03:00:00,216.5588448279342,1
2025-03-11 04:00:00,241.08000172884599,1
2025-03-11 05:00:00,262.9758411543579,1
2025-03-11 06:00:00,271.4935087745759,1
2025-03-11 07:00:00,278.560188738215,1
2025-03-11 08:00:00,281.1456188190304,1
2025-03-11 09:00:00,291.8082017854586,1
2025-03-11 10:00:00,274.7753537291005,1
2025-03-11 11:00:00,271.6488876057286,1
2025-03-11 12:00:00,281.3587956452246,1
2025-03-11 13:00:00,281.9628271171505,1
2025-03-11 14:00:00,265.47069727272,1
2025-03-11 15:00:00,292.1230364868988,1
2025-03-11 16:00:00,288.54346826357767,1
2025-03-11 17:00:00,282.7869781668685,1
2025-03-11 18:00:00,267.4374768851859,1
2025-03-11 19:00:00,255.2478335432448,1
2025-03-11 20:00:00,233.51254146738057,1
2025-03-11 21:00:00,214.77640843674973,1
2025-03-11 22:00:00,189.08490517957677,1
2025-03-11 23:00:00,174.11717679692325,1
2025-03-12 00:00:00,178.0045683576091,2
2025-03-12 01:00:00,178.33619759082237,2
2025-03-12 02:00:00,190.1300590083003,2
2025-03-12 03:00:00,226.1181917508049,2
2025-03-12 04:00:00,224.76308353103806,2
2025-03-12 05:00:00,262.00832599336417,2
2025-03-12 06:00:00,285.088605431948,2
2025-03-12 07:00:00,304.7072677303333,2
2025-03-12 08:00:00,280.4372923041527,2
2025-03-12 09:00:00,287.79734686413485,2
2025-03-12 10:00:00,282.237617480373,2
2025-03-12 11:00:00,267.83610622488754,2
2025-03-12 12:00:00,280.66016975849595,2
2025-03-12 13:00:00,275.3042180491571,2
2025-03-12 14:00:00,280.4602430594284,2
2025-03-12 15:00:00,294.36287302359653,2
2025-03-12 16:00:00,277.4068467435539,2
2025-03-12 17:00:00,281.15782681882837,2
2025-03-12 18:00:00,255.40676259768253,2
2025-03-12 19:00:00,265.7369011690613,2
2025-03-12 20:00:00,223.37196438572113,2
2025-03-12 21:00:00,221.83732078755713,2
2025-03-12 22:00:00,192.8715913071407,2
2025-03-12 23:00:00,172.49377728424415,2
2025-03-13 00:00:00,177.14095190911536,3
2025-03-13 01:00:00,178.60713868152612,3
2025-03-13 02:00:00,194.60851968218492,3
2025-03-13 03:00:00,219.75898066439285,3
2025-03-13 04:00:00,237.65320315012625,3
2025-03-13 05:00:00,266.6463249711942,3
2025-03-13 06:00:00,273.5648441307208,3
2025-03-13 07:00:00,282.88287655336626,3
2025-03-13 08:00:00,284.9261379710909,3
2025-03-13 09:00:00,290.72280986306475,3
2025-03-13 10:00:00,287.75749199459284,3
2025-03-13 11:00:00,287.6527719175703,3
2025-03-13 12:00:00,269.94348938304114,3
2025-03-13 13:00:00,289.33507840669694,3
2025-03-13 14:00:00,283.3876179940146,3
2025-03-13 15:00:00,286.43317032740674,3
2025-03-13 16:00:00,293.13524015211897,3
2025-03-13 17:00:00,296.899816145889,3
2025-03-13 18:00:00,271.7944368667131,3
2025-03-13 19:00:00,250.39490283969027,3
2025-03-13 20:00:00,252.29659684946378,3
2025-03-13 21:00:00,225.94090676879088,3
2025-03-13 22:00:00,197.54312094140533,3
2025-03-13 23:00:00,175.6378401061824,3
2025-03-14 00:00:00,174.8345656087201,4
2025-03-14 01:00:00,183.42874323974578,4
2025-03-14 02:00:00,187.89632366188238,4
2025-03-14 03:00:00,214.32092863681908,4
2025-03-14 04:00:00,229.88958676466137,4
2025-03-14 05:00:00,253.34360881155098,4
2025-03-14 06:00:00,266.972554688095,4
2025-03-14 07:00:00,281.61280279379866,4
2025-03-14 08:00:00,291.70117677238534,4
2025-03-14 09:00:00,297.38270198902836,4
2025-03-14 10:00:00,281.6777596582206,4
2025-03-14 11:00:00,263.32943946761253,4
2025-03-14 12:00:00,291.486935190625,4
2025-03-14 13:00:00,263.77081178661354,4
2025-03-14 14:00:00,267.21747246118207,4
2025-03-14 15:00:00,299.85331728710383,4
2025-03-14 16:00:00,276.1322553223123,4
2025-03-14 17:00:00,278.335202466715,4
2025-03-14 18:00:00,269.98169333675605,4
2025-03-14 19:00:00,235.87085712247196,4
2025-03-14 20:00:00,229.36917308784305,4
2025-03-14 21:00:00,206.09565421693455,4
2025-03-14 22:00:00,182.66169981103926,4
2025-03-14 23:00:00,179.4358166926259,4
2025-03-15 00:00:00,134.82625248929725,5
2025-03-15 01:00:00,141.77713555307224,5
2025-03-15 02:00:00,151.80571859447141,5
2025-03-15 03:00:00,164.3470450254649,5
2025-03-15 04:00:00,192.2987694814628,5
2025-03-15 05:00:00,201.58744361093366,5
2025-03-15 06:00:00,226.1910911650351,5
2025-03-15 07:00:00,227.66160709684937,5
2025-03-15 08:00:00,223.69819651263998,5
2025-03-15 09:00:00,211.3353185734459,5
2025-03-15 10:00:00,217.7020745798488,5
2025-03-15 11:00:00,188.54472360297302,5
2025-03-15 12:00:00,210.09823527600372,5
2025-03-15 13:00:00,218.05876962896437,5
2025-03-15 14:00:00,223.2419755962218,5
2025-03-15 15:00:00,216.06905512519654,5
2025-03-15 16:00:00,223.2505277219323,5
2025-03-15 17:00:00,217.54825228148616,5
2025-03-15 18:00:00,219.42135494588803,5
2025-03-15 19:00:00,218.7606454064264,5
2025-03-15 20:00:00,181.64970067937665,5
2025-03-15 21:00:00,161.23790430652033,5
2025-03-15 22:00:00,150.45228096514523,5
2025-03-15 23:00:00,141.3188486970544,5
2025-03-16 00:00:00,139.84939377781143,6
2025-03-16 01:00:00,143.46225174983635,6
2025-03-16 02:00:00,167.71477022097125,6
2025-03-16 03:00:00,164.3114783399769,6
2025-03-16 04:00:00,179.96499380980325,6
2025-03-16 05:00:00,203.50003244721063,6
2025-03-16 06:00:00,203.97259399360402,6
2025-03-16 07:00:00,224.2946945758745,6
2025-03-16 08:00:00,212.75758971684516,6
2025-03-16 09:00:00,221.98256004427654,6
2025-03-16 10:00:00,215.02534284571763,6
2025-03-16 11:00:00,228.4742935596467,6
2025-03-16 12:00:00,202.09180902770711,6
2025-03-16 13:00:00,227.16792336999293,6
2025-03-16 14:00:00,210.8541242738797,6
2025-03-16 15:00:00,215.24528912965766,6
2025-03-16 16:00:00,238.6311929574408,6
2025-03-16 17:00:00,236.8233888975489,6
2025-03-16 18:00:00,210.62349782839976,6
2025-03-16 19:00:00,197.03206283139002,6
2025-03-16 20:00:00,174.4696058603776,6
2025-03-16 21:00:00,181.11928431768143,6
2025-03-16 22:00:00,145.54932115589466,6
2025-03-16 23:00:00,138.4408487898001,6
2025-03-17 00:00:00,177.14645927754168,0
2025-03-17 01:00:00,178.39176131053634,0
2025-03-17 02:00:00,185.69383515480132,0
2025-03-17 03:00:00,215.70120923492058,0
2025-03-17 04:00:00,230.74114345381903,0
2025-03-17 05:00:00,245.51622206674443,0
2025-03-17 06:00:00,291.14157791747016,0
2025-03-17 07:00:00,280.3762165303223,0
2025-03-17 08:00:00,282.54541554159533,0
2025-03-17 09:00:00,293.52607472832784,0
2025-03-17 10:00:00,275.58965556278065,0
2025-03-17 11:00:00,281.2124278763582,0
2025-03-17 12:00:00,277.67969965827126,0
2025-03-17 13:00:00,267.93905501266585,0
2025-03-17 14:00:00,288.90023685711657,0
2025-03-17 15:00:00,289.4525415113356,0
2025-03-17 16:00:00,301.86377087041313,0
2025-03-17 17:00:00,290.82578987421783,0
2025-03-17 18:00:00,269.6721461621152,0
2025-03-17 19:00:00,273.35802153948447,0
2025-03-17 20:00:00,236.9901948722121,0
2025-03-17 21:00:00,231.4887370736442,0
2025-03-17 22:00:00,199.30184816946365,0
2025-03-17 23:00:00,177.91069440053528,0
2025-03-18 00:00:00,176.9810072027109,1
2025-03-18 01:00:00,195.88910669169934,1
2025-03-18 02:00:00,189.23785063974177,1
2025-03-18 03:00:00,214.7874694002244,1
2025-03-18 04:00:00,238.06372926081139,1
2025-03-18 05:00:00,258.01713188883747,1
2025-03-18 06:00:00,279.3621516267151,1
2025-03-18 07:00:00,294.72086527161724,1
2025-03-18 08:00:00,284.64669695085723,1
2025-03-18 09:00:00,278.6411500029672,1
2025-03-18 10:00:00,269.19976571908757,1
2025-03-18 11:00:00,268.4328041188177,1
2025-03-18 12:00:00,270.7863635078654,1
2025-03-18 13:00:00,266.74862762272494,1
2025-03-18 14:00:00,292.5941181770661,1
2025-03-18 15:00:00,288.3545732299532,1
2025-03-18 16:00:00,297.8069414232421,1
2025-03-18 17:00:00,282.84579328134214,1
2025-03-18 18:00:00,272.906033567127,1
2025-03-18 19:00:00,266.10355296625363,1
2025-03-18 20:00:00,240.89510156440608,1
2025-03-18 21:00:00,208.07021386160415,1
2025-03-18 22:00:00,193.70001158183513,1
2025-03-18 23:00:00,169.6419423833231,1
2025-03-19 00:00:00,168.8583943163631,2
2025-03-19 01:00:00,184.17322138755586,2
2025-03-19 02:00:00,181.47798884607556,2
2025-03-19 03:00:00,223.84691108596755,2
2025-03-19 04:00:00,222.360645320535,2
2025-03-19 05:00:00,272.771035636768,2
2025-03-19 06:00:00,277.74573618097463,2
2025-03-19 07:00:00,274.14030494424856,2
2025-03-19 08:00:00,284.4614747670822,2
2025-03-19 09:00:00,270.91416074534607,2
2025-03-19 10:00:00,278.657218519497,2
2025-03-19 11:00:00,276.8238593904899,2
2025-03-19 12:00:00,264.4282604049023,2
2025-03-19 13:00:00,272.3973127388668,2
2025-03-19 14:00:00,279.5023845594822,2
2025-03-19 15:00:00,285.12363100405594,2
2025-03-19 16:00:00,291.0958842140291,2
2025-03-19 17:00:00,290.04785042451977,2
2025-03-19 18:00:00,267.3439777389872,2
2025-03-19 19:00:00,264.39746519259864,2
2025-03-19 20:00:00,251.44155271023644,2
2025-03-19 21:00:00,209.5128777155136,2
2025-03-19 22:00:00,205.30614804375014,2
2025-03-19 23:00:00,173.19357292115674,2
2025-03-20 00:00:00,173.6029003734561,3
2025-03-20 01:00:00,182.52818610357787,3
2025-03-20 02:00:00,198.00190599320442,3
2025-03-20 03:00:00,222.10280391173532,3
2025-03-20 04:00:00,236.4053478591646,3
2025-03-20 05:00:00,250.0761795182862,3
2025-03-20 06:00:00,266.6961541607587,3
2025-03-20 07:00:00,288.592447728462,3
2025-03-20 08:00:00,282.07047796195127,3
2025-03-20 09:00:00,286.4702502561602,3
2025-03-20 10:00:00,268.25486853123084,3
2025-03-20 11:00:00,274.80290048877555,3
2025-03-20 12:00:00,272.58223790539375,3
2025-03-20 13:00:00,276.01605814778526,3
2025-03-20 14:00:00,284.0810552665149,3
2025-03-20 15:00:00,279.34866932393686,3
2025-03-20 16:00:00,286.9010765722119,3
2025-03-20 17:00:00,272.3019698156039,3
2025-03-20 18:00:00,271.7379818427973,3
2025-03-20 19:00:00,255.84329647530592,3
2025-03-20 20:00:00,245.17209922301183,3
2025-03-20 21:00:00,220.20626244404727,3
2025-03-20 22:00:00,193.86923955303664,3
2025-03-20 23:00:00,179.6368258461792,3
2025-03-21 00:00:00,181.37846359451495,4
2025-03-21 01:00:00,185.7416831857379,4
2025-03-21 02:00:00,205.3274245861606,4
2025-03-21 03:00:00,211.14440942319666,4
2025-03-21 04:00:00,232.89981001854187,4
2025-03-21 05:00:00,276.9003647998244,4
2025-03-21 06:00:00,270.98095073842285,4
2025-03-21 07:00:00,288.119903364842,4
2025-03-21 08:00:00,285.277690929946,4
2025-03-21 09:00:00,283.23440691285197,4
2025-03-21 10:00:00,281.7837099694769,4
2025-03-21 11:00:00,279.8674619794883,4
2025-03-21 12:00:00,273.9317940791754,4
2025-03-21 13:00:00,269.1935548450446,4
2025-03-21 14:00:00,279.35141186598213,4
2025-03-21 15:00:00,276.1053169194967,4
2025-03-21 16:00:00,300.27493947822995,4
2025-03-21 17:00:00,287.78412031971703,4
2025-03-21 18:00:00,277.6747047011413,4
2025-03-21 19:00:00,268.6329913626352,4
2025-03-21 20:00:00,235.89689978649443,4
2025-03-21 21:00:00,219.63622037155793,4
2025-03-21 22:00:00,187.14471069738127,4
2025-03-21 23:00:00,178.86352394776,4
2025-03-22 00:00:00,134.90122022509084,5
2025-03-22 01:00:00,139.97153791595943,5
2025-03-22 02:00:00,151.7716258343685,5
2025-03-22 03:00:00,175.72370861249115,5
2025-03-22 04:00:00,187.72342793553054,5
2025-03-22 05:00:00,193.42735793238506,5
2025-03-22 06:00:00,201.3666876638703,5
2025-03-22 07:00:00,216.65988299519765,5
2025-03-22 08:00:00,208.18887489706458,5
2025-03-22 09:00:00,211.88148217652417,5
2025-03-22 10:00:00,226.41903958528397,5
2025-03-22 11:00:00,209.6975914042028,5
2025-03-22 12:00:00,223.74675870172126,5
2025-03-22 13:00:00,212.30430836042297,5
2025-03-22 14:00:00,222.6802858373107,5
2025-03-22 15:00:00,205.21558704095105,5
2025-03-22 16:00:00,232.9175438159509,5
2025-03-22 17:00:00,216.1138727254349,5
2025-03-22 18:00:00,220.13289128451663,5
2025-03-22 19:00:00,205.9509838631337,5
2025-03-22 20:00:00,186.97523104419912,5
2025-03-22 21:00:00,165.75882341486886,5
2025-03-22 22:00:00,144.72630314503607,5
2025-03-22 23:00:00,139.33303528018095,5
2025-03-23 00:00:00,123.56891796189059,6
2025-03-23 01:00:00,147.11580093116515,6
2025-03-23 02:00:00,154.64496689543392,6
2025-03-23 03:00:00,163.55796010372924,6
2025-03-23 04:00:00,184.4542846909873,6
2025-03-23 05:00:00,188.31702317974575,6
2025-03-23 06:00:00,214.39159097183463,6
2025-03-23 07:00:00,221.68276008161186,6
2025-03-23 08:00:00,212.33107727822627,6
2025-03-23 09:00:00,220.822454194624,6
2025-03-23 10:00:00,202.83880957304933,6
2025-03-23 11:00:00,211.55487274242884,6
2025-03-23 12:00:00,215.44175663688222,6
2025-03-23 13:00:00,207.5071484306295,6
2025-03-23 14:00:00,235.67422215033332,6
2025-03-23 15:00:00,199.29210606430368,6
2025-03-23 16:00:00,223.86136813797958,6
2025-03-23 17:00:00,226.79127512491658,6
2025-03-23 18:00:00,211.56922130130874,6
2025-03-23 19:00:00,213.40759999212148,6
2025-03-23 20:00:00,181.0495627792591,6
2025-03-23 21:00:00,172.35171696434188,6
2025-03-23 22:00:00,147.77158862605316,6
2025-03-23 23:00:00,148.39591451327044,6
2025-03-24 00:00:00,170.86201828008495,0
2025-03-24 01:00:00,178.65314760637756,0
2025-03-24 02:00:00,198.09439459956474,0
2025-03-24 03:00:00,224.69144889892755,0
2025-03-24 04:00:00,241.13028619249604,0
2025-03-24 05:00:00,255.88942733701197,0
2025-03-24 06:00:00,270.6246574083555,0
2025-03-24 07:00:00,285.81935401937915,0
2025-03-24 08:00:00,293.63242111158627,0
2025-03-24 09:00:00,294.75709992090583,0
2025-03-24 10:00:00,284.2718102373348,0
2025-03-24 11:00:00,286.94785106906625,0
2025-03-24 12:00:00,271.25147478984155,0
2025-03-24 13:00:00,269.203528513302,0
2025-03-24 14:00:00,281.5902234958009,0
2025-03-24 15:00:00,271.8216123191907,0
2025-03-24 16:00:00,285.7990145419969,0
2025-03-24 17:00:00,291.1979257460055,0
2025-03-24 18:00:00,280.26198904951065,0
2025-03-24 19:00:00,248.9160123537782,0
2025-03-24 20:00:00,242.59039753369422,0
2025-03-24 21:00:00,207.9474437742114,0
2025-03-24 22:00:00,192.14771737124025,0
2025-03-24 23:00:00,189.18614276653608,0
2025-03-25 00:00:00,179.76228009065693,1
2025-03-25 01:00:00,171.17629120196094,1
2025-03-25 02:00:00,206.60479218833007,1
2025-03-25 03:00:00,211.76576942384798,1
2025-03-25 04:00:00,226.59862712744192,1
2025-03-25 05:00:00,253.80139789242213,1
2025-03-25 06:00:00,263.47766949204964,1
2025-03-25 07:00:00,288.62674138338707,1
2025-03-25 08:00:00,295.22836822050783,1
2025-03-25 09:00:00,299.48520781887566,1
2025-03-25 10:00:00,285.4294344444071,1
2025-03-25 11:00:00,265.92338227309875,1
2025-03-25 12:00:00,270.6299245876292,1
2025-03-25 13:00:00,280.9707054478118,1
2025-03-25 14:00:00,290.2360292573066,1
2025-03-25 15:00:00,265.84135366639475,1
2025-03-25 16:00:00,282.963035869033,1
2025-03-25 17:00:00,285.8593162736967,1
2025-03-25 18:00:00,276.8607089103719,1
2025-03-25 19:00:00,271.0761822809873,1
2025-03-25 20:00:00,245.89318801384908,1
2025-03-25 21:00:00,209.6469775690851,1
2025-03-25 22:00:00,193.88634816618222,1
2025-03-25 23:00:00,179.16326900880043,1
2025-03-26 00:00:00,165.76992745146364,2
2025-03-26 01:00:00,167.471549359182,2
2025-03-26 02:00:00,197.44965251713185,2
2025-03-26 03:00:00,225.62514232382506,2
2025-03-26 04:00:00,240.51633904024564,2
2025-03-26 05:00:00,253.58034169709788,2
2025-03-26 06:00:00,275.73045696840285,2
2025-03-26 07:00:00,291.7009671611689,2
2025-03-26 08:00:00,282.10895923690134,2
2025-03-26 09:00:00,277.6438813050872,2
2025-03-26 10:00:00,278.2914870481668,2
2025-03-26 11:00:00,262.28279225916566,2
2025-03-26 12:00:00,272.1391700770266,2
2025-03-26 13:00:00,270.35734011962927,2
2025-03-26 14:00:00,287.192111339664,2
2025-03-26 15:00:00,280.68548503178266,2
2025-03-26 16:00:00,282.8347265608202,2
2025-03-26 17:00:00,274.5875738487718,2
2025-03-26 18:00:00,275.4259080467011,2
2025-03-26 19:00:00,250.81057551053053,2
2025-03-26 20:00:00,229.53119021460287,2
2025-03-26 21:00:00,209.34196004014436,2
2025-03-26 22:00:00,205.99671504872632,2
2025-03-26 23:00:00,174.09201844411908,2
2025-03-27 00:00:00,176.09590772449945,3
2025-03-27 01:00:00,178.30950214141913,3
2025-03-27 02:00:00,176.51964638799922,3
2025-03-27 03:00:00,213.81527335544274,3
2025-03-27 04:00:00,244.55961074460026,3
2025-03-27 05:00:00,260.72793632481597,3
2025-03-27 06:00:00,269.71481818156786,3
2025-03-27 07:00:00,296.2282120903429,3
2025-03-27 08:00:00,285.6683919038164,3
2025-03-27 09:00:00,287.92014520457326,3
2025-03-27 10:00:00,284.9816911100379,3
2025-03-27 11:00:00,270.69200280979646,3
2025-03-27 12:00:00,257.0560866104691,3
2025-03-27 13:00:00,283.86418661801514,3
2025-03-27 14:00:00,276.32359531807504,3
2025-03-27 15:00:00,284.0992655557131,3
2025-03-27 16:00:00,285.16994275951004,3
2025-03-27 17:00:00,304.12698336403054,3
2025-03-27 18:00:00,272.9141605127151,3
2025-03-27 19:00:00,261.104384953309,3
2025-03-27 20:00:00,241.61376668977886,3
2025-03-27 21:00:00,210.61126271531296,3
2025-03-27 22:00:00,192.5513897693958,3
2025-03-27 23:00:00,170.9175969949872,3
2025-03-28 00:00:00,177.18415228220476,4
2025-03-28 01:00:00,173.6469133346882,4
2025-03-28 02:00:00,198.71628390364808,4
2025-03-28 03:00:00,220.21834761846642,4
2025-03-28 04:00:00,237.28086031975513,4
2025-03-28 05:00:00,254.44543018398502,4
2025-03-28 06:00:00,267.2157585608998,4
2025-03-28 07:00:00,275.7949994100576,4
2025-03-28 08:00:00,291.7024337669125,4
2025-03-28 09:00:00,299.6394536121875,4
2025-03-28 10:00:00,280.07619684259697,4
2025-03-28 11:00:00,286.72020865327323,4
2025-03-28 12:00:00,282.89745053505965,4
2025-03-28 13:00:00,273.18460848230956,4
2025-03-28 14:00:00,279.7806995899933,4
2025-03-28 15:00:00,298.2448410329587,4
2025-03-28 16:00:00,278.7740786587829,4
2025-03-28 17:00:00,275.2009886793028,4
2025-03-28 18:00:00,273.6212837036758,4
2025-03-28 19:00:00,254.07981274012107,4
2025-03-28 20:00:00,222.0531288956065,4
2025-03-28 21:00:00,207.76756512467844,4
2025-03-28 22:00:00,188.42018750011306,4
2025-03-28 23:00:00,159.17915923047255,4
2025-03-29 00:00:00,140.29832768748633,5
2025-03-29 01:00:00,133.00159930827692,5
2025-03-29 02:00:00,159.80968104354196,5
2025-03-29 03:00:00,159.16232407724044,5
2025-03-29 04:00:00,179.77878467800087,5
2025-03-29 05:00:00,210.83832245291552,5
2025-03-29 06:00:00,218.8832212546196,5
2025-03-29 07:00:00,221.74252762653197,5
2025-03-29 08:00:00,211.7011665432243,5
2025-03-29 09:00:00,214.36053816525393,5
2025-03-29 10:00:00,228.094494710569,5
2025-03-29 11:00:00,213.0017667988555,5
2025-03-29 12:00:00,202.88714108643796,5
2025-03-29 13:00:00,219.24363505171183,5
2025-03-29 14:00:00,214.97934956159378,5
2025-03-29 15:00:00,217.6177677380729,5
2025-03-29 16:00:00,233.09369299382504,5
2025-03-29 17:00:00,224.8480873786554,5
2025-03-29 18:00:00,212.90424105877722,5
2025-03-29 19:00:00,198.234638594742,5
2025-03-29 20:00:00,184.21037318647694,5
2025-03-29 21:00:00,173.26022282382385,5
2025-03-29 22:00:00,149.30641724205927,5
2025-03-29 23:00:00,144.14523952039193,5
2025-03-30 00:00:00,141.64569928696272,6
2025-03-30 01:00:00,142.95483906327587,6
2025-03-30 02:00:00,142.50808211835133,6
2025-03-30 03:00:00,169.96468014406685,6
2025-03-30 04:00:00,198.09002034534208,6
2025-03-30 05:00:00,217.26103413894157,6
2025-03-30 06:00:00,203.58372154409207,6
2025-03-30 07:00:00,217.79163179052014,6
2025-03-30 08:00:00,224.54112893510077,6
2025-03-30 09:00:00,217.1325801569705,6
2025-03-30 10:00:00,222.61054916988485,6
2025-03-30 11:00:00,230.41358261313454,6
2025-03-30 12:00:00,217.9090511385945,6
2025-03-30 13:00:00,241.20749624930068,6
2025-03-30 14:00:00,216.94860240024573,6
2025-03-30 15:00:00,211.48613059482636,6
2025-03-30 16:00:00,229.08858121403767,6
2025-03-30 17:00:00,226.4879295223168,6
2025-03-30 18:00:00,197.7340614389849,6
2025-03-30 19:00:00,201.59272820974235,6
2025-03-30 20:00:00,176.78953192457132,6
2025-03-30 21:00:00,167.8386946621561,6
2025-03-30 22:00:00,152.62037787139647,6
2025-03-30 23:00:00,149.6509298396854,6
2025-03-31 00:00:00,165.75787711472518,0
2025-03-31 01:00:00,180.06513885192518,0
2025-03-31 02:00:00,202.26108459608602,0
2025-03-31 03:00:00,211.23738295537188,0
2025-03-31 04:00:00,250.42954349903815,0
2025-03-31 05:00:00,263.96694040312,0
2025-03-31 06:00:00,257.748257621099,0
2025-03-31 07:00:00,299.24397702134536,0
2025-03-31 08:00:00,279.79421495080544,0
2025-03-31 09:00:00,295.3288669040229,0
2025-03-31 10:00:00,278.89358149070443,0
2025-03-31 11:00:00,270.75698775416197,0
2025-03-31 12:00:00,270.75729515615336,0
2025-03-31 13:00:00,270.37738018359795,0
2025-03-31 14:00:00,285.7316463894841,0
2025-03-31 15:00:00,293.87349602575375,0
2025-03-31 16:00:00,291.63591318085224,0
2025-03-31 17:00:00,283.30562843830126,0
2025-03-31 18:00:00,266.83391582834736,0
2025-03-31 19:00:00,263.65999910820807,0
2025-03-31 20:00:00,231.5799669219401,0
2025-03-31 21:00:00,219.39914581671442,0
2025-03-31 22:00:00,187.59470013262472,0
2025-03-31 23:00:00,175.0264065197844,0
2025-04-01 00:00:00,171.78494310047117,1
2025-04-01 01:00:00,188.19016493831944,1
2025-04-01 02:00:00,195.4009817814003,1
2025-04-01 03:00:00,225.5126081095143,1
2025-04-01 04:00:00,225.74618701874113,1
2025-04-01 05:00:00,258.82741282516906,1
2025-04-01 06:00:00,278.2405971477802,1
2025-04-01 07:00:00,276.2706158423332,1
2025-04-01 08:00:00,286.42555651099593,1
2025-04-01 09:00:00,263.137533561554,1
2025-04-01 10:00:00,279.4126998872639,1
2025-04-01 11:00:00,280.01150823531367,1
2025-04-01 12:00:00,268.26464520885315,1
2025-04-01 13:00:00,272.61590951035515,1
2025-04-01 14:00:00,283.648005518377,1
2025-04-01 15:00:00,300.1132114183853,1
2025-04-01 16:00:00,292.680913463081,1
2025-04-01 17:00:00,280.88747690241854,1
2025-04-01 18:00:00,291.04930951677613,1
2025-04-01 19:00:00,258.069094479776,1
2025-04-01 20:00:00,244.07500200858712,1
2025-04-01 21:00:00,213.54487336561056,1
2025-04-01 22:00:00,191.23838624457466,1
2025-04-01 23:00:00,176.39270042520423,1
2025-04-02 00:00:00,177.5255947487172,2
2025-04-02 01:00:00,160.0055138389198,2
2025-04-02 02:00:00,190.6684179285821,2
2025-04-02 03:00:00,224.7718311647248,2
2025-04-02 04:00:00,228.18082614323637,2
2025-04-02 05:00:00,243.33005646620458,2
2025-04-02 06:00:00,269.3801160699255,2
2025-04-02 07:00:00,283.0230340004809,2
2025-04-02 08:00:00,290.4429547134154,2
2025-04-02 09:00:00,281.628531470898,2
2025-04-02 10:00:00,272.1418415956462,2
2025-04-02 11:00:00,280.38775081383284,2
2025-04-02 12:00:00,279.4475496923926,2
2025-04-02 13:00:00,267.2641791841134,2
2025-04-02 14:00:00,276.82700520718925,2
2025-04-02 15:00:00,283.9746442328477,2
2025-04-02 16:00:00,289.56550510205204,2
2025-04-02 17:00:00,280.06967014835635,2
2025-04-02 18:00:00,279.39934820536496,2
2025-04-02 19:00:00,266.3910594856564,2
2025-04-02 20:00:00,254.45128295341726,2
2025-04-02 21:00:00,214.55739144966088,2
2025-04-02 22:00:00,195.19179831654253,2
2025-04-02 23:00:00,176.22094003213616,2
2025-04-03 00:00:00,186.77657750040416,3
2025-04-03 01:00:00,185.86447435406137,3
2025-04-03 02:00:00,195.22485792874218,3
2025-04-03 03:00:00,208.35658285765493,3
2025-04-03 04:00:00,233.09228276421234,3
2025-04-03 05:00:00,253.40369652622795,3
2025-04-03 06:00:00,273.0803349038211,3
2025-04-03 07:00:00,275.9269837886805,3
2025-04-03 08:00:00,292.1114712568661,3
2025-04-03 09:00:00,280.68362226622315,3
2025-04-03 10:00:00,274.66264178177977,3
2025-04-03 11:00:00,278.7534224587146,3
2025-04-03 12:00:00,277.71773451675494,3
2025-04-03 13:00:00,270.20482065200247,3
2025-04-03 14:00:00,286.56121874494994,3
2025-04-03 15:00:00,284.4834248256403,3
2025-04-03 16:00:00,281.53761759079146,3
2025-04-03 17:00:00,273.28941258187064,3
2025-04-03 18:00:00,269.53570535802874,3
2025-04-03 19:00:00,256.9654825801372,3
2025-04-03 20:00:00,221.72184938892104,3
2025-04-03 21:00:00,231.48940110095532,3
2025-04-03 22:00:00,199.6852690372612,3
2025-04-03 23:00:00,184.23018089889055,3
2025-04-04 00:00:00,173.1512240323192,4
2025-04-04 01:00:00,182.66317049712683,4
2025-04-04 02:00:00,201.7601333605972,4
2025-04-04 03:00:00,217.58336930847358,4
2025-04-04 04:00:00,234.06217634157645,4
2025-04-04 05:00:00,272.7403599177154,4
2025-04-04 06:00:00,289.67693963279316,4
2025-04-04 07:00:00,285.38133448524576,4
2025-04-04 08:00:00,287.5559753083729,4
2025-04-04 09:00:00,273.8888884039904,4
2025-04-04 10:00:00,286.5879804902811,4
2025-04-04 11:00:00,275.8220076409585,4
2025-04-04 12:00:00,277.2222805611118,4
2025-04-04 13:00:00,291.53700532489404,4
2025-04-04 14:00:00,279.4145265504604,4
2025-04-04 15:00:00,272.249002994479,4
2025-04-04 16:00:00,292.9634361716228,4
2025-04-04 17:00:00,281.2542213546528,4
2025-04-04 18:00:00,271.1919868780015,4
2025-04-04 19:00:00,258.82769370478377,4
2025-04-04 20:00:00,235.2439778011423,4
2025-04-04 21:00:00,204.20535912711398,4
2025-04-04 22:00:00,195.93455021499827,4
2025-04-04 23:00:00,170.43701052020924,4
2025-04-05 00:00:00,143.85406575393938,5
2025-04-05 01:00:00,146.03360575031775,5
2025-04-05 02:00:00,153.6034116930725,5
2025-04-05 03:00:00,179.02886519946895,5
2025-04-05 04:00:00,195.37334224984036,5
2025-04-05 05:00:00,191.7198545055561,5
2025-04-05 06:00:00,219.1816694996163,5
2025-04-05 07:00:00,222.31257518399522,5
2025-04-05 08:00:00,226.67405671699524,5
2025-04-05 09:00:00,224.41037237950357,5
2025-04-05 10:00:00,214.15441148125592,5
2025-04-05 11:00:00,218.94794502333744,5
2025-04-05 12:00:00,210.43152252665556,5
2025-04-05 13:00:00,209.51194701202047,5
2025-04-05 14:00:00,220.05275759423242,5
2025-04-05 15:00:00,212.58158738265902,5
2025-04-05 16:00:00,213.39285007797525,5
2025-04-05 17:00:00,222.0507625368024,5
2025-04-05 18:00:00,196.90408275539454,5
2025-04-05 19:00:00,205.88783594742418,5
2025-04-05 20:00:00,173.42670596513625,5
2025-04-05 21:00:00,171.43144766048138,5
2025-04-05 22:00:00,160.91914351043053,5
2025-04-05 23:00:00,139.91295059473097,5
2025-04-06 00:00:00,117.67575333206138,6
2025-04-06 01:00:00,133.87771081704557,6
2025-04-06 02:00:00,161.82230047379662,6
2025-04-06 03:00:00,158.30901838683417,6
2025-04-06 04:00:00,173.97599008054928,6
2025-04-06 05:00:00,208.27947555596108,6
2025-04-06 06:00:00,200.92229644173216,6
2025-04-06 07:00:00,220.67920461430978,6
2025-04-06 08:00:00,223.48157139760752,6
2025-04-06 09:00:00,207.7249916377814,6
2025-04-06 10:00:00,224.06451314759045,6
2025-04-06 11:00:00,214.99340921939987,6
2025-04-06 12:00:00,222.16235807002064,6
2025-04-06 13:00:00,222.37991329313934,6
2025-04-06 14:00:00,217.66522408939343,6
2025-04-06 15:00:00,224.48231866375198,6
2025-04-06 16:00:00,229.81535068526216,6
2025-04-06 17:00:00,229.5470023135442,6
2025-04-06 18:00:00,222.6043227304897,6
2025-04-06 19:00:00,209.08747898975366,6
2025-04-06 20:00:00,190.9925884557596,6
2025-04-06 21:00:00,167.28009891444785,6
2025-04-06 22:00:00,147.4790128169741,6
2025-04-06 23:00:00,144.14469732141538,6
2025-04-07 00:00:00,187.01091990526024,0
2025-04-07 01:00:00,177.7928122183651,0
2025-04-07 02:00:00,191.35474500023437,0
2025-04-07 03:00:00,216.18157756924253,0
2025-04-07 04:00:00,227.3684944419228,0
2025-04-07 05:00:00,265.7626860406908,0
2025-04-07 06:00:00,264.5530327165261,0
2025-04-07 07:00:00,280.84167612360005,0
2025-04-07 08:00:00,301.5291900978977,0
2025-04-07 09:00:00,281.4259768216761,0
2025-04-07 10:00:00,274.99840984791996,0
2025-04-07 11:00:00,274.0108267375582,0
2025-04-07 12:00:00,268.4568546016385,0
2025-04-07 13:00:00,266.26370911524623,0
2025-04-07 14:00:00,275.169743305342,0
2025-04-07 15:00:00,292.1718730420069,0
2025-04-07 16:00:00,284.9430788762952,0
2025-04-07 17:00:00,287.92089214199115,0
2025-04-07 18:00:00,272.65740622528347,0
2025-04-07 19:00:00,262.88874822826637,0
2025-04-07 20:00:00,232.79626839245114,0
2025-04-07 21:00:00,214.6838624522232,0
2025-04-07 22:00:00,204.7955100990597,0
2025-04-07 23:00:00,172.3250125939943,0
2025-04-08 00:00:00,171.90175052545092,1
2025-04-08 01:00:00,178.98044831649818,1
2025-04-08 02:00:00,196.03283068581464,1
2025-04-08 03:00:00,206.70495850614316,1
2025-04-08 04:00:00,239.40659619606484,1
2025-04-08 05:00:00,257.9888878728057,1
2025-04-08 06:00:00,270.73015200162763,1
2025-04-08 07:00:00,268.1612725233143,1
2025-04-08 08:00:00,297.9720959704689,1
2025-04-08 09:00:00,284.4356088094666,1
2025-04-08 10:00:00,264.1188145460534,1
2025-04-08 11:00:00,271.65542930972384,1
2025-04-08 12:00:00,270.30629349879456,1
2025-04-08 13:00:00,284.0518573532278,1
2025-04-08 14:00:00,291.11835058974947,1
2025-04-08 15:00:00,291.8374200074266,1
2025-04-08 16:00:00,272.56464740923514,1
2025-04-08 17:00:00,271.8686163062135,1
2025-04-08 18:00:00,289.5103617041759,1
2025-04-08 19:00:00,262.9818611149774,1
2025-04-08 20:00:00,232.78699924124723,1
2025-04-08 21:00:00,209.6302854593351,1
2025-04-08 22:00:00,208.3233111210066,1
2025-04-08 23:00:00,186.87977448403126,1
2025-04-09 00:00:00,173.21839211544625,2
2025-04-09 01:00:00,176.4517469955435,2
2025-04-09 02:00:00,192.40622341623322,2
2025-04-09 03:00:00,221.81392853238637,2
2025-04-09 04:00:00,238.63292622543662,2
2025-04-09 05:00:00,243.64502554976266,2
2025-04-09 06:00:00,284.30950108571597,2
2025-04-09 07:00:00,279.4435971274,2
2025-04-09 08:00:00,298.96692333732454,2
2025-04-09 09:00:00,289.2311406721306,2
2025-04-09 10:00:00,268.77652951005143,2
2025-04-09 11:00:00,281.2996595918716,2
2025-04-09 12:00:00,281.7374192532311,2
2025-04-09 13:00:00,271.7450771603313,2
2025-04-09 14:00:00,292.4715924874034,2
2025-04-09 15:00:00,276.56181682087464,2
2025-04-09 16:00:00,275.416979141003,2
2025-04-09 17:00:00,281.5349280593444,2
2025-04-09 18:00:00,266.7719101632939,2
2025-04-09 19:00:00,250.05057828733734,2
2025-04-09 20:00:00,237.796559440968,2
2025-04-09 21:00:00,218.87003023077526,2
2025-04-09 22:00:00,193.21505661191483,2
2025-04-09 23:00:00,185.13227034948528,2
2025-04-10 00:00:00,156.57835357617483,3
2025-04-10 01:00:00,187.40468726976286,3
2025-04-10 02:00:00,191.5952171466492,3
2025-04-10 03:00:00,208.15953988352672,3
2025-04-10 04:00:00,226.65336584711355,3
2025-04-10 05:00:00,244.64500698953222,3
2025-04-10 06:00:00,277.36163170265553,3
2025-04-10 07:00:00,300.2807210941822,3
2025-04-10 08:00:00,279.48148899210827,3
2025-04-10 09:00:00,280.91522573044375,3
2025-04-10 10:00:00,280.7962006711313,3
2025-04-10 11:00:00,287.7325888665406,3
2025-04-10 12:00:00,273.5598118214278,3
2025-04-10 13:00:00,268.58202085246194,3
2025-04-10 14:00:00,282.90848880823216,3
2025-04-10 15:00:00,286.3901075418705,3
2025-04-10 16:00:00,280.86348756738437,3
2025-04-10 17:00:00,281.357917804828,3
2025-04-10 18:00:00,283.84096251960517,3
2025-04-10 19:00:00,250.35570886499445,3
2025-04-10 20:00:00,251.9724709916344,3
2025-04-10 21:00:00,213.43289827985117,3
2025-04-10 22:00:00,186.3022688934083,3
2025-04-10 23:00:00,179.34348433080763,3
2025-04-11 00:00:00,165.71970138350477,4
2025-04-11 01:00:00,181.46588993937837,4
2025-04-11 02:00:00,203.35566132986492,4
2025-04-11 03:00:00,209.06015078772816,4
2025-04-11 04:00:00,235.49196613001067,4
2025-04-11 05:00:00,263.35095116008034,4
2025-04-11 06:00:00,266.8294352142479,4
2025-04-11 07:00:00,277.0184204819885,4
2025-04-11 08:00:00,284.5239760940577,4
2025-04-11 09:00:00,281.18796032981686,4
2025-04-11 10:00:00,286.1352961013558,4
2025-04-11 11:00:00,285.331419294153,4
2025-04-11 12:00:00,267.1625924751303,4
2025-04-11 13:00:00,283.4370137501584,4
2025-04-11 14:00:00,276.4246872604412,4
2025-04-11 15:00:00,284.92711342016435,4
2025-04-11 16:00:00,291.05798827606503,4
2025-04-11 17:00:00,292.15212933747705,4
2025-04-11 18:00:00,286.84480745751915,4
2025-04-11 19:00:00,248.9155037899371,4
2025-04-11 20:00:00,241.6145497767579,4
2025-04-11 21:00:00,219.87526804230276,4
2025-04-11 22:00:00,187.3581530747576,4
2025-04-11 23:00:00,167.668614776381,4
2025-04-12 00:00:00,132.16373104335779,5
2025-04-12 01:00:00,145.03398530852016,5
2025-04-12 02:00:00,156.9443689298455,5
2025-04-12 03:00:00,160.1567852597539,5
2025-04-12 04:00:00,178.50408542758177,5
2025-04-12 05:00:00,201.1940906587167,5
2025-04-12 06:00:00,210.4430042517393,5
2025-04-12 07:00:00,228.63434644334004,5
2025-04-12 08:00:00,228.19960279194538,5
2025-04-12 09:00:00,231.71274826099844,5
2025-04-12 10:00:00,227.34862763005577,5
2025-04-12 11:00:00,214.0368174805618,5
2025-04-12 12:00:00,219.56237936269312,5
2025-04-12 13:00:00,217.7960575660365,5
2025-04-12 14:00:00,217.26439602758572,5
2025-04-12 15:00:00,207.86853918083102,5
2025-04-12 16:00:00,223.63168525360172,5
2025-04-12 17:00:00,226.6963699186069,5
2025-04-12 18:00:00,212.4085169705962,5
2025-04-12 19:00:00,197.8875119197032,5
2025-04-12 20:00:00,186.44600944230967,5
2025-04-12 21:00:00,168.57348613728135,5
2025-04-12 22:00:00,151.9083591076582,5
2025-04-12 23:00:00,137.1716137392101,5
2025-04-13 00:00:00,121.24586396774055,6
2025-04-13 01:00:00,153.17727454773996,6
2025-04-13 02:00:00,147.55755783291457,6
2025-04-13 03:00:00,177.60698721428716,6
2025-04-13 04:00:00,182.8308524987679,6
2025-04-13 05:00:00,202.58694577960648,6
2025-04-13 06:00:00,222.00497138641313,6
2025-04-13 07:00:00,216.25828380934695,6
2025-04-13 08:00:00,227.12220946927312,6
2025-04-13 09:00:00,222.39742428092762,6
2025-04-13 10:00:00,214.2516728848092,6
2025-04-13 11:00:00,222.23207603173483,6
2025-04-13 12:00:00,219.23169765424248,6
2025-04-13 13:00:00,218.24286074525546,6
2025-04-13 14:00:00,227.6624219179492,6
2025-04-13 15:00:00,233.64187769372091,6
2025-04-13 16:00:00,230.90758382497705,6
2025-04-13 17:00:00,216.19183387266384,6
2025-04-13 18:00:00,216.82304578114616,6
2025-04-13 19:00:00,205.6482076039015,6
2025-04-13 20:00:00,189.08165649136512,6
2025-04-13 21:00:00,163.01359834393733,6
2025-04-13 22:00:00,156.3499922055336,6
2025-04-13 23:00:00,140.69172239671875,6
2025-04-14 00:00:00,178.72304967559396,0
2025-04-14 01:00:00,184.04544507654782,0
2025-04-14 02:00:00,213.70132139606235,0
2025-04-14 03:00:00,211.14802814108242,0
2025-04-14 04:00:00,236.8342970487274,0
2025-04-14 05:00:00,258.06104686133625,0
2025-04-14 06:00:00,277.53158094015606,0
2025-04-14 07:00:00,275.73810305553593,0
2025-04-14 08:00:00,279.65888561283964,0
2025-04-14 09:00:00,280.5327656128796,0
2025-04-14 10:00:00,285.0772880158719,0
2025-04-14 11:00:00,270.70533910304124,0
2025-04-14 12:00:00,276.72041632712313,0
2025-04-14 13:00:00,273.9249842808147,0
2025-04-14 14:00:00,294.5480801328287,0
2025-04-14 15:00:00,289.01932112819117,0
2025-04-14 16:00:00,278.1696460515989,0
2025-04-14 17:00:00,287.9545437009558,0
2025-04-14 18:00:00,259.19196318931074,0
2025-04-14 19:00:00,265.0209994549605,0
2025-04-14 20:00:00,229.14052512898382,0
2025-04-14 21:00:00,205.25695109691313,0
2025-04-14 22:00:00,195.87518191490474,0
2025-04-14 23:00:00,183.0623960127142,0
2025-04-15 00:00:00,195.06769343817106,1
2025-04-15 01:00:00,191.63201612599386,1
2025-04-15 02:00:00,204.88373796300573,1
2025-04-15 03:00:00,218.90394034681523,1
2025-04-15 04:00:00,241.78888980325482,1
2025-04-15 05:00:00,262.23788700506645,1
2025-04-15 06:00:00,257.92454504898774,1
2025-04-15 07:00:00,296.07872712908954,1
2025-04-15 08:00:00,275.09216297237776,1
2025-04-15 09:00:00,266.0724761284405,1
2025-04-15 10:00:00,276.14111290793807,1
2025-04-15 11:00:00,283.284480190767,1
2025-04-15 12:00:00,267.5973808257696,1
2025-04-15 13:00:00,281.1867820516109,1
2025-04-15 14:00:00,272.7616553983703,1
2025-04-15 15:00:00,291.8475287156108,1
2025-04-15 16:00:00,276.5903441101039,1
2025-04-15 17:00:00,279.11650838347896,1
2025-04-15 18:00:00,277.810396301259,1
2025-04-15 19:00:00,254.70301736407086,1
2025-04-15 20:00:00,245.02484323028798,1
2025-04-15 21:00:00,210.0017700361987,1
2025-04-15 22:00:00,199.97087555944265,1
2025-04-15 23:00:00,184.08772813504936,1
2025-04-16 00:00:00,173.07204791199845,2
2025-04-16 01:00:00,201.16918130914607,2
2025-04-16 02:00:00,185.3774994573866,2
2025-04-16 03:00:00,211.0717341652648,2
2025-04-16 04:00:00,239.00087203698436,2
2025-04-16 05:00:00,260.8702965216015,2
2025-04-16 06:00:00,264.72743532332737,2
2025-04-16 07:00:00,273.53565071941784,2
2025-04-16 08:00:00,283.8100739420193,2
2025-04-16 09:00:00,285.80592403187046,2
2025-04-16 10:00:00,281.21293824868303,2
2025-04-16 11:00:00,280.6822269060569,2
2025-04-16 12:00:00,282.835880788581,2
2025-04-16 13:00:00,279.00707732096805,2
2025-04-16 14:00:00,283.51652272147373,2
2025-04-16 15:00:00,280.1908425280625,2
2025-04-16 16:00:00,283.68455421515995,2
2025-04-16 17:00:00,281.6663987491265,2
2025-04-16 18:00:00,282.4610484256305,2
2025-04-16 19:00:00,256.1776529337431,2
2025-04-16 20:00:00,246.5269146662451,2
2025-04-16 21:00:00,220.79680951127938,2
2025-04-16 22:00:00,191.7204083358351,2
2025-04-16 23:00:00,191.7017273428764,2
2025-04-17 00:00:00,173.94090317824308,3
2025-04-17 01:00:00,191.85699194090856,3
2025-04-17 02:00:00,204.59593729722422,3
2025-04-17 03:00:00,219.29655583150392,3
2025-04-17 04:00:00,235.09911022671196,3
2025-04-17 05:00:00,252.45558569678835,3
2025-04-17 06:00:00,267.028333276872,3
2025-04-17 07:00:00,285.72210421607195,3
2025-04-17 08:00:00,289.32907545582896,3
2025-04-17 09:00:00,279.69194178777514,3
2025-04-17 10:00:00,276.34058488657087,3
2025-04-17 11:00:00,267.1059509360601,3
2025-04-17 12:00:00,274.51653075978,3
2025-04-17 13:00:00,270.61936213333615,3
2025-04-17 14:00:00,279.48074275691636,3
2025-04-17 15:00:00,290.5861246608845,3
2025-04-17 16:00:00,280.72374793618604,3
2025-04-17 17:00:00,283.1133670325715,3
2025-04-17 18:00:00,255.5154321985083,3
2025-04-17 19:00:00,263.77823482991323,3
2025-04-17 20:00:00,230.2679573837588,3
2025-04-17 21:00:00,226.67142323817103,3
2025-04-17 22:00:00,204.23184818077277,3
2025-04-17 23:00:00,184.95127137145926,3
2025-04-18 00:00:00,179.62593222960564,4
2025-04-18 01:00:00,184.24372198792736,4
2025-04-18 02:00:00,190.06124105525743,4
2025-04-18 03:00:00,215.3300429070381,4
2025-04-18 04:00:00,243.9434630347934,4
2025-04-18 05:00:00,259.0742190121123,4
2025-04-18 06:00:00,272.3010648584363,4
2025-04-18 07:00:00,298.8826891522522,4
2025-04-18 08:00:00,297.052702079922,4
2025-04-18 09:00:00,278.7234749620893,4
2025-04-18 10:00:00,272.9632652125581,4
2025-04-18 11:00:00,262.7550544073339,4
2025-04-18 12:00:00,266.2009645047591,4
2025-04-18 13:00:00,268.0806586563492,4
2025-04-18 14:00:00,274.1912635945121,4
2025-04-18 15:00:00,279.93471929153935,4
2025-04-18 16:00:00,284.5663175389592,4
2025-04-18 17:00:00,295.27410798141517,4
2025-04-18 18:00:00,272.64461618189165,4
2025-04-18 19:00:00,240.47816178021893,4
2025-04-18 20:00:00,238.72465510626031,4
2025-04-18 21:00:00,232.2581329603513,4
2025-04-18 22:00:00,194.69982050889885,4
2025-04-18 23:00:00,185.8310203640028,4
2025-04-19 00:00:00,145.76783206820681,5
2025-04-19 01:00:00,147.4961098296704,5
2025-04-19 02:00:00,158.7421332774088,5
2025-04-19 03:00:00,171.49898653288966,5
2025-04-19 04:00:00,175.89876053514078,5
2025-04-19 05:00:00,208.25305173745704,5
2025-04-19 06:00:00,212.43651652588272,5
2025-04-19 07:00:00,216.81939923111238,5
2025-04-19 08:00:00,220.24614213571664,5
2025-04-19 09:00:00,217.53664907792538,5
2025-04-19 10:00:00,218.81083829956273,5
2025-04-19 11:00:00,207.32659378602864,5
2025-04-19 12:00:00,223.5764379469911,5
2025-04-19 13:00:00,230.7455109006253,5
2025-04-19 14:00:00,223.05243655805765,5
2025-04-19 15:00:00,224.7745019585127,5
2025-04-19 16:00:00,219.02451144875744,5
2025-04-19 17:00:00,211.68961612441996,5
2025-04-19 18:00:00,210.846438190007,5
2025-04-19 19:00:00,201.30256356234037,5
2025-04-19 20:00:00,194.3233050739908,5
2025-04-19 21:00:00,156.5188743169652,5
2025-04-19 22:00:00,156.08522317903288,5
2025-04-19 23:00:00,143.79367900707007,5
2025-04-20 00:00:00,131.01247946615152,6
2025-04-20 01:00:00,139.8379997422259,6
2025-04-20 02:00:00,166.10990444441853,6
2025-04-20 03:00:00,177.90110396940733,6
2025-04-20 04:00:00,179.10981293097447,6
2025-04-20 05:00:00,187.34439744320224,6
2025-04-20 06:00:00,212.03266049792768,6
2025-04-20 07:00:00,212.97409208917307,6
2025-04-20 08:00:00,231.80973726928798,6
2025-04-20 09:00:00,225.81509607752028,6
2025-04-20 10:00:00,216.2359460595057,6
2025-04-20 11:00:00,218.51752193777165,6
2025-04-20 12:00:00,222.49915340029594,6
2025-04-20 13:00:00,230.50220620952874,6
2025-04-20 14:00:00,216.79133735394072,6
2025-04-20 15:00:00,216.92034913559473,6
2025-04-20 16:00:00,224.33345333305263,6
2025-04-20 17:00:00,225.34099616962638,6
2025-04-20 18:00:00,209.44228798219257,6
2025-04-20 19:00:00,196.7562386208638,6
2025-04-20 20:00:00,176.25336295587672,6
2025-04-20 21:00:00,171.50959217561683,6
2025-04-20 22:00:00,151.40344640427762,6
2025-04-20 23:00:00,140.8168534392882,6
2025-04-21 00:00:00,163.95439243660002,0
2025-04-21 01:00:00,178.1303087149162,0
2025-04-21 02:00:00,200.72031274607667,0
2025-04-21 03:00:00,218.0188598679425,0
2025-04-21 04:00:00,253.9349222409193,0
2025-04-21 05:00:00,256.692146491275,0
2025-04-21 06:00:00,275.11053753392235,0
2025-04-21 07:00:00,278.6547912812456,0
2025-04-21 08:00:00,309.2448171349064,0
2025-04-21 09:00:00,285.18457088190354,0
2025-04-21 10:00:00,276.8837258156244,0
2025-04-21 11:00:00,278.8349865592937,0
2025-04-21 12:00:00,270.8059631588331,0
2025-04-21 13:00:00,278.3857076570934,0
2025-04-21 14:00:00,279.8992706111326,0
2025-04-21 15:00:00,270.40113619393355,0
2025-04-21 16:00:00,286.114229615243,0
2025-04-21 17:00:00,279.79013941676436,0
2025-04-21 18:00:00,270.0555892287808,0
2025-04-21 19:00:00,277.52759788615134,0
2025-04-21 20:00:00,239.41885841238664,0
2025-04-21 21:00:00,225.00517094985202,0
2025-04-21 22:00:00,196.1908424403119,0
2025-04-21 23:00:00,165.57555960805163,0
2025-04-22 00:00:00,182.5929171779059,1
2025-04-22 01:00:00,185.07501831622935,1
2025-04-22 02:00:00,188.94978242303108,1
2025-04-22 03:00:00,217.3199807807304,1
2025-04-22 04:00:00,232.59403902827387,1
2025-04-22 05:00:00,261.1133189006847,1
2025-04-22 06:00:00,271.7161317042029,1
2025-04-22 07:00:00,279.1236668423811,1
2025-04-22 08:00:00,297.0798028661881,1
2025-04-22 09:00:00,282.53194425304537,1
2025-04-22 10:00:00,291.89608089834286,1
2025-04-22 11:00:00,280.8319615524894,1
2025-04-22 12:00:00,281.32944087557,1
2025-04-22 13:00:00,278.20846317850834,1
2025-04-22 14:00:00,276.1142437180488,1
2025-04-22 15:00:00,291.74537906465883,1
2025-04-22 16:00:00,285.3201837654753,1
2025-04-22 17:00:00,278.7427979552895,1
2025-04-22 18:00:00,268.25924597576915,1
2025-04-22 19:00:00,253.21005601129076,1
2025-04-22 20:00:00,234.55578011713564,1
2025-04-22 21:00:00,211.1772001349822,1
2025-04-22 22:00:00,188.97422820879635,1
2025-04-22 23:00:00,192.10038526645963,1
2025-04-23 00:00:00,184.4375211447453,2
2025-04-23 01:00:00,179.24649712435843,2
2025-04-23 02:00:00,192.71934557151891,2
2025-04-23 03:00:00,217.46392589971487,2
2025-04-23 04:00:00,234.64704589412287,2
2025-04-23 05:00:00,257.0094703655735,2
2025-04-23 06:00:00,284.2855880818212,2
2025-04-23 07:00:00,286.7531521912175,2
2025-04-23 08:00:00,278.69041765768793,2
2025-04-23 09:00:00,280.6763448329246,2
2025-04-23 10:00:00,280.55013230088133,2
2025-04-23 11:00:00,282.8583217699569,2
2025-04-23 12:00:00,280.91893812191245,2
2025-04-23 13:00:00,278.017414244862,2
2025-04-23 14:00:00,276.8802720443503,2
2025-04-23 15:00:00,287.28718131782256,2
2025-04-23 16:00:00,296.25362136744695,2
2025-04-23 17:00:00,295.942213149155,2
2025-04-23 18:00:00,280.897420843167,2
2025-04-23 19:00:00,244.97089067143958,2
2025-04-23 20:00:00,241.67651228932397,2
2025-04-23 21:00:00,211.4363214314197,2
2025-04-23 22:00:00,196.85806340437165,2
2025-04-23 23:00:00,173.44723714054516,2
2025-04-24 00:00:00,166.5118326670143,3
2025-04-24 01:00:00,181.55884625408777,3
2025-04-24 02:00:00,189.19969722438995,3
2025-04-24 03:00:00,209.77971059221733,3
2025-04-24 04:00:00,235.0774770079087,3
2025-04-24 05:00:00,253.7361567337591,3
2025-04-24 06:00:00,285.57497968413537,3
2025-04-24 07:00:00,290.4353111518598,3
2025-04-24 08:00:00,283.8745446027628,3
2025-04-24 09:00:00,273.0797775769983,3
2025-04-24 10:00:00,281.08907847704324,3
2025-04-24 11:00:00,277.22277819161485,3
2025-04-24 12:00:00,283.31124718322656,3
2025-04-24 13:00:00,270.29553326854216,3
2025-04-24 14:00:00,274.02807895678336,3
2025-04-24 15:00:00,289.7686925862336,3
2025-04-24 16:00:00,276.970886863998,3
2025-04-24 17:00:00,287.4039622128867,3
2025-04-24 18:00:00,274.2379401686169,3
2025-04-24 19:00:00,263.9725657014233,3
2025-04-24 20:00:00,235.82509761043383,3
2025-04-24 21:00:00,225.487077370992,3
2025-04-24 22:00:00,200.77626048267723,3
2025-04-24 23:00:00,187.36870151024198,3
2025-04-25 00:00:00,187.5470765219554,4
2025-04-25 01:00:00,179.4163435874146,4
2025-04-25 02:00:00,201.9593736633126,4
2025-04-25 03:00:00,210.53998650208658,4
2025-04-25 04:00:00,242.0777996117416,4
2025-04-25 05:00:00,266.01016505139523,4
2025-04-25 06:00:00,257.61343141243407,4
2025-04-25 07:00:00,285.1934859522302,4
2025-04-25 08:00:00,293.2513065976494,4
2025-04-25 09:00:00,286.8377905398596,4
2025-04-25 10:00:00,264.87370043627936,4
2025-04-25 11:00:00,278.29158299745933,4
2025-04-25 12:00:00,288.58178310969527,4
2025-04-25 13:00:00,288.86984774159663,4
2025-04-25 14:00:00,299.94511102048,4
2025-04-25 15:00:00,286.7601938964828,4
2025-04-25 16:00:00,286.69527642467733,4
2025-04-25 17:00:00,288.3221966780334,4
2025-04-25 18:00:00,289.2272574671683,4
2025-04-25 19:00:00,260.9815142689162,4
2025-04-25 20:00:00,232.0543081829428,4
2025-04-25 21:00:00,222.68637863279156,4
2025-04-25 22:00:00,203.6567172840028,4
2025-04-25 23:00:00,180.86165789579422,4
2025-04-26 00:00:00,140.6637549777836,5
2025-04-26 01:00:00,141.1355148815292,5
2025-04-26 02:00:00,148.00264666548387,5
2025-04-26 03:00:00,167.64744964813363,5
2025-04-26 04:00:00,179.31383798288925,5
2025-04-26 05:00:00,207.44298105053022,5
2025-04-26 06:00:00,220.43115808990908,5
2025-04-26 07:00:00,207.30825294194744,5
2025-04-26 08:00:00,220.03277355483928,5
2025-04-26 09:00:00,229.30792347506667,5
2025-04-26 10:00:00,225.0958462225737,5
2025-04-26 11:00:00,213.05567664586744,5
2025-04-26 12:00:00,216.35521838366896,5
2025-04-26 13:00:00,222.98254052584616,5
2025-04-26 14:00:00,222.9796903128397,5
2025-04-26 15:00:00,233.9257208045472,5
2025-04-26 16:00:00,220.18209985268945,5
2025-04-26 17:00:00,237.91329417977497,5
2025-04-26 18:00:00,219.40400577218728,5
2025-04-26 19:00:00,201.2823955654567,5
2025-04-26 20:00:00,186.6596756318708,5
2025-04-26 21:00:00,169.3191797828988,5
2025-04-26 22:00:00,159.82768978149534,5
2025-04-26 23:00:00,141.94778277964545,5
2025-04-27 00:00:00,132.7536583755746,6
2025-04-27 01:00:00,142.94938383437207,6
2025-04-27 02:00:00,142.70695469418976,6
2025-04-27 03:00:00,161.72850490574092,6
2025-04-27 04:00:00,177.5606933093796,6
2025-04-27 05:00:00,195.84537519373526,6
2025-04-27 06:00:00,221.08010602126365,6
2025-04-27 07:00:00,226.6393727540976,6
2025-04-27 08:00:00,229.81506291615048,6
2025-04-27 09:00:00,228.69562081416547,6
2025-04-27 10:00:00,204.40852001936673,6
2025-04-27 11:00:00,228.28656920710117,6
2025-04-27 12:00:00,196.10799014674174,6
2025-04-27 13:00:00,215.94283837408298,6
2025-04-27 14:00:00,213.35233363480276,6
2025-04-27 15:00:00,214.31541340647806,6
2025-04-27 16:00:00,218.82116457732744,6
2025-04-27 17:00:00,234.47938931774627,6
2025-04-27 18:00:00,209.3593589871204,6
2025-04-27 19:00:00,205.00341882159356,6
2025-04-27 20:00:00,187.46990188545774,6
2025-04-27 21:00:00,164.53152810015368,6
2025-04-27 22:00:00,154.01256351868037,6
2025-04-27 23:00:00,140.49090972770733,6
2025-04-28 00:00:00,188.17315534402917,0
2025-04-28 01:00:00,170.13662032999014,0
2025-04-28 02:00:00,189.7439249789254,0
2025-04-28 03:00:00,210.43542560887235,0
2025-04-28 04:00:00,242.20166972264428,0
2025-04-28 05:00:00,273.06825227613507,0
2025-04-28 06:00:00,289.2268655251459,0
2025-04-28 07:00:00,274.12888174723275,0
2025-04-28 08:00:00,285.85453595762414,0
2025-04-28 09:00:00,282.1553258902657,0
2025-04-28 10:00:00,270.88483334714243,0
2025-04-28 11:00:00,283.58837033813853,0
2025-04-28 12:00:00,281.1846717347585,0
2025-04-28 13:00:00,270.6861023527097,0
2025-04-28 14:00:00,282.5611328975546,0
2025-04-28 15:00:00,283.61643148398394,0
2025-04-28 16:00:00,291.65216329123484,0
2025-04-28 17:00:00,275.4869075465374,0
2025-04-28 18:00:00,273.40880152935927,0
2025-04-28 19:00:00,268.97740067899946,0
2025-04-28 20:00:00,234.00806953428415,0
2025-04-28 21:00:00,206.60093238918813,0
2025-04-28 22:00:00,184.60587982507866,0
2025-04-28 23:00:00,175.343018799279,0
2025-04-29 00:00:00,180.09641405368143,1
2025-04-29 01:00:00,179.26141332344383,1
2025-04-29 02:00:00,182.87112085525567,1
2025-04-29 03:00:00,222.37257769326843,1
2025-04-29 04:00:00,231.27905775,1
2025-04-29 05:00:00,255.0522277187387,1
2025-04-29 06:00:00,279.8252882137289,1
2025-04-29 07:00:00,292.3544566444801,1
2025-04-29 08:00:00,288.0346935069317,1
2025-04-29 09:00:00,273.06277656099127,1
2025-04-29 10:00:00,277.6323560891372,1
2025-04-29 11:00:00,276.9791511297347,1
2025-04-29 12:00:00,285.5942306112367,1
2025-04-29 13:00:00,271.7109161668054,1
2025-04-29 14:00:00,274.9346018147235,1
2025-04-29 15:00:00,289.4839968079242,1
2025-04-29 16:00:00,283.5504567904049,1
2025-04-29 17:00:00,277.7255398734427,1
2025-04-29 18:00:00,266.5939461639776,1
2025-04-29 19:00:00,263.6553048538575,1
2025-04-29 20:00:00,245.95819910340862,1
2025-04-29 21:00:00,207.1938757691903,1
2025-04-29 22:00:00,190.28260233156232,1
2025-04-29 23:00:00,184.6427904793959,1
2025-04-30 00:00:00,173.07619211885878,2
2025-04-30 01:00:00,184.03548042049573,2
2025-04-30 02:00:00,197.6379260209046,2
2025-04-30 03:00:00,199.50281914349864,2
2025-04-30 04:00:00,228.9027277520961,2
2025-04-30 05:00:00,252.40474635444681,2
2025-04-30 06:00:00,285.6716763791816,2
2025-04-30 07:00:00,282.5365464320734,2
2025-04-30 08:00:00,270.21503462520525,2
2025-04-30 09:00:00,299.9570140621411,2
2025-04-30 10:00:00,294.10462409793246,2
2025-04-30 11:00:00,276.1745900672694,2
2025-04-30 12:00:00,279.8809102720987,2
2025-04-30 13:00:00,278.8861054949424,2
2025-04-30 14:00:00,287.0917446369457,2
2025-04-30 15:00:00,283.4799512104361,2
2025-04-30 16:00:00,297.78261308989795,2
2025-04-30 17:00:00,283.37688654259506,2
2025-04-30 18:00:00,285.24855315199187,2
2025-04-30 19:00:00,260.4707345933557,2
2025-04-30 20:00:00,230.76961816992352,2
2025-04-30 21:00:00,222.05526152655827,2
2025-04-30 22:00:00,193.57864206858312,2
2025-04-30 23:00:00,170.98746923693818,2
2025-05-01 00:00:00,158.57113224370852,3
2025-05-01 01:00:00,193.01836223510338,3
2025-05-01 02:00:00,185.4441089630775,3
2025-05-01 03:00:00,218.56354592899436,3
2025-05-01 04:00:00,229.95417954402924,3
2025-05-01 05:00:00,266.93113677352,3
2025-05-01 06:00:00,285.45163098946387,3
2025-05-01 07:00:00,290.10922819718917,3
2025-05-01 08:00:00,295.82254454743264,3
2025-05-01 09:00:00,291.6440071434905,3
2025-05-01 10:00:00,285.1087061503209,3
2025-05-01 11:00:00,279.22622751477326,3
2025-05-01 12:00:00,281.0170277958447,3
2025-05-01 13:00:00,273.6425006943533,3
2025-05-01 14:00:00,281.401191429067,3
2025-05-01 15:00:00,278.7662421327276,3
2025-05-01 16:00:00,284.8431727845292,3
2025-05-01 17:00:00,271.48653935776144,3
2025-05-01 18:00:00,280.0543688475936,3
2025-05-01 19:00:00,263.04764416379396,3
2025-05-01 20:00:00,229.96546730231088,3
2025-05-01 21:00:00,229.42040514148712,3
2025-05-01 22:00:00,192.73352427616388,3
2025-05-01 23:00:00,176.69698905815773,3
2025-05-02 00:00:00,165.00619738821047,4
2025-05-02 01:00:00,181.92015391175798,4
2025-05-02 02:00:00,196.9629644537334,4
2025-05-02 03:00:00,221.84743310527568,4
2025-05-02 04:00:00,226.97218734689426,4
2025-05-02 05:00:00,251.958766763253,4
2025-05-02 06:00:00,281.96832767944005,4
2025-05-02 07:00:00,295.3163967401204,4
2025-05-02 08:00:00,274.55119777345624,4
2025-05-02 09:00:00,278.32909861190154,4
2025-05-02 10:00:00,279.1632267079691,4
2025-05-02 11:00:00,279.6195753291306,4
2025-05-02 12:00:00,265.71444774654753,4
2025-05-02 13:00:00,267.23120938307335,4
2025-05-02 14:00:00,261.11056769190833,4
2025-05-02 15:00:00,275.5092407610251,4
2025-05-02 16:00:00,276.6053609709835,4
2025-05-02 17:00:00,292.12456705336564,4
2025-05-02 18:00:00,277.4827886052405,4
2025-05-02 19:00:00,262.27711262912305,4
2025-05-02 20:00:00,232.58250822191349,4
2025-05-02 21:00:00,208.88546027401568,4
2025-05-02 22:00:00,200.93519946404348,4
2025-05-02 23:00:00,179.53917659900418,4
2025-05-03 00:00:00,146.13906045747842,5
2025-05-03 01:00:00,142.2764207496462,5
2025-05-03 02:00:00,143.49111816094853,5
2025-05-03 03:00:00,163.0237716071518,5
2025-05-03 04:00:00,186.6493123860757,5
2025-05-03 05:00:00,195.3857270650631,5
2025-05-03 06:00:00,216.20637270680936,5
2025-05-03 07:00:00,210.08359401303542,5
2025-05-03 08:00:00,232.33026768435877,5
2025-05-03 09:00:00,224.6915756124372,5
2025-05-03 10:00:00,223.83414288364622,5
2025-05-03 11:00:00,213.09048728584617,5
2025-05-03 12:00:00,205.97047370835375,5
2025-05-03 13:00:00,212.77975516042667,5
2025-05-03 14:00:00,195.44917425514265,5
2025-05-03 15:00:00,225.49266794199835,5
2025-05-03 16:00:00,212.0353815154544,5
2025-05-03 17:00:00,224.19157474342467,5
2025-05-03 18:00:00,208.54753553352595,5
2025-05-03 19:00:00,200.23030358651053,5
2025-05-03 20:00:00,172.885391483361,5
2025-05-03 21:00:00,168.27268070040122,5
2025-05-03 22:00:00,159.82674166668306,5
2025-05-03 23:00:00,147.15357413552687,5
2025-05-04 00:00:00,133.80972817154174,6
2025-05-04 01:00:00,133.7585722132016,6
2025-05-04 02:00:00,159.24962126509504,6
2025-05-04 03:00:00,171.44811122270423,6
2025-05-04 04:00:00,177.4464545128874,6
2025-05-04 05:00:00,191.87576268847081,6
2025-05-04 06:00:00,212.61919236179804,6
2025-05-04 07:00:00,229.4512489691561,6
2025-05-04 08:00:00,241.95626618413291,6
2025-05-04 09:00:00,218.54815423871318,6
2025-05-04 10:00:00,213.74257323522266,6
2025-05-04 11:00:00,212.05460129598856,6
2025-05-04 12:00:00,214.53644746296052,6
2025-05-04 13:00:00,221.84186177500607,6
2025-05-04 14:00:00,222.56999364364574,6
2025-05-04 15:00:00,207.06842116818385,6
2025-05-04 16:00:00,225.19393410917303,6
2025-05-04 17:00:00,219.32528445946045,6
2025-05-04 18:00:00,209.1070586722871,6
2025-05-04 19:00:00,195.40618757324555,6
2025-05-04 20:00:00,195.16854576560863,6
2025-05-04 21:00:00,168.74800936652647,6
2025-05-04 22:00:00,162.16876920530254,6
2025-05-04 23:00:00,150.6616724188324,6
2025-05-05 00:00:00,171.18557614829487,0
2025-05-05 01:00:00,182.90242068708963,0
2025-05-05 02:00:00,205.7933425376289,0
2025-05-05 03:00:00,205.6657443940909,0
2025-05-05 04:00:00,226.9508368649379,0
2025-05-05 05:00:00,269.5481719419453,0
2025-05-05 06:00:00,261.6575530747036,0
2025-05-05 07:00:00,301.18447985617934,0
2025-05-05 08:00:00,286.9347066825758,0
2025-05-05 09:00:00,287.94630687270825,0
2025-05-05 10:00:00,273.5411313827381,0
2025-05-05 11:00:00,276.5823719798395,0
2025-05-05 12:00:00,273.67027659793104,0
2025-05-05 13:00:00,271.63848923489337,0
2025-05-05 14:00:00,268.1311224700077,0
2025-05-05 15:00:00,283.7175416321339,0
2025-05-05 16:00:00,291.92197009377065,0
2025-05-05 17:00:00,275.5662224999565,0
2025-05-05 18:00:00,273.27302551989493,0
2025-05-05 19:00:00,251.59385956566308,0
2025-05-05 20:00:00,220.34837179137844,0
2025-05-05 21:00:00,210.36066128002287,0
2025-05-05 22:00:00,196.23773702469938,0
2025-05-05 23:00:00,181.3626284270806,0
2025-05-06 00:00:00,194.14719811751468,1
2025-05-06 01:00:00,183.47605242100923,1
2025-05-06 02:00:00,205.4377521928056,1
2025-05-06 03:00:00,226.71212598784695,1
2025-05-06 04:00:00,225.87471875882588,1
2025-05-06 05:00:00,262.97315636616986,1
2025-05-06 06:00:00,274.07497802260707,1
2025-05-06 07:00:00,283.15451959079695,1
2025-05-06 08:00:00,275.40286870386467,1
2025-05-06 09:00:00,295.55118357543734,1
2025-05-06 10:00:00,291.1164071425159,1
2025-05-06 11:00:00,275.3346930174942,1
2025-05-06 12:00:00,264.97114419521296,1
2025-05-06 13:00:00,285.9448677421596,1
2025-05-06 14:00:00,284.6390331310071,1
2025-05-06 15:00:00,288.53295587895406,1
2025-05-06 16:00:00,279.0244454721489,1
2025-05-06 17:00:00,292.61860228279835,1
2025-05-06 18:00:00,284.7674779268861,1
2025-05-06 19:00:00,256.51833264636406,1
2025-05-06 20:00:00,245.29792060908827,1
2025-05-06 21:00:00,212.6108424461772,1
2025-05-06 22:00:00,187.06528712890247,1
2025-05-06 23:00:00,173.66874062875098,1
2025-05-07 00:00:00,170.40753658471777,2
2025-05-07 01:00:00,190.27595184195914,2
2025-05-07 02:00:00,197.41156774864848,2
2025-05-07 03:00:00,213.0459890523784,2
2025-05-07 04:00:00,235.86240866741647,2
2025-05-07 05:00:00,251.27534067079773,2
2025-05-07 06:00:00,272.1361737847531,2
2025-05-07 07:00:00,284.4789978796927,2
2025-05-07 08:00:00,288.6023829886686,2
2025-05-07 09:00:00,285.6970408131484,2
2025-05-07 10:00:00,278.88949972929225,2
2025-05-07 11:00:00,272.2223608002864,2
2025-05-07 12:00:00,272.90831648694825,2
2025-05-07 13:00:00,283.1952178274091,2
2025-05-07 14:00:00,279.0023807741865,2
2025-05-07 15:00:00,280.10138290348164,2
2025-05-07 16:00:00,279.3918630260899,2
2025-05-07 17:00:00,286.61963338666055,2
2025-05-07 18:00:00,279.8210263755741,2
2025-05-07 19:00:00,257.70927741053305,2
2025-05-07 20:00:00,237.40473132098285,2
2025-05-07 21:00:00,229.69906069492728,2
2025-05-07 22:00:00,201.92120620430163,2
2025-05-07 23:00:00,182.72109458524554,2
2025-05-08 00:00:00,182.18223737871523,3
2025-05-08 01:00:00,185.45956079942394,3
2025-05-08 02:00:00,182.18367608509894,3
2025-05-08 03:00:00,216.39404844279036,3
2025-05-08 04:00:00,237.7405536473247,3
2025-05-08 05:00:00,254.1338474252194,3
2025-05-08 06:00:00,282.8162298119332,3
2025-05-08 07:00:00,272.292890067283,3
2025-05-08 08:00:00,311.6104804742715,3
2025-05-08 09:00:00,283.3337951535408,3
2025-05-08 10:00:00,279.68465565392563,3
2025-05-08 11:00:00,265.9853762873232,3
2025-05-08 12:00:00,280.4649709229666,3
2025-05-08 13:00:00,264.29840381764075,3
2025-05-08 14:00:00,269.47854181795805,3
2025-05-08 15:00:00,284.7006552788792,3
2025-05-08 16:00:00,290.2600613721865,3
2025-05-08 17:00:00,264.09024760499113,3
2025-05-08 18:00:00,286.31169336259876,3
2025-05-08 19:00:00,260.53572170692894,3
2025-05-08 20:00:00,237.00352434033928,3
2025-05-08 21:00:00,219.25087704055738,3
2025-05-08 22:00:00,199.23663678874195,3
2025-05-08 23:00:00,183.93759568450204,3
2025-05-09 00:00:00,178.63992563991798,4
2025-05-09 01:00:00,169.86517734070648,4
2025-05-09 02:00:00,193.59214708040076,4
2025-05-09 03:00:00,221.18419919817129,4
2025-05-09 04:00:00,236.2999944090616,4
2025-05-09 05:00:00,268.2967942592632,4
2025-05-09 06:00:00,267.65100716766284,4
2025-05-09 07:00:00,279.83954365624834,4
2025-05-09 08:00:00,286.7714646338532,4
2025-05-09 09:00:00,291.3164427675886,4
2025-05-09 10:00:00,278.11239446864295,4
2025-05-09 11:00:00,276.56702207659885,4
2025-05-09 12:00:00,285.52887919147884,4
2025-05-09 13:00:00,280.7117358914597,4
2025-05-09 14:00:00,277.9059944673473,4
2025-05-09 15:00:00,288.89512109014345,4
2025-05-09 16:00:00,285.6159727084145,4
2025-05-09 17:00:00,289.90399069872484,4
2025-05-09 18:00:00,265.8947836322443,4
2025-05-09 19:00:00,249.01669635781116,4
2025-05-09 20:00:00,219.05764212080325,4
2025-05-09 21:00:00,233.4913669066554,4
2025-05-09 22:00:00,190.7182179853582,4
2025-05-09 23:00:00,190.87115961686197,4
2025-05-10 00:00:00,143.16537736745414,5
2025-05-10 01:00:00,141.90338821959085,5
2025-05-10 02:00:00,144.6009904388843,5
2025-05-10 03:00:00,166.48896007600774,5
2025-05-10 04:00:00,182.97139122467638,5
2025-05-10 05:00:00,197.40496064097363,5
2025-05-10 06:00:00,220.4591402729117,5
2025-05-10 07:00:00,218.56636562859833,5
2025-05-10 08:00:00,226.4599460521812,5
2025-05-10 09:00:00,230.56841242714577,5
2025-05-10 10:00:00,212.3375590840123,5
2025-05-10 11:00:00,215.8473531796581,5
2025-05-10 12:00:00,206.4415995912986,5
2025-05-10 13:00:00,226.085091757545,5
2025-05-10 14:00:00,210.66954194484984,5
2025-05-10 15:00:00,228.08290227384458,5
2025-05-10 16:00:00,218.7221266154497,5
2025-05-10 17:00:00,216.4333147235279,5
2025-05-10 18:00:00,220.18612380341793,5
2025-05-10 19:00:00,200.42752162711815,5
2025-05-10 20:00:00,180.18695487300235,5
2025-05-10 21:00:00,182.556412683066,5
2025-05-10 22:00:00,147.27638619225337,5
2025-05-10 23:00:00,151.21419412495055,5
2025-05-11 00:00:00,130.3195605757437,6
2025-05-11 01:00:00,149.39169123660452,6
2025-05-11 02:00:00,168.1414218491721,6
2025-05-11 03:00:00,170.0364674362463,6
2025-05-11 04:00:00,183.85032582201572,6
2025-05-11 05:00:00,200.92401141011328,6
2025-05-11 06:00:00,215.0191095079653,6
2025-05-11 07:00:00,212.2588305098421,6
2025-05-11 08:00:00,223.24669000548246,6
2025-05-11 09:00:00,224.67207981069419,6
2025-05-11 10:00:00,224.21501901351877,6
2025-05-11 11:00:00,216.9802343015238,6
2025-05-11 12:00:00,219.91068072648847,6
2025-05-11 13:00:00,217.63372727142468,6
2025-05-11 14:00:00,196.79273838350568,6
2025-05-11 15:00:00,216.2115553777468,6
2025-05-11 16:00:00,228.59794509447025,6
2025-05-11 17:00:00,209.20747594680427,6
2025-05-11 18:00:00,213.86822890505024,6
2025-05-11 19:00:00,194.37273093507434,6
2025-05-11 20:00:00,178.45236235595988,6
2025-05-11 21:00:00,157.14903394041397,6
2025-05-11 22:00:00,161.62692164068577,6
2025-05-11 23:00:00,142.68707888180583,6
2025-05-12 00:00:00,164.0747412710259,0
2025-05-12 01:00:00,186.02183659646326,0
2025-05-12 02:00:00,201.61655798034198,0
2025-05-12 03:00:00,215.04939871398236,0
2025-05-12 04:00:00,228.75778665326487,0
2025-05-12 05:00:00,244.393482499552,0
2025-05-12 06:00:00,274.2777012003543,0
2025-05-12 07:00:00,283.4547488917003,0
2025-05-12 08:00:00,283.7053401516093,0
2025-05-12 09:00:00,266.2250472519105,0
2025-05-12 10:00:00,287.50497566348776,0
2025-05-12 11:00:00,265.0291591659317,0
2025-05-12 12:00:00,270.92072015851136,0
2025-05-12 13:00:00,285.71241282111185,0
2025-05-12 14:00:00,287.0468532938346,0
2025-05-12 15:00:00,281.23278293039306,0
2025-05-12 16:00:00,288.222330697847,0
2025-05-12 17:00:00,286.14097774361954,0
2025-05-12 18:00:00,275.20639362202763,0
2025-05-12 19:00:00,263.5620629237577,0
2025-05-12 20:00:00,233.17672521699,0
2025-05-12 21:00:00,213.29588706526832,0
2025-05-12 22:00:00,209.67067856441227,0
2025-05-12 23:00:00,165.24746753753863,0
2025-05-13 00:00:00,176.26601884079275,1
2025-05-13 01:00:00,174.79519775541695,1
2025-05-13 02:00:00,201.87136596919936,1
2025-05-13 03:00:00,212.5723301237741,1
2025-05-13 04:00:00,255.23329394062122,1
2025-05-13 05:00:00,261.54831340168005,1
2025-05-13 06:00:00,277.8392691722413,1
2025-05-13 07:00:00,279.227195983702,1
2025-05-13 08:00:00,288.69537335915714,1
2025-05-13 09:00:00,277.84220818671326,1
2025-05-13 10:00:00,289.0221003142217,1
2025-05-13 11:00:00,279.1928909223375,1
2025-05-13 12:00:00,283.1192886729151,1
2025-05-13 13:00:00,272.7697033628106,1
2025-05-13 14:00:00,295.53543320057776,1
2025-05-13 15:00:00,277.90099991567854,1
2025-05-13 16:00:00,301.6434721096984,1
2025-05-13 17:00:00,282.93794856097094,1
2025-05-13 18:00:00,281.7855574891914,1
2025-05-13 19:00:00,262.2574942643601,1
2025-05-13 20:00:00,226.45676101917303,1
2025-05-13 21:00:00,213.3875067663232,1
2025-05-13 22:00:00,191.03646595530378,1
2025-05-13 23:00:00,182.80202398667134,1
2025-05-14 00:00:00,191.8688753037744,2
2025-05-14 01:00:00,177.05819653779324,2
2025-05-14 02:00:00,182.38274319261578,2
2025-05-14 03:00:00,216.47660311088282,2
2025-05-14 04:00:00,235.45339388753155,2
2025-05-14 05:00:00,254.11582407455532,2
2025-05-14 06:00:00,280.7853635786792,2
2025-05-14 07:00:00,263.1594500261623,2
2025-05-14 08:00:00,286.1723450821675,2
2025-05-14 09:00:00,279.48290480948407,2
2025-05-14 10:00:00,280.4626895805589,2
2025-05-14 11:00:00,281.3087812117758,2
2025-05-14 12:00:00,273.5698475119211,2
2025-05-14 13:00:00,287.72382070920213,2
2025-05-14 14:00:00,276.2072573259988,2
2025-05-14 15:00:00,291.63959663858543,2
2025-05-14 16:00:00,281.56867447031226,2
2025-05-14 17:00:00,285.0224606347417,2
2025-05-14 18:00:00,277.32269614394835,2
2025-05-14 19:00:00,271.30692194797547,2
2025-05-14 20:00:00,226.01460728997253,2
2025-05-14 21:00:00,213.37507496772412,2
2025-05-14 22:00:00,197.02180169526716,2
2025-05-14 23:00:00,184.15254916333762,2
2025-05-15 00:00:00,188.27717463817686,3
2025-05-15 01:00:00,192.48828640845488,3
2025-05-15 02:00:00,198.10469012297676,3
2025-05-15 03:00:00,213.48447697020706,3
2025-05-15 04:00:00,238.77648087040393,3
2025-05-15 05:00:00,252.1961376769641,3
2025-05-15 06:00:00,258.5333285647306,3
2025-05-15 07:00:00,287.13171206855395,3
2025-05-15 08:00:00,285.8955997691021,3
2025-05-15 09:00:00,298.3371166016169,3
2025-05-15 10:00:00,283.06371135744985,3
2025-05-15 11:00:00,257.70165182241556,3
2025-05-15 12:00:00,280.9389798470145,3
2025-05-15 13:00:00,279.07587944056024,3
2025-05-15 14:00:00,280.97978573564194,3
2025-05-15 15:00:00,298.1658445977265,3
2025-05-15 16:00:00,280.82464920335883,3
2025-05-15 17:00:00,268.79783701430114,3
2025-05-15 18:00:00,284.4516889830329,3
2025-05-15 19:00:00,256.9793159314779,3
2025-05-15 20:00:00,244.00440206322358,3
2025-05-15 21:00:00,213.89803317169924,3
2025-05-15 22:00:00,203.03762502586503,3
2025-05-15 23:00:00,179.80077666170854,3
2025-05-16 00:00:00,166.70308508665863,4
2025-05-16 01:00:00,188.87114900582267,4
2025-05-16 02:00:00,189.1566619961604,4
2025-05-16 03:00:00,218.9272609616272,4
2025-05-16 04:00:00,227.90075155929998,4
2025-05-16 05:00:00,260.5232475122063,4
2025-05-16 06:00:00,284.1616486198437,4
2025-05-16 07:00:00,292.84591059978385,4
2025-05-16 08:00:00,296.29534605858527,4
2025-05-16 09:00:00,286.98162769513334,4
2025-05-16 10:00:00,273.107949795719,4
2025-05-16 11:00:00,264.04934179736637,4
2025-05-16 12:00:00,272.83461323094406,4
2025-05-16 13:00:00,276.5341679382739,4
2025-05-16 14:00:00,291.713562312196,4
2025-05-16 15:00:00,282.6777514697079,4
2025-05-16 16:00:00,293.5720783755404,4
2025-05-16 17:00:00,269.11117853820525,4
2025-05-16 18:00:00,281.14089802551433,4
2025-05-16 19:00:00,259.5805281336225,4
2025-05-16 20:00:00,236.40745555479305,4
2025-05-16 21:00:00,201.36367773833547,4
2025-05-16 22:00:00,200.2219227574495,4
2025-05-16 23:00:00,188.49432122346997,4
2025-05-17 00:00:00,134.97587355024783,5
2025-05-17 01:00:00,151.52371213404072,5
2025-05-17 02:00:00,151.79468241012196,5
2025-05-17 03:00:00,165.75014440939012,5
2025-05-17 04:00:00,182.2769224406555,5
2025-05-17 05:00:00,206.26104030183367,5
2025-05-17 06:00:00,212.84637040833505,5
2025-05-17 07:00:00,213.84059174369216,5
2025-05-17 08:00:00,222.56701173854054,5
2025-05-17 09:00:00,227.22764572671997,5
2025-05-17 10:00:00,207.4463960004601,5
2025-05-17 11:00:00,209.97013499426058,5
2025-05-17 12:00:00,208.79234547069723,5
2025-05-17 13:00:00,221.50612564538017,5
2025-05-17 14:00:00,206.26856238806081,5
2025-05-17 15:00:00,225.96691604098245,5
2025-05-17 16:00:00,217.28908407068042,5
2025-05-17 17:00:00,231.51457167873045,5
2025-05-17 18:00:00,222.75666146657207,5
2025-05-17 19:00:00,206.35526428934074,5
2025-05-17 20:00:00,185.40248198443956,5
2025-05-17 21:00:00,164.05191609718042,5
2025-05-17 22:00:00,151.68401352045547,5
2025-05-17 23:00:00,143.61052654464405,5
2025-05-18 00:00:00,142.58398310787592,6
2025-05-18 01:00:00,131.13323781430438,6
2025-05-18 02:00:00,152.5502472145596,6
2025-05-18 03:00:00,147.7095477340115,6
2025-05-18 04:00:00,191.66975397179368,6
2025-05-18 05:00:00,205.57615748804648,6
2025-05-18 06:00:00,215.57314075595565,6
2025-05-18 07:00:00,229.55731733220807,6
2025-05-18 08:00:00,212.19662326413788,6
2025-05-18 09:00:00,224.6620797508531,6
2025-05-18 10:00:00,229.68317947679975,6
2025-05-18 11:00:00,215.63891405430286,6
2025-05-18 12:00:00,220.79328290671538,6
2025-05-18 13:00:00,210.5197069370038,6
2025-05-18 14:00:00,210.25188944169926,6
2025-05-18 15:00:00,234.05555718409533,6
2025-05-18 16:00:00,224.6062576063705,6
2025-05-18 17:00:00,219.042438904466,6
2025-05-18 18:00:00,211.46949135312127,6
2025-05-18 19:00:00,200.84253566712835,6
2025-05-18 20:00:00,184.30851232086155,6
2025-05-18 21:00:00,174.67331815299426,6
2025-05-18 22:00:00,152.15695002738113,6
2025-05-18 23:00:00,133.35389035416756,6
2025-05-19 00:00:00,175.09170598453235,0
2025-05-19 01:00:00,170.3717946101652,0
2025-05-19 02:00:00,199.50532410209803,0
2025-05-19 03:00:00,203.2998747848744,0
2025-05-19 04:00:00,239.39562105369959,0
2025-05-19 05:00:00,270.1871364030237,0
2025-05-19 06:00:00,266.1764652427648,0
2025-05-19 07:00:00,287.07036068502157,0
2025-05-19 08:00:00,295.11998298865893,0
2025-05-19 09:00:00,291.1600068781311,0
2025-05-19 10:00:00,270.16909690531753,0
2025-05-19 11:00:00,285.51624710304816,0
2025-05-19 12:00:00,272.9451924178468,0
2025-05-19 13:00:00,289.2269991594882,0
2025-05-19 14:00:00,287.41532686270716,0
2025-05-19 15:00:00,273.0049231966935,0
2025-05-19 16:00:00,287.9049085293664,0
2025-05-19 17:00:00,283.17118193272074,0
2025-05-19 18:00:00,275.6575607972269,0
2025-05-19 19:00:00,252.8592360293679,0
2025-05-19 20:00:00,241.2834323327141,0
2025-05-19 21:00:00,224.31671939727016,0
2025-05-19 22:00:00,186.85812460594235,0
2025-05-19 23:00:00,171.85073969273216,0
2025-05-20 00:00:00,174.3588534019486,1
2025-05-20 01:00:00,174.23131841386797,1
2025-05-20 02:00:00,192.8126912670719,1
2025-05-20 03:00:00,211.9605924637358,1
2025-05-20 04:00:00,228.29695005145805,1
2025-05-20 05:00:00,248.72951170395436,1
2025-05-20 06:00:00,273.4212873037328,1
2025-05-20 07:00:00,284.55256173563424,1
2025-05-20 08:00:00,291.67887302831963,1
2025-05-20 09:00:00,286.5287229501587,1
2025-05-20 10:00:00,289.0420191485703,1
2025-05-20 11:00:00,280.8331898839585,1
2025-05-20 12:00:00,272.8592408466384,1
2025-05-20 13:00:00,277.62166554554744,1
2025-05-20 14:00:00,279.3945898520891,1
2025-05-20 15:00:00,285.7361229842597,1
2025-05-20 16:00:00,286.44149862219876,1
2025-05-20 17:00:00,289.22522602739247,1
2025-05-20 18:00:00,279.8073199094296,1
2025-05-20 19:00:00,273.3619436862319,1
2025-05-20 20:00:00,237.79282125500134,1
2025-05-20 21:00:00,203.96304239490968,1
2025-05-20 22:00:00,189.84555204218375,1
2025-05-20 23:00:00,180.61522637609778,1
2025-05-21 00:00:00,159.7390022750658,2
2025-05-21 01:00:00,186.02190490118235,2
2025-05-21 02:00:00,193.94268894116024,2
2025-05-21 03:00:00,212.02598364599004,2
2025-05-21 04:00:00,234.39313006561943,2
2025-05-21 05:00:00,265.60570246105283,2
2025-05-21 06:00:00,288.026803848833,2
2025-05-21 07:00:00,284.8592974020723,2
2025-05-21 08:00:00,289.0603961590427,2
2025-05-21 09:00:00,286.53015645265236,2
2025-05-21 10:00:00,269.0295621224841,2
2025-05-21 11:00:00,285.093565026402,2
2025-05-21 12:00:00,281.5144179651507,2
2025-05-21 13:00:00,277.32145463310013,2
2025-05-21 14:00:00,267.20683672577286,2
2025-05-21 15:00:00,295.94558454139167,2
2025-05-21 16:00:00,295.33127810236584,2
2025-05-21 17:00:00,290.83867879606566,2
2025-05-21 18:00:00,263.97279158846095,2
2025-05-21 19:00:00,262.04722406818877,2
2025-05-21 20:00:00,244.50882499088883,2
2025-05-21 21:00:00,215.31295942507188,2
2025-05-21 22:00:00,188.80075205289054,2
2025-05-21 23:00:00,185.01624270500167,2
2025-05-22 00:00:00,179.37606919543518,3
2025-05-22 01:00:00,191.28366641031218,3
2025-05-22 02:00:00,182.747330198309,3
2025-05-22 03:00:00,214.03992572586523,3
2025-05-22 04:00:00,232.92288617302566,3
2025-05-22 05:00:00,253.21340948693296,3
2025-05-22 06:00:00,263.28477470333405,3
2025-05-22 07:00:00,302.3755745415658,3
2025-05-22 08:00:00,283.9353167264397,3
2025-05-22 09:00:00,275.1430974024459,3
2025-05-22 10:00:00,286.99047308512945,3
2025-05-22 11:00:00,286.07005357864534,3
2025-05-22 12:00:00,286.97336164526854,3
2025-05-22 13:00:00,288.5060270608866,3
2025-05-22 14:00:00,273.9360588853852,3
2025-05-22 15:00:00,267.29607592643924,3
2025-05-22 16:00:00,288.7252222923092,3
2025-05-22 17:00:00,286.0201435147533,3
2025-05-22 18:00:00,275.6833220617213,3
2025-05-22 19:00:00,257.0253025893094,3
2025-05-22 20:00:00,233.77706943814036,3
2025-05-22 21:00:00,218.1688398263721,3
2025-05-22 22:00:00,195.8671479399651,3
2025-05-22 23:00:00,188.5958098134617,3
2025-05-23 00:00:00,186.8956879732134,4
2025-05-23 01:00:00,165.23654936854177,4
2025-05-23 02:00:00,209.63735093383562,4
2025-05-23 03:00:00,206.22241636077425,4
2025-05-23 04:00:00,235.37699240440963,4
2025-05-23 05:00:00,261.3116380586993,4
2025-05-23 06:00:00,281.4113823266122,4
2025-05-23 07:00:00,279.3763828900788,4
2025-05-23 08:00:00,282.3260950146326,4
2025-05-23 09:00:00,284.5564043320939,4
2025-05-23 10:00:00,280.5769122938799,4
2025-05-23 11:00:00,276.9370009562616,4
2025-05-23 12:00:00,274.1880255940623,4
2025-05-23 13:00:00,274.8792802498337,4
2025-05-23 14:00:00,285.591316544597,4
2025-05-23 15:00:00,283.7247112299653,4
2025-05-23 16:00:00,322.1373544434092,4
2025-05-23 17:00:00,286.6240203188505,4
2025-05-23 18:00:00,287.26663064755905,4
2025-05-23 19:00:00,273.8485855773674,4
2025-05-23 20:00:00,238.30637833894264,4
2025-05-23 21:00:00,218.6312654832887,4
2025-05-23 22:00:00,197.7390203741269,4
2025-05-23 23:00:00,181.38323849248144,4
2025-05-24 00:00:00,139.46282742403923,5
2025-05-24 01:00:00,144.84563994522313,5
2025-05-24 02:00:00,144.46644511941034,5
2025-05-24 03:00:00,175.74258713994513,5
2025-05-24 04:00:00,183.92176206729448,5
2025-05-24 05:00:00,202.09875952038576,5
2025-05-24 06:00:00,200.74782208329475,5
2025-05-24 07:00:00,226.8193520819541,5
2025-05-24 08:00:00,228.370057016596,5
2025-05-24 09:00:00,218.13268413365643,5
2025-05-24 10:00:00,232.1536725765909,5
2025-05-24 11:00:00,204.93683658510554,5
2025-05-24 12:00:00,200.73339852824378,5
2025-05-24 13:00:00,215.30650759726507,5
2025-05-24 14:00:00,226.19456770348884,5
2025-05-24 15:00:00,217.95611981738816,5
2025-05-24 16:00:00,228.2158545520974,5
2025-05-24 17:00:00,223.2878424310084,5
2025-05-24 18:00:00,216.27412468848837,5
2025-05-24 19:00:00,196.03945990216744,5
2025-05-24 20:00:00,179.2202547572691,5
2025-05-24 21:00:00,159.55462300005485,5
2025-05-24 22:00:00,151.50052480058207,5
2025-05-24 23:00:00,144.13451674003832,5
2025-05-25 00:00:00,131.11425826410363,6
2025-05-25 01:00:00,132.7356124549049,6
2025-05-25 02:00:00,150.9937861054471,6
2025-05-25 03:00:00,178.55875375759445,6
2025-05-25 04:00:00,191.6492222919069,6
2025-05-25 05:00:00,197.0698536135299,6
2025-05-25 06:00:00,209.6317644105281,6
2025-05-25 07:00:00,222.85383821178462,6
2025-05-25 08:00:00,233.47747644199524,6
2025-05-25 09:00:00,216.26157171730637,6
2025-05-25 10:00:00,219.30002998305343,6
2025-05-25 11:00:00,220.3222554319708,6
2025-05-25 12:00:00,212.22570282346777,6
2025-05-25 13:00:00,230.3003675760589,6
2025-05-25 14:00:00,230.79077201390433,6
2025-05-25 15:00:00,235.58849920948614,6
2025-05-25 16:00:00,220.45659789432412,6
2025-05-25 17:00:00,221.17273580053728,6
2025-05-25 18:00:00,214.8269472508616,6
2025-05-25 19:00:00,185.10278711168084,6
2025-05-25 20:00:00,193.26834474978503,6
2025-05-25 21:00:00,176.435780317764,6
2025-05-25 22:00:00,149.9309113959917,6
2025-05-25 23:00:00,126.0676400322238,6
2025-05-26 00:00:00,183.33026475392043,0
2025-05-26 01:00:00,183.9003377987797,0
2025-05-26 02:00:00,186.57161165067922,0
2025-05-26 03:00:00,218.56080633869033,0
2025-05-26 04:00:00,251.16924056806133,0
2025-05-26 05:00:00,265.76054663751086,0
2025-05-26 06:00:00,266.6821986224685,0
2025-05-26 07:00:00,289.77083830619665,0
2025-05-26 08:00:00,285.8945747257125,0
2025-05-26 09:00:00,280.7701379363097,0
2025-05-26 10:00:00,282.6985429560594,0
2025-05-26 11:00:00,259.60749572590237,0
2025-05-26 12:00:00,289.2142382489751,0
2025-05-26 13:00:00,289.13584537655277,0
2025-05-26 14:00:00,276.69148984271663,0
2025-05-26 15:00:00,292.27267543035566,0
2025-05-26 16:00:00,286.5425250645306,0
2025-05-26 17:00:00,289.24864929248935,0
2025-05-26 18:00:00,267.3305680300839,0
2025-05-26 19:00:00,263.8636711058848,0
2025-05-26 20:00:00,234.22448751291478,0
2025-05-26 21:00:00,218.91876979297274,0
2025-05-26 22:00:00,200.9853582355563,0
2025-05-26 23:00:00,184.47498804765456,0
2025-05-27 00:00:00,170.8298097003236,1
2025-05-27 01:00:00,181.14726668246584,1
2025-05-27 02:00:00,182.8035081548975,1
2025-05-27 03:00:00,221.26034307075253,1
2025-05-27 04:00:00,237.4875715065191,1
2025-05-27 05:00:00,260.1115753219404,1
2025-05-27 06:00:00,280.4920225649047,1
2025-05-27 07:00:00,281.83882929534235,1
2025-05-27 08:00:00,284.98910085556474,1
2025-05-27 09:00:00,273.9640754628216,1
2025-05-27 10:00:00,271.6552556758144,1
2025-05-27 11:00:00,290.6656496345618,1
2025-05-27 12:00:00,280.1047411469511,1
2025-05-27 13:00:00,285.6102722939889,1
2025-05-27 14:00:00,289.98706062702485,1
2025-05-27 15:00:00,299.5160014512924,1
2025-05-27 16:00:00,281.6128853110192,1
2025-05-27 17:00:00,295.30785447327133,1
2025-05-27 18:00:00,266.10836572678505,1
2025-05-27 19:00:00,256.3734283618359,1
2025-05-27 20:00:00,239.8772516078435,1
2025-05-27 21:00:00,205.59077849879873,1
2025-05-27 22:00:00,200.39958916017756,1
2025-05-27 23:00:00,180.59752869666673,1
2025-05-28 00:00:00,170.9006525086955,2
2025-05-28 01:00:00,179.7008223670799,2
2025-05-28 02:00:00,193.6471192594263,2
2025-05-28 03:00:00,207.10155101395097,2
2025-05-28 04:00:00,236.0256723138932,2
2025-05-28 05:00:00,263.2512204173406,2
2025-05-28 06:00:00,275.5032496740584,2
2025-05-28 07:00:00,295.320693308446,2
2025-05-28 08:00:00,288.8060865013433,2
2025-05-28 09:00:00,277.6742887680164,2
2025-05-28 10:00:00,274.31912310474576,2
2025-05-28 11:00:00,271.2605657769175,2
2025-05-28 12:00:00,280.0438514476226,2
2025-05-28 13:00:00,262.5306262220611,2
2025-05-28 14:00:00,275.348569441873,2
2025-05-28 15:00:00,279.6999430733372,2
2025-05-28 16:00:00,283.8113642491878,2
2025-05-28 17:00:00,292.0765485078956,2
2025-05-28 18:00:00,273.7027861539833,2
2025-05-28 19:00:00,257.55507187512643,2
2025-05-28 20:00:00,239.06387890628704,2
2025-05-28 21:00:00,202.50925592388253,2
2025-05-28 22:00:00,195.6597377738265,2
2025-05-28 23:00:00,188.43926021585486,2
2025-05-29 00:00:00,160.13159300971574,3
2025-05-29 01:00:00,188.7443870363349,3
2025-05-29 02:00:00,194.76921831892616,3
2025-05-29 03:00:00,208.31265759450497,3
2025-05-29 04:00:00,236.9869972853158,3
2025-05-29 05:00:00,257.70808232877073,3
2025-05-29 06:00:00,278.65076381472056,3
2025-05-29 07:00:00,282.3140922089067,3
2025-05-29 08:00:00,271.2611106560338,3
2025-05-29 09:00:00,280.2748194764617,3
2025-05-29 10:00:00,288.00881244453103,3
2025-05-29 11:00:00,278.8151364515124,3
2025-05-29 12:00:00,277.87515378931687,3
2025-05-29 13:00:00,284.8513819639165,3
2025-05-29 14:00:00,269.5517854170416,3
2025-05-29 15:00:00,284.4879791324604,3
2025-05-29 16:00:00,282.1893677078814,3
2025-05-29 17:00:00,294.6740624769184,3
2025-05-29 18:00:00,268.39947308278204,3
2025-05-29 19:00:00,269.92604813661546,3
2025-05-29 20:00:00,245.4769873163911,3
2025-05-29 21:00:00,210.76317295199382,3
2025-05-29 22:00:00,186.46282325047585,3
2025-05-29 23:00:00,171.89892245982517,3
2025-05-30 00:00:00,177.3414044915076,4
2025-05-30 01:00:00,173.7421776647274,4
2025-05-30 02:00:00,200.6143756313799,4
2025-05-30 03:00:00,211.03590659119874,4
2025-05-30 04:00:00,232.41477054164173,4
2025-05-30 05:00:00,260.50027960396784,4
2025-05-30 06:00:00,278.88303013257126,4
2025-05-30 07:00:00,289.1678892654359,4
2025-05-30 08:00:00,286.72809246697756,4
2025-05-30 09:00:00,284.0775304779088,4
2025-05-30 10:00:00,301.4260778690913,4
2025-05-30 11:00:00,268.49838321917304,4
2025-05-30 12:00:00,269.87271894799466,4
2025-05-30 13:00:00,280.14793742726766,4
2025-05-30 14:00:00,266.58086108786966,4
2025-05-30 15:00:00,275.30388828609193,4
2025-05-30 16:00:00,282.2630803014802,4
2025-05-30 17:00:00,285.1047728284927,4
2025-05-30 18:00:00,269.4983101318437,4
2025-05-30 19:00:00,264.33845612568877,4
2025-05-30 20:00:00,233.34287606450846,4
2025-05-30 21:00:00,210.0794405144258,4
2025-05-30 22:00:00,204.7293317352478,4
2025-05-30 23:00:00,186.2030734855778,4
2025-05-31 00:00:00,134.3895498044297,5
2025-05-31 01:00:00,130.8758329184159,5
2025-05-31 02:00:00,137.21656839560626,5
2025-05-31 03:00:00,170.02050928725157,5
2025-05-31 04:00:00,198.19381741901327,5
2025-05-31 05:00:00,205.8978905616091,5
2025-05-31 06:00:00,209.63336566008815,5
2025-05-31 07:00:00,220.6733679316098,5
2025-05-31 08:00:00,217.1203877076859,5
2025-05-31 09:00:00,218.0536073929967,5
2025-05-31 10:00:00,225.8063228921814,5
2025-05-31 11:00:00,214.52013574890523,5
2025-05-31 12:00:00,216.25330486253264,5
2025-05-31 13:00:00,206.1235958364657,5
2025-05-31 14:00:00,222.16301454790494,5
2025-05-31 15:00:00,218.98496510277192,5
2025-05-31 16:00:00,223.21528859215647,5
2025-05-31 17:00:00,223.64954137217103,5
2025-05-31 18:00:00,214.14817928423523,5
2025-05-31 19:00:00,200.29763053236857,5
2025-05-31 20:00:00,193.48601983446352,5
2025-05-31 21:00:00,170.67160760355463,5
2025-05-31 22:00:00,165.22644627156953,5
2025-05-31 23:00:00,133.93778564816895,5
2025-06-01 00:00:00,133.72554002018435,6
2025-06-01 01:00:00,138.93914485934692,6
2025-06-01 02:00:00,142.86848353389752,6
2025-06-01 03:00:00,171.0714840649773,6
2025-06-01 04:00:00,175.62509310895052,6
2025-06-01 05:00:00,205.05416631099956,6
2025-06-01 06:00:00,205.97432803011017,6
2025-06-01 07:00:00,231.86536602454893,6
2025-06-01 08:00:00,230.07970029193933,6
2025-06-01 09:00:00,207.0252168722031,6
2025-06-01 10:00:00,210.29060470059656,6
2025-06-01 11:00:00,216.53138097916082,6
2025-06-01 12:00:00,228.1610201691773,6
2025-06-01 13:00:00,202.2455470736327,6
2025-06-01 14:00:00,218.1284288766977,6
2025-06-01 15:00:00,239.89100160338305,6
2025-06-01 16:00:00,226.11105307383883,6
2025-06-01 17:00:00,222.21833417489785,6
2025-06-01 18:00:00,209.6199171061909,6
2025-06-01 19:00:00,201.84656084860697,6
2025-06-01 20:00:00,181.86200234303203,6
2025-06-01 21:00:00,161.47734044380869,6
2025-06-01 22:00:00,154.87608125306764,6
2025-06-01 23:00:00,139.92483157349963,6
2025-06-02 00:00:00,182.0878746003702,0
2025-06-02 01:00:00,173.98813792097872,0
2025-06-02 02:00:00,189.21423672517835,0
2025-06-02 03:00:00,202.7919654333332,0
2025-06-02 04:00:00,231.114610440912,0
2025-06-02 05:00:00,259.8065336148193,0
2025-06-02 06:00:00,276.472302125093,0
2025-06-02 07:00:00,293.72027797806766,0
2025-06-02 08:00:00,292.92613192116164,0
2025-06-02 09:00:00,281.8096275578072,0
2025-06-02 10:00:00,281.1602182802028,0
2025-06-02 11:00:00,262.7820159732169,0
2025-06-02 12:00:00,267.91157039061994,0
2025-06-02 13:00:00,259.0973451683597,0
2025-06-02 14:00:00,295.0482606544239,0
2025-06-02 15:00:00,287.28734602205583,0
2025-06-02 16:00:00,288.9897887311929,0
2025-06-02 17:00:00,293.18635936347476,0
2025-06-02 18:00:00,252.48161652211198,0
2025-06-02 19:00:00,279.3971232993641,0
2025-06-02 20:00:00,223.9356933637163,0
2025-06-02 21:00:00,229.15468233486234,0
2025-06-02 22:00:00,199.88132780598048,0
2025-06-02 23:00:00,164.41825130847624,0
2025-06-03 00:00:00,186.82455536959492,1
2025-06-03 01:00:00,179.7975480086599,1
2025-06-03 02:00:00,185.3232134921212,1
2025-06-03 03:00:00,217.94547132908252,1
2025-06-03 04:00:00,231.60052755547727,1
2025-06-03 05:00:00,262.37816530893207,1
2025-06-03 06:00:00,283.5603026840858,1
2025-06-03 07:00:00,271.1051561717733,1
2025-06-03 08:00:00,292.92255725845774,1
2025-06-03 09:00:00,288.7075710424027,1
2025-06-03 10:00:00,289.8366550545658,1
2025-06-03 11:00:00,280.86976556190666,1
2025-06-03 12:00:00,278.8254065434432,1
2025-06-03 13:00:00,293.9419592202894,1
2025-06-03 14:00:00,285.9473146670882,1
2025-06-03 15:00:00,277.2450196931079,1
2025-06-03 16:00:00,289.5085024914262,1
2025-06-03 17:00:00,282.05282730069985,1
2025-06-03 18:00:00,268.0556400497528,1
2025-06-03 19:00:00,251.85844790674273,1
2025-06-03 20:00:00,234.41978961818202,1
2025-06-03 21:00:00,212.4545594713144,1
2025-06-03 22:00:00,190.93895641326634,1
2025-06-03 23:00:00,173.4340135364174,1
2025-06-04 00:00:00,184.33786787384162,2
2025-06-04 01:00:00,190.74684770203953,2
2025-06-04 02:00:00,193.6194307002449,2
2025-06-04 03:00:00,214.67064463301338,2
2025-06-04 04:00:00,242.8351122070581,2
2025-06-04 05:00:00,250.68706846538322,2
2025-06-04 06:00:00,291.8425531052683,2
2025-06-04 07:00:00,263.1656143319831,2
2025-06-04 08:00:00,293.9756721148704,2
2025-06-04 09:00:00,285.9536378390771,2
2025-06-04 10:00:00,274.97908498754964,2
2025-06-04 11:00:00,276.2166861482389,2
2025-06-04 12:00:00,266.5450859918344,2
2025-06-04 13:00:00,272.31365020464847,2
2025-06-04 14:00:00,278.49499087475954,2
2025-06-04 15:00:00,284.22979386508405,2
2025-06-04 16:00:00,287.83971970064823,2
2025-06-04 17:00:00,295.3974435333266,2
2025-06-04 18:00:00,260.67348110429026,2
2025-06-04 19:00:00,264.8599871659719,2
2025-06-04 20:00:00,247.07290111826694,2
2025-06-04 21:00:00,217.51018237651317,2
2025-06-04 22:00:00,184.25476729877553,2
2025-06-04 23:00:00,179.93582618731318,2
2025-06-05 00:00:00,168.82898058922365,3
2025-06-05 01:00:00,185.96083912657963,3
2025-06-05 02:00:00,192.7933942886226,3
2025-06-05 03:00:00,220.79330141399262,3
2025-06-05 04:00:00,232.32615002426326,3
2025-06-05 05:00:00,268.6710429147363,3
2025-06-05 06:00:00,268.4573596560303,3
2025-06-05 07:00:00,276.5412730642932,3
2025-06-05 08:00:00,292.26181416594017,3
2025-06-05 09:00:00,294.51532054300844,3
2025-06-05 10:00:00,277.14560758597,3
2025-06-05 11:00:00,265.6258719294646,3
2025-06-05 12:00:00,250.69752623326536,3
2025-06-05 13:00:00,270.10772756951695,3
2025-06-05 14:00:00,274.6934206200707,3
2025-06-05 15:00:00,286.89855153935684,3
2025-06-05 16:00:00,277.8866686880248,3
2025-06-05 17:00:00,283.4881648296291,3
2025-06-05 18:00:00,270.8332712803185,3
2025-06-05 19:00:00,248.5667751842937,3
2025-06-05 20:00:00,236.90494542377309,3
2025-06-05 21:00:00,219.89260947173034,3
2025-06-05 22:00:00,184.38667332747,3
2025-06-05 23:00:00,187.91621723947804,3
2025-06-06 00:00:00,176.19301316458123,4
2025-06-06 01:00:00,178.37758383761087,4
2025-06-06 02:00:00,216.61936837444753,4
2025-06-06 03:00:00,224.1228083707167,4
2025-06-06 04:00:00,242.42784408720237,4
2025-06-06 05:00:00,265.08018023414553,4
2025-06-06 06:00:00,289.0930589103581,4
2025-06-06 07:00:00,291.1086584691474,4
2025-06-06 08:00:00,282.3315794394713,4
2025-06-06 09:00:00,276.08708760997956,4
2025-06-06 10:00:00,279.00308253034524,4
2025-06-06 11:00:00,279.19534638272876,4
2025-06-06 12:00:00,283.3292317175504,4
2025-06-06 13:00:00,269.74215267432663,4
2025-06-06 14:00:00,289.38694441201125,4
2025-06-06 15:00:00,294.6281311224511,4
2025-06-06 16:00:00,283.59062683981,4
2025-06-06 17:00:00,286.530516866264,4
2025-06-06 18:00:00,263.60517230977837,4
2025-06-06 19:00:00,269.1030830399752,4
2025-06-06 20:00:00,241.40074929074987,4
2025-06-06 21:00:00,208.30221569259987,4
2025-06-06 22:00:00,178.3071825698686,4
2025-06-06 23:00:00,182.5976664301768,4
2025-06-07 00:00:00,129.66438072555928,5
2025-06-07 01:00:00,137.29692936584803,5
2025-06-07 02:00:00,164.56054224101047,5
2025-06-07 03:00:00,173.59768104095508,5
2025-06-07 04:00:00,173.09735100519316,5
2025-06-07 05:00:00,207.5275654174247,5
2025-06-07 06:00:00,210.68747093074964,5
2025-06-07 07:00:00,232.7606906191083,5
2025-06-07 08:00:00,236.91772328769682,5
2025-06-07 09:00:00,212.95514991151975,5
2025-06-07 10:00:00,210.83097180143096,5
2025-06-07 11:00:00,216.62281221002328,5
2025-06-07 12:00:00,221.00252167202626,5
2025-06-07 13:00:00,211.61107273544692,5
2025-06-07 14:00:00,211.44772579234538,5
2025-06-07 15:00:00,229.9487547462375,5
2025-06-07 16:00:00,231.23797786789623,5
2025-06-07 17:00:00,218.26836825569575,5
2025-06-07 18:00:00,211.9772253026145,5
2025-06-07 19:00:00,198.05805720321186,5
2025-06-07 20:00:00,183.0278311779699,5
2025-06-07 21:00:00,162.65582864001414,5
2025-06-07 22:00:00,127.30380736600934,5
2025-06-07 23:00:00,144.48427036006592,5
2025-06-08 00:00:00,123.62237858782093,6
2025-06-08 01:00:00,141.39200134255069,6
2025-06-08 02:00:00,139.39277415695676,6
2025-06-08 03:00:00,173.48390737824653,6
2025-06-08 04:00:00,186.1872952413362,6
2025-06-08 05:00:00,197.10688805478173,6
2025-06-08 06:00:00,206.4077181043455,6
2025-06-08 07:00:00,221.27146764727286,6
2025-06-08 08:00:00,231.61404508416464,6
2025-06-08 09:00:00,204.72186680925282,6
2025-06-08 10:00:00,199.77182027888483,6
2025-06-08 11:00:00,209.44538781605368,6
2025-06-08 12:00:00,209.08708405943517,6
2025-06-08 13:00:00,221.81022839404326,6
2025-06-08 14:00:00,228.85801115095154,6
2025-06-08 15:00:00,209.26403208049317,6
2025-06-08 16:00:00,224.9094032551137,6
2025-06-08 17:00:00,212.4002565146452,6
2025-06-08 18:00:00,217.86936163403698,6
2025-06-08 19:00:00,201.7181190556516,6
2025-06-08 20:00:00,187.31308205217144,6
2025-06-08 21:00:00,166.35455295589395,6
2025-06-08 22:00:00,146.93575389461677,6
2025-06-08 23:00:00,141.97861199927493,6
2025-06-09 00:00:00,194.44273353477075,0
2025-06-09 01:00:00,188.54680920069518,0
2025-06-09 02:00:00,197.31023736494913,0
2025-06-09 03:00:00,215.06708620101992,0
2025-06-09 04:00:00,234.86142892888964,0
2025-06-09 05:00:00,254.62726008929437,0
2025-06-09 06:00:00,281.2634773236387,0
2025-06-09 07:00:00,283.7746869183785,0
2025-06-09 08:00:00,298.0859329697273,0
2025-06-09 09:00:00,283.6970973925878,0
2025-06-09 10:00:00,269.74567188352523,0
2025-06-09 11:00:00,278.2982008177307,0
2025-06-09 12:00:00,279.8157910746532,0
2025-06-09 13:00:00,272.4653418032502,0
2025-06-09 14:00:00,295.95108374650766,0
2025-06-09 15:00:00,279.3101998291285,0
2025-06-09 16:00:00,281.9168335700385,0
2025-06-09 17:00:00,281.7245862465511,0
2025-06-09 18:00:00,271.7164232533867,0
2025-06-09 19:00:00,263.14764313143473,0
2025-06-09 20:00:00,224.43108313115562,0
2025-06-09 21:00:00,221.7828654340382,0
2025-06-09 22:00:00,208.181276492427,0
2025-06-09 23:00:00,178.40880668933607,0
2025-06-10 00:00:00,190.56605363418976,1
2025-06-10 01:00:00,169.7858195998022,1
2025-06-10 02:00:00,206.70692714746502,1
2025-06-10 03:00:00,217.61958724058658,1
2025-06-10 04:00:00,233.8584156190696,1
2025-06-10 05:00:00,256.96035677584433,1
2025-06-10 06:00:00,286.7697989722722,1
2025-06-10 07:00:00,304.4865504274239,1
2025-06-10 08:00:00,281.9169310890518,1
2025-06-10 09:00:00,276.626987286749,1
2025-06-10 10:00:00,284.4587244314674,1
2025-06-10 11:00:00,265.5098415285565,1
2025-06-10 12:00:00,280.7344365732302,1
2025-06-10 13:00:00,266.1804567007527,1
2025-06-10 14:00:00,289.4405033006849,1
2025-06-10 15:00:00,288.22228028431385,1
2025-06-10 16:00:00,281.90306892725494,1
2025-06-10 17:00:00,283.90135294188656,1
2025-06-10 18:00:00,269.47234218018684,1
2025-06-10 19:00:00,259.0740550562398,1
2025-06-10 20:00:00,224.98419814551252,1
2025-06-10 21:00:00,224.2231723108634,1
2025-06-10 22:00:00,190.25859766479365,1
2025-06-10 23:00:00,175.39519530767262,1
2025-06-11 00:00:00,178.2857861584259,2
2025-06-11 01:00:00,178.9562271661394,2
2025-06-11 02:00:00,198.48951836531188,2
2025-06-11 03:00:00,221.0503651389902,2
2025-06-11 04:00:00,236.06326750557704,2
2025-06-11 05:00:00,249.27580949052356,2
2025-06-11 06:00:00,265.5880850926949,2
2025-06-11 07:00:00,277.4912839528323,2
2025-06-11 08:00:00,287.24682254146256,2
2025-06-11 09:00:00,289.9182993950758,2
2025-06-11 10:00:00,289.54576254608384,2
2025-06-11 11:00:00,280.9274409393154,2
2025-06-11 12:00:00,288.38491886873413,2
2025-06-11 13:00:00,280.12223188214836,2
2025-06-11 14:00:00,284.8183988204852,2
2025-06-11 15:00:00,290.91312516539153,2
2025-06-11 16:00:00,290.087817575247,2
2025-06-11 17:00:00,278.72804466301386,2
2025-06-11 18:00:00,286.5566648173081,2
2025-06-11 19:00:00,268.09961856943295,2
2025-06-11 20:00:00,228.1863287467575,2
2025-06-11 21:00:00,202.01222270509234,2
2025-06-11 22:00:00,202.40051673182487,2
2025-06-11 23:00:00,164.04417924080536,2
2025-06-12 00:00:00,177.4226271730701,3
2025-06-12 01:00:00,180.53851995185235,3
2025-06-12 02:00:00,178.22419542750504,3
2025-06-12 03:00:00,205.94101219624164,3
2025-06-12 04:00:00,249.98531359373723,3
2025-06-12 05:00:00,253.35762001789325,3
2025-06-12 06:00:00,285.4869522371238,3
2025-06-12 07:00:00,285.73705054658274,3
2025-06-12 08:00:00,290.84333847587834,3
2025-06-12 09:00:00,293.13947505488807,3
2025-06-12 10:00:00,281.2609143124084,3
2025-06-12 11:00:00,275.5668119357992,3
2025-06-12 12:00:00,273.9675660281281,3
2025-06-12 13:00:00,276.96058494982316,3
2025-06-12 14:00:00,272.8913674686804,3
2025-06-12 15:00:00,281.6742426400891,3
2025-06-12 16:00:00,292.172578760582,3
2025-06-12 17:00:00,287.7964010093757,3
2025-06-12 18:00:00,260.6966267706593,3
2025-06-12 19:00:00,242.74310944078616,3
2025-06-12 20:00:00,234.1905216528953,3
2025-06-12 21:00:00,216.55871827793518,3
2025-06-12 22:00:00,209.9043639522343,3
2025-06-12 23:00:00,160.9452431919017,3
2025-06-13 00:00:00,167.57413986267912,4
2025-06-13 01:00:00,167.2946428441454,4
2025-06-13 02:00:00,197.78833339484925,4
2025-06-13 03:00:00,220.68057171020035,4
2025-06-13 04:00:00,233.14449438139889,4
2025-06-13 05:00:00,257.99665978819195,4
2025-06-13 06:00:00,272.2950074565329,4
2025-06-13 07:00:00,291.36976993838965,4
2025-06-13 08:00:00,294.3371963935599,4
2025-06-13 09:00:00,276.0727772393923,4
2025-06-13 10:00:00,284.02185011514905,4
2025-06-13 11:00:00,276.62290597010286,4
2025-06-13 12:00:00,277.39015299997783,4
2025-06-13 13:00:00,261.61225970518655,4
2025-06-13 14:00:00,284.39380676405904,4
2025-06-13 15:00:00,281.2909553076136,4
2025-06-13 16:00:00,294.43868556875225,4
2025-06-13 17:00:00,283.9997983420859,4
2025-06-13 18:00:00,270.43140964962816,4
2025-06-13 19:00:00,261.2054403775734,4
2025-06-13 20:00:00,239.84191983776142,4
2025-06-13 21:00:00,219.19658945491662,4
2025-06-13 22:00:00,190.3155995652134,4
2025-06-13 23:00:00,181.95215868558992,4
2025-06-14 00:00:00,129.84118036272153,5
2025-06-14 01:00:00,135.45833975941176,5
2025-06-14 02:00:00,150.16236583242124,5
2025-06-14 03:00:00,162.68630955577433,5
2025-06-14 04:00:00,184.9743491729406,5
2025-06-14 05:00:00,193.893057496233,5
2025-06-14 06:00:00,223.97716587352883,5
2025-06-14 07:00:00,225.60023720939716,5
2025-06-14 08:00:00,226.28921811607037,5
2025-06-14 09:00:00,223.29219852507677,5
2025-06-14 10:00:00,227.81948240807654,5
2025-06-14 11:00:00,199.35493357564815,5
2025-06-14 12:00:00,210.29804375671532,5
2025-06-14 13:00:00,212.64106662650198,5
2025-06-14 14:00:00,216.34796399652956,5
2025-06-14 15:00:00,219.23880378128905,5
2025-06-14 16:00:00,211.63740161833493,5
2025-06-14 17:00:00,226.90163465666515,5
2025-06-14 18:00:00,220.43475634260372,5
2025-06-14 19:00:00,202.16431713070736,5
2025-06-14 20:00:00,173.27370118779058,5
2025-06-14 21:00:00,161.278044292477,5
2025-06-14 22:00:00,152.2407157384937,5
2025-06-14 23:00:00,131.58068488414804,5
2025-06-15 00:00:00,127.23127002344464,6
2025-06-15 01:00:00,140.3926691832332,6
2025-06-15 02:00:00,150.2912402175765,6
2025-06-15 03:00:00,176.4638047240141,6
2025-06-15 04:00:00,189.74596116934853,6
2025-06-15 05:00:00,211.80236191626477,6
2025-06-15 06:00:00,219.44785251088936,6
2025-06-15 07:00:00,223.6052955288068,6
2025-06-15 08:00:00,223.39136230500972,6
2025-06-15 09:00:00,218.38054490976342,6
2025-06-15 10:00:00,227.42226104423014,6
2025-06-15 11:00:00,203.7017892674755,6
2025-06-15 12:00:00,216.44925607469446,6
2025-06-15 13:00:00,216.6630042538772,6
2025-06-15 14:00:00,226.3607389904749,6
2025-06-15 15:00:00,227.5691106606414,6
2025-06-15 16:00:00,218.26470523327967,6
2025-06-15 17:00:00,237.21510038639047,6
2025-06-15 18:00:00,223.8817199568219,6
2025-06-15 19:00:00,200.39342927952097,6
2025-06-15 20:00:00,195.61825056017358,6
2025-06-15 21:00:00,159.90478211477986,6
2025-06-15 22:00:00,150.2584608088274,6
2025-06-15 23:00:00,131.9155032391636,6
2025-06-16 00:00:00,186.31504695669574,0
2025-06-16 01:00:00,190.83451382896843,0
2025-06-16 02:00:00,193.57397320193598,0
2025-06-16 03:00:00,220.84103387832425,0
2025-06-16 04:00:00,232.97368924675914,0
2025-06-16 05:00:00,269.8544771610519,0
2025-06-16 06:00:00,270.6300333014299,0
2025-06-16 07:00:00,290.18721458498953,0
2025-06-16 08:00:00,288.7195610941842,0
2025-06-16 09:00:00,276.7230154667309,0
2025-06-16 10:00:00,285.5216096140551,0
2025-06-16 11:00:00,274.3919405909646,0
2025-06-16 12:00:00,271.6035973766186,0
2025-06-16 13:00:00,259.49455405095813,0
2025-06-16 14:00:00,275.78850932172344,0
2025-06-16 15:00:00,280.5131643846485,0
2025-06-16 16:00:00,282.4979439003781,0
2025-06-16 17:00:00,307.6400122808957,0
2025-06-16 18:00:00,280.86796805554036,0
2025-06-16 19:00:00,239.11162382357972,0
2025-06-16 20:00:00,231.22947270740855,0
2025-06-16 21:00:00,209.0700141768589,0
2025-06-16 22:00:00,198.75034997922677,0
2025-06-16 23:00:00,188.48635661048124,0
2025-06-17 00:00:00,187.0215886774288,1
2025-06-17 01:00:00,180.06346221054926,1
2025-06-17 02:00:00,198.991480269086,1
2025-06-17 03:00:00,225.47433255577695,1
2025-06-17 04:00:00,235.11388354217533,1
2025-06-17 05:00:00,247.0851327232416,1
2025-06-17 06:00:00,278.36083834800763,1
2025-06-17 07:00:00,273.5080610852571,1
2025-06-17 08:00:00,280.4307161903998,1
2025-06-17 09:00:00,286.4402098981236,1
2025-06-17 10:00:00,283.6049993706029,1
2025-06-17 11:00:00,277.47722058116483,1
2025-06-17 12:00:00,271.4279258915793,1
2025-06-17 13:00:00,269.12897290231626,1
2025-06-17 14:00:00,272.87100277696686,1
2025-06-17 15:00:00,290.6901125261754,1
2025-06-17 16:00:00,291.03811957502666,1
2025-06-17 17:00:00,270.90686158048965,1
2025-06-17 18:00:00,285.93364122228405,1
2025-06-17 19:00:00,264.96649901241005,1
2025-06-17 20:00:00,230.67660375616802,1
2025-06-17 21:00:00,218.31762297395164,1
2025-06-17 22:00:00,202.65028443809683,1
2025-06-17 23:00:00,189.21741449843694,1
2025-06-18 00:00:00,181.25953776928907,2
2025-06-18 01:00:00,189.825120555553,2
2025-06-18 02:00:00,199.08593229417545,2
2025-06-18 03:00:00,204.60166284350913,2
2025-06-18 04:00:00,253.96127408645322,2
2025-06-18 05:00:00,267.76477619186886,2
2025-06-18 06:00:00,287.32727331632884,2
2025-06-18 07:00:00,266.91754069357245,2
2025-06-18 08:00:00,278.3461321703548,2
2025-06-18 09:00:00,288.67581062359676,2
2025-06-18 10:00:00,266.1396256298567,2
2025-06-18 11:00:00,275.6297743852687,2
2025-06-18 12:00:00,272.83426592718166,2
2025-06-18 13:00:00,277.7546163949873,2
2025-06-18 14:00:00,289.1276318649422,2
2025-06-18 15:00:00,290.0454611180954,2
2025-06-18 16:00:00,284.93212436721416,2
2025-06-18 17:00:00,297.7204465518785,2
2025-06-18 18:00:00,286.24235156650997,2
2025-06-18 19:00:00,259.17736750502087,2
2025-06-18 20:00:00,230.63805430056053,2
2025-06-18 21:00:00,218.67228303365218,2
2025-06-18 22:00:00,192.52095827111881,2
2025-06-18 23:00:00,190.49210036203766,2
2025-06-19 00:00:00,174.73084274875703,3
2025-06-19 01:00:00,182.15813378904426,3
2025-06-19 02:00:00,194.5153769077498,3
2025-06-19 03:00:00,223.3339286423548,3
2025-06-19 04:00:00,235.37850205615456,3
2025-06-19 05:00:00,258.68599813821777,3
2025-06-19 06:00:00,286.03707235673215,3
2025-06-19 07:00:00,278.38558246247806,3
2025-06-19 08:00:00,300.7206267309811,3
2025-06-19 09:00:00,298.38712132546107,3
2025-06-19 10:00:00,275.6994201622785,3
2025-06-19 11:00:00,273.82525747380595,3
2025-06-19 12:00:00,284.66997418236457,3
2025-06-19 13:00:00,277.37360786952786,3
2025-06-19 14:00:00,279.53628022543325,3
2025-06-19 15:00:00,282.97611732292,3
2025-06-19 16:00:00,294.18874974303645,3
2025-06-19 17:00:00,282.7237180208947,3
2025-06-19 18:00:00,284.7499380447645,3
2025-06-19 19:00:00,248.65759044098365,3
2025-06-19 20:00:00,231.7147594236878,3
2025-06-19 21:00:00,221.86848176112457,3
2025-06-19 22:00:00,200.1104095651173,3
2025-06-19 23:00:00,174.7474818924411,3
2025-06-20 00:00:00,161.88930074843995,4
2025-06-20 01:00:00,171.95700793305707,4
2025-06-20 02:00:00,200.19384978476506,4
2025-06-20 03:00:00,221.30618002040188,4
2025-06-20 04:00:00,237.75045032578637,4
2025-06-20 05:00:00,264.21563477997273,4
2025-06-20 06:00:00,278.8743573896436,4
2025-06-20 07:00:00,281.11346824039794,4
2025-06-20 08:00:00,287.3460284973017,4
2025-06-20 09:00:00,286.476108871209,4
2025-06-20 10:00:00,274.8836718509313,4
2025-06-20 11:00:00,277.806734711528,4
2025-06-20 12:00:00,266.1468277265277,4
2025-06-20 13:00:00,268.6247179639283,4
2025-06-20 14:00:00,283.79896587224175,4
2025-06-20 15:00:00,287.6688752808098,4
2025-06-20 16:00:00,290.00663669940843,4
2025-06-20 17:00:00,287.2143206120188,4
2025-06-20 18:00:00,271.1910181052578,4
2025-06-20 19:00:00,266.14344593593034,4
2025-06-20 20:00:00,227.06348839277962,4
2025-06-20 21:00:00,212.3386331080541,4
2025-06-20 22:00:00,200.3361024217526,4
2025-06-20 23:00:00,181.89348919900496,4
2025-06-21 00:00:00,150.53045872655846,5
2025-06-21 01:00:00,156.9065855979286,5
2025-06-21 02:00:00,148.51400718140772,5
2025-06-21 03:00:00,172.3699628684814,5
2025-06-21 04:00:00,184.6052190096144,5
2025-06-21 05:00:00,197.13389085775867,5
2025-06-21 06:00:00,216.66248461593258,5
2025-06-21 07:00:00,227.500018071606,5
2025-06-21 08:00:00,222.66236211621649,5
2025-06-21 09:00:00,211.08498350650277,5
2025-06-21 10:00:00,217.5634491964402,5
2025-06-21 11:00:00,202.6791593901249,5
2025-06-21 12:00:00,211.629484945164,5
2025-06-21 13:00:00,210.62158270307737,5
2025-06-21 14:00:00,207.860983788086,5
2025-06-21 15:00:00,222.95588325822496,5
2025-06-21 16:00:00,231.30158205437914,5
2025-06-21 17:00:00,231.06489625946182,5
2025-06-21 18:00:00,220.45835817033188,5
2025-06-21 19:00:00,202.13239824824328,5
2025-06-21 20:00:00,180.4245254496809,5
2025-06-21 21:00:00,170.71089374361023,5
2025-06-21 22:00:00,154.94023111021988,5
2025-06-21 23:00:00,141.9991096229467,5
2025-06-22 00:00:00,141.10740620885784,6
2025-06-22 01:00:00,144.78890479476163,6
2025-06-22 02:00:00,167.93926158097366,6
2025-06-22 03:00:00,176.0204110541826,6
2025-06-22 04:00:00,210.7120075781641,6
2025-06-22 05:00:00,198.48162373652212,6
2025-06-22 06:00:00,206.76304481845395,6
2025-06-22 07:00:00,230.69368708460453,6
2025-06-22 08:00:00,224.09856667739723,6
2025-06-22 09:00:00,213.24532471440506,6
2025-06-22 10:00:00,233.49167886300575,6
2025-06-22 11:00:00,210.664765240195,6
2025-06-22 12:00:00,221.88439846859177,6
2025-06-22 13:00:00,201.8136388574715,6
2025-06-22 14:00:00,217.76832721054595,6
2025-06-22 15:00:00,238.9845301846384,6
2025-06-22 16:00:00,213.2729788742512,6
2025-06-22 17:00:00,220.4357292948582,6
2025-06-22 18:00:00,215.8313957314193,6
2025-06-22 19:00:00,197.89073907986406,6
2025-06-22 20:00:00,191.18719708583245,6
2025-06-22 21:00:00,164.58528928975502,6
2025-06-22 22:00:00,143.04634026240075,6
2025-06-22 23:00:00,150.88136287577098,6
2025-06-23 00:00:00,184.83702069334026,0
2025-06-23 01:00:00,169.4626123397983,0
2025-06-23 02:00:00,197.44645730756972,0
2025-06-23 03:00:00,214.5551376116656,0
2025-06-23 04:00:00,238.94294892742255,0
2025-06-23 05:00:00,257.76774781118047,0
2025-06-23 06:00:00,272.6700384412229,0
2025-06-23 07:00:00,290.6434579955901,0
2025-06-23 08:00:00,274.6850598679472,0
2025-06-23 09:00:00,293.92633673436006,0
2025-06-23 10:00:00,282.7501610987701,0
2025-06-23 11:00:00,281.9286092891389,0
2025-06-23 12:00:00,276.1849837213486,0
2025-06-23 13:00:00,291.7948899604741,0
2025-06-23 14:00:00,281.2146703016345,0
2025-06-23 15:00:00,284.60540678207633,0
2025-06-23 16:00:00,295.4760758220378,0
2025-06-23 17:00:00,281.9839624205451,0
2025-06-23 18:00:00,279.471516963294,0
2025-06-23 19:00:00,257.97672395661857,0
2025-06-23 20:00:00,230.0164432452573,0
2025-06-23 21:00:00,228.8536973369512,0
2025-06-23 22:00:00,194.04045213599284,0
2025-06-23 23:00:00,174.20096165805228,0
2025-06-24 00:00:00,187.51526558390688,1
2025-06-24 01:00:00,191.89790168170018,1
2025-06-24 02:00:00,194.35516372752372,1
2025-06-24 03:00:00,207.2245995210425,1
2025-06-24 04:00:00,243.1003944638551,1
2025-06-24 05:00:00,260.2505006389752,1
2025-06-24 06:00:00,258.8258655220839,1
2025-06-24 07:00:00,285.08415023698643,1
2025-06-24 08:00:00,293.1165244102866,1
2025-06-24 09:00:00,287.4424240380697,1
2025-06-24 10:00:00,295.2615902375778,1
2025-06-24 11:00:00,268.82603402422734,1
2025-06-24 12:00:00,265.354749635375,1
2025-06-24 13:00:00,285.09763471096994,1
2025-06-24 14:00:00,258.25734704808207,1
2025-06-24 15:00:00,283.32508482681396,1
2025-06-24 16:00:00,295.4232460398199,1
2025-06-24 17:00:00,296.3502057674398,1
2025-06-24 18:00:00,290.4076441119482,1
2025-06-24 19:00:00,268.44365583581134,1
2025-06-24 20:00:00,236.0882929884027,1
2025-06-24 21:00:00,212.6732026106484,1
2025-06-24 22:00:00,195.5367374230794,1
2025-06-24 23:00:00,177.16172484372444,1
2025-06-25 00:00:00,173.06497264256922,2
2025-06-25 01:00:00,170.5540397126453,2
2025-06-25 02:00:00,193.50600449541534,2
2025-06-25 03:00:00,226.6036491343189,2
2025-06-25 04:00:00,229.98190529632654,2
2025-06-25 05:00:00,267.2886875687034,2
2025-06-25 06:00:00,265.16127971440494,2
2025-06-25 07:00:00,281.90458916559993,2
2025-06-25 08:00:00,279.78670016262504,2
2025-06-25 09:00:00,289.97874242658975,2
2025-06-25 10:00:00,280.0260738388089,2
2025-06-25 11:00:00,285.04837564388157,2
2025-06-25 12:00:00,270.18016518521495,2
2025-06-25 13:00:00,282.7095692338946,2
2025-06-25 14:00:00,268.56014849085267,2
2025-06-25 15:00:00,286.5274885675008,2
2025-06-25 16:00:00,285.30774236111165,2
2025-06-25 17:00:00,275.83181072084693,2
2025-06-25 18:00:00,288.73929871408944,2
2025-06-25 19:00:00,251.72501137525555,2
2025-06-25 20:00:00,238.48466610830158,2
2025-06-25 21:00:00,220.11877083540543,2
2025-06-25 22:00:00,191.70980374803003,2
2025-06-25 23:00:00,173.2808280167256,2
2025-06-26 00:00:00,160.05332349787565,3
2025-06-26 01:00:00,168.41610361347068,3
2025-06-26 02:00:00,203.90332525426567,3
2025-06-26 03:00:00,227.51072277625835,3
2025-06-26 04:00:00,234.9445432910196,3
2025-06-26 05:00:00,270.44769686877476,3
2025-06-26 06:00:00,280.08627094771487,3
2025-06-26 07:00:00,277.3983787358384,3
2025-06-26 08:00:00,278.25268490921695,3
2025-06-26 09:00:00,286.5005173543644,3
2025-06-26 10:00:00,268.91002088472885,3
2025-06-26 11:00:00,280.3597266103849,3
2025-06-26 12:00:00,280.3671687038622,3
2025-06-26 13:00:00,274.514511140404,3
2025-06-26 14:00:00,277.81339364958404,3
2025-06-26 15:00:00,287.15979813154826,3
2025-06-26 16:00:00,292.7925217940694,3
2025-06-26 17:00:00,290.1349594145514,3
2025-06-26 18:00:00,277.95783184998214,3
2025-06-26 19:00:00,243.5306274006818,3
2025-06-26 20:00:00,229.61105005862157,3
2025-06-26 21:00:00,213.41731829009797,3
2025-06-26 22:00:00,190.0122335730517,3
2025-06-26 23:00:00,186.9858495604622,3
2025-06-27 00:00:00,174.4237274739756,4
2025-06-27 01:00:00,183.0833693927588,4
2025-06-27 02:00:00,184.6065318249472,4
2025-06-27 03:00:00,220.65756044592365,4
2025-06-27 04:00:00,238.5383994577464,4
2025-06-27 05:00:00,268.9152387569236,4
2025-06-27 06:00:00,272.3360676224086,4
2025-06-27 07:00:00,281.77496699514694,4
2025-06-27 08:00:00,296.93699524323,4
2025-06-27 09:00:00,291.8937306900456,4
2025-06-27 10:00:00,274.4335315196683,4
2025-06-27 11:00:00,262.2262590220192,4
2025-06-27 12:00:00,276.47559171745314,4
2025-06-27 13:00:00,280.49594597691305,4
2025-06-27 14:00:00,277.8386791137849,4
2025-06-27 15:00:00,296.8620167483633,4
2025-06-27 16:00:00,283.7088059380018,4
2025-06-27 17:00:00,284.20546389725706,4
2025-06-27 18:00:00,284.28864344455116,4
2025-06-27 19:00:00,255.02631516027725,4
2025-06-27 20:00:00,231.56924799769106,4
2025-06-27 21:00:00,212.15277006162196,4
2025-06-27 22:00:00,188.76551948108767,4
2025-06-27 23:00:00,177.5516258508611,4
2025-06-28 00:00:00,129.54648109847787,5
2025-06-28 01:00:00,148.6344431935896,5
2025-06-28 02:00:00,153.00183203626906,5
2025-06-28 03:00:00,168.88173252688463,5
2025-06-28 04:00:00,181.85807123103518,5
2025-06-28 05:00:00,198.25812967142244,5
2025-06-28 06:00:00,212.07145076990554,5
2025-06-28 07:00:00,225.670586556732,5
2025-06-28 08:00:00,216.697881157285,5
2025-06-28 09:00:00,227.39665542235227,5
2025-06-28 10:00:00,211.00965895834523,5
2025-06-28 11:00:00,222.13125051988857,5
2025-06-28 12:00:00,202.32847077180972,5
2025-06-28 13:00:00,205.46586043023726,5
2025-06-28 14:00:00,222.91498780088693,5
2025-06-28 15:00:00,206.6847761916421,5
2025-06-28 16:00:00,223.61168047427896,5
2025-06-28 17:00:00,220.59748384825073,5
2025-06-28 18:00:00,224.53500946998,5
2025-06-28 19:00:00,197.98521273233783,5
2025-06-28 20:00:00,194.29378328263468,5
2025-06-28 21:00:00,172.531099681853,5
2025-06-28 22:00:00,159.8890824640386,5
2025-06-28 23:00:00,134.23720916621946,5
2025-06-29 00:00:00,135.31405978904024,6
2025-06-29 01:00:00,138.08482138280576,6
2025-06-29 02:00:00,147.2595577975101,6
2025-06-29 03:00:00,151.29434966054333,6
2025-06-29 04:00:00,172.90265102062926,6
2025-06-29 05:00:00,214.0254329920404,6
2025-06-29 06:00:00,214.29711552956692,6
2025-06-29 07:00:00,233.1827007923408,6
2025-06-29 08:00:00,215.04824789834865,6
2025-06-29 09:00:00,216.96773939340432,6
2025-06-29 10:00:00,219.3309482903819,6
2025-06-29 11:00:00,208.51889867010314,6
2025-06-29 12:00:00,233.0032564259973,6
2025-06-29 13:00:00,217.26454486158278,6
2025-06-29 14:00:00,221.09027259387662,6
2025-06-29 15:00:00,223.86360729848835,6
2025-06-29 16:00:00,222.58765204756563,6
2025-06-29 17:00:00,225.86749771636374,6
2025-06-29 18:00:00,210.78488002096273,6
2025-06-29 19:00:00,197.7181262450242,6
2025-06-29 20:00:00,192.00048207328393,6
2025-06-29 21:00:00,163.07858195151135,6
2025-06-29 22:00:00,141.07560345307616,6
2025-06-29 23:00:00,138.5404234452587,6
2025-06-30 00:00:00,164.75631101032096,0
2025-06-30 01:00:00,190.23739722834623,0
2025-06-30 02:00:00,197.79350062990167,0
2025-06-30 03:00:00,218.21463722071672,0
2025-06-30 04:00:00,238.67032557932012,0
2025-06-30 05:00:00,270.5125012671288,0
2025-06-30 06:00:00,278.71012084045844,0
2025-06-30 07:00:00,297.0565600633613,0
2025-06-30 08:00:00,274.6989300527501,0
2025-06-30 09:00:00,276.71162076208816,0
2025-06-30 10:00:00,281.678081296245,0
2025-06-30 11:00:00,281.71106317410715,0
2025-06-30 12:00:00,271.91580900264086,0
2025-06-30 13:00:00,260.49526359138736,0
2025-06-30 14:00:00,273.6142980287113,0
2025-06-30 15:00:00,288.45177635592484,0
2025-06-30 16:00:00,296.81706675677555,0
2025-06-30 17:00:00,279.08374578148886,0
2025-06-30 18:00:00,282.81275141707454,0
2025-06-30 19:00:00,252.55690764852622,0
2025-06-30 20:00:00,249.37334551169596,0
2025-06-30 21:00:00,207.61495103408876,0
2025-06-30 22:00:00,192.4005365012429,0
2025-06-30 23:00:00,166.57343303510856,0
2025-07-01 00:00:00,186.0047905835372,1
2025-07-01 01:00:00,166.2911382436392,1
2025-07-01 02:00:00,195.44605569977028,1
2025-07-01 03:00:00,224.8503888628639,1
2025-07-01 04:00:00,230.25794012743353,1
2025-07-01 05:00:00,266.3630218534265,1
2025-07-01 06:00:00,264.1068835886051,1
2025-07-01 07:00:00,294.7882975986291,1
2025-07-01 08:00:00,283.50652556757336,1
2025-07-01 09:00:00,280.88697065987407,1
2025-07-01 10:00:00,278.75689413648263,1
2025-07-01 11:00:00,272.4300639081443,1
2025-07-01 12:00:00,268.61737982329856,1
2025-07-01 13:00:00,277.51783818569714,1
2025-07-01 14:00:00,276.7921856462473,1
2025-07-01 15:00:00,269.4889652688357,1
2025-07-01 16:00:00,275.475816853143,1
2025-07-01 17:00:00,296.75366290532565,1
2025-07-01 18:00:00,276.2651284467664,1
2025-07-01 19:00:00,253.1214074806149,1
2025-07-01 20:00:00,227.5813485087191,1
2025-07-01 21:00:00,222.0126121614571,1
2025-07-01 22:00:00,197.38115085516569,1
2025-07-01 23:00:00,181.17348055237213,1
2025-07-02 00:00:00,177.1411512174899,2
2025-07-02 01:00:00,178.46443689577208,2
2025-07-02 02:00:00,183.10963642348247,2
2025-07-02 03:00:00,205.65906766588512,2
2025-07-02 04:00:00,244.96543329170373,2
2025-07-02 05:00:00,251.85478407157098,2
2025-07-02 06:00:00,267.5396720906631,2
2025-07-02 07:00:00,294.20100770062777,2
2025-07-02 08:00:00,297.8588850682316,2
2025-07-02 09:00:00,284.11843601594893,2
2025-07-02 10:00:00,270.7004658988702,2
2025-07-02 11:00:00,256.396064025085,2
2025-07-02 12:00:00,272.8366529795519,2
2025-07-02 13:00:00,271.70451539153265,2
2025-07-02 14:00:00,293.5064674912684,2
2025-07-02 15:00:00,289.6274942456731,2
2025-07-02 16:00:00,287.804633229318,2
2025-07-02 17:00:00,294.59141015767585,2
2025-07-02 18:00:00,285.3752588292635,2
2025-07-02 19:00:00,269.95875415801333,2
2025-07-02 20:00:00,239.11191682812196,2
2025-07-02 21:00:00,213.49927741542163,2
2025-07-02 22:00:00,204.11114041580967,2
2025-07-02 23:00:00,174.75725019077038,2
2025-07-03 00:00:00,191.80383878720596,3
2025-07-03 01:00:00,178.57109241416097,3
2025-07-03 02:00:00,208.54983392695766,3
2025-07-03 03:00:00,218.0620365249296,3
2025-07-03 04:00:00,250.52026174787287,3
2025-07-03 05:00:00,246.6961510146844,3
2025-07-03 06:00:00,271.42780600968126,3
2025-07-03 07:00:00,280.3250224717115,3
2025-07-03 08:00:00,288.39963494852014,3
2025-07-03 09:00:00,288.36462476078503,3
2025-07-03 10:00:00,288.67007051558033,3
2025-07-03 11:00:00,274.64385699566253,3
2025-07-03 12:00:00,280.6252451004182,3
2025-07-03 13:00:00,264.72848662467237,3
2025-07-03 14:00:00,285.3988643903897,3
2025-07-03 15:00:00,275.0685705074448,3
2025-07-03 16:00:00,297.23602671251274,3
2025-07-03 17:00:00,277.3088173019276,3
2025-07-03 18:00:00,275.58014655170103,3
2025-07-03 19:00:00,264.159265441346,3
2025-07-03 20:00:00,243.6079132927834,3
2025-07-03 21:00:00,222.7868848630985,3
2025-07-03 22:00:00,192.29774347431925,3
2025-07-03 23:00:00,176.94820218358575,3
2025-07-04 00:00:00,176.5830335185892,4
2025-07-04 01:00:00,176.95278398754536,4
2025-07-04 02:00:00,173.42252859917227,4
2025-07-04 03:00:00,208.3425682205781,4
2025-07-04 04:00:00,235.04685770962448,4
2025-07-04 05:00:00,264.850390407354,4
2025-07-04 06:00:00,284.5583099249706,4
2025-07-04 07:00:00,288.447624015569,4
2025-07-04 08:00:00,281.19954810832223,4
2025-07-04 09:00:00,288.69570340546574,4
2025-07-04 10:00:00,295.27146063610843,4
2025-07-04 11:00:00,266.6756799528668,4
2025-07-04 12:00:00,270.6418678747886,4
2025-07-04 13:00:00,279.27031421061656,4
2025-07-04 14:00:00,276.1309211940219,4
2025-07-04 15:00:00,301.9585450402911,4
2025-07-04 16:00:00,289.6823230749003,4
2025-07-04 17:00:00,272.28647555381275,4
2025-07-04 18:00:00,273.8115180738217,4
2025-07-04 19:00:00,257.68840010835555,4
2025-07-04 20:00:00,221.3891697737587,4
2025-07-04 21:00:00,223.07898350994842,4
2025-07-04 22:00:00,189.75710719918743,4
2025-07-04 23:00:00,183.998790753541,4
2025-07-05 00:00:00,138.769304057874,5
2025-07-05 01:00:00,153.73868495264423,5
2025-07-05 02:00:00,155.57937597087022,5
2025-07-05 03:00:00,165.69833670615895,5
2025-07-05 04:00:00,181.36239700785595,5
2025-07-05 05:00:00,191.20461275672187,5
2025-07-05 06:00:00,201.87809010916956,5
2025-07-05 07:00:00,225.52568116912434,5
2025-07-05 08:00:00,224.39751062279097,5
2025-07-05 09:00:00,213.89207853596045,5
2025-07-05 10:00:00,218.9297006468572,5
2025-07-05 11:00:00,215.09511086928745,5
2025-07-05 12:00:00,201.23935024179266,5
2025-07-05 13:00:00,221.62233168283828,5
2025-07-05 14:00:00,215.89478468957424,5
2025-07-05 15:00:00,222.86917543020633,5
2025-07-05 16:00:00,226.41205885938473,5
2025-07-05 17:00:00,220.4974689719085,5
2025-07-05 18:00:00,212.5760286347207,5
2025-07-05 19:00:00,201.09922181037146,5
2025-07-05 20:00:00,178.98224474350604,5
2025-07-05 21:00:00,151.81238037144965,5
2025-07-05 22:00:00,155.697364963881,5
2025-07-05 23:00:00,142.61759934004345,5
2025-07-06 00:00:00,133.47953428307662,6
2025-07-06 01:00:00,141.96736662666936,6
2025-07-06 02:00:00,151.09963376924733,6
2025-07-06 03:00:00,171.36595963348918,6
2025-07-06 04:00:00,193.55191837325708,6
2025-07-06 05:00:00,199.2967714006624,6
2025-07-06 06:00:00,222.5387974507988,6
2025-07-06 07:00:00,206.8755401288267,6
2025-07-06 08:00:00,227.14475875078526,6
2025-07-06 09:00:00,218.9991908246178,6
2025-07-06 10:00:00,221.259002856488,6
2025-07-06 11:00:00,211.20722757291873,6
2025-07-06 12:00:00,224.36302724231518,6
2025-07-06 13:00:00,205.28360269285434,6
2025-07-06 14:00:00,225.67171285933972,6
2025-07-06 15:00:00,222.30950203216926,6
2025-07-06 16:00:00,227.75201055412288,6
2025-07-06 17:00:00,199.86522602445973,6
2025-07-06 18:00:00,212.9143341382465,6
2025-07-06 19:00:00,200.31432493644544,6
2025-07-06 20:00:00,184.04517598414245,6
2025-07-06 21:00:00,166.3135664357935,6
2025-07-06 22:00:00,138.6452092081281,6
2025-07-06 23:00:00,136.50176814557673,6
2025-07-07 00:00:00,180.4585018478103,0
2025-07-07 01:00:00,179.61987394124753,0
2025-07-07 02:00:00,204.15568323456458,0
2025-07-07 03:00:00,204.13423185166073,0
2025-07-07 04:00:00,237.95597690878503,0
2025-07-07 05:00:00,262.0950928332385,0
2025-07-07 06:00:00,277.6265436586004,0
2025-07-07 07:00:00,283.93690265023525,0
2025-07-07 08:00:00,280.8823032316815,0
2025-07-07 09:00:00,287.9427278629891,0
2025-07-07 10:00:00,283.0725794771628,0
2025-07-07 11:00:00,266.1675182561668,0
2025-07-07 12:00:00,269.8117135881718,0
2025-07-07 13:00:00,286.5259865720998,0
2025-07-07 14:00:00,283.24804573802265,0
2025-07-07 15:00:00,289.73711700588467,0
2025-07-07 16:00:00,282.91773002681697,0
2025-07-07 17:00:00,291.8546742259785,0
2025-07-07 18:00:00,264.49548372098764,0
2025-07-07 19:00:00,268.0085260234276,0
2025-07-07 20:00:00,233.449106872902,0
2025-07-07 21:00:00,225.83793461539375,0
2025-07-07 22:00:00,195.6075185177882,0
2025-07-07 23:00:00,175.94535793110728,0
2025-07-08 00:00:00,169.43756332079892,1
2025-07-08 01:00:00,175.80322332030892,1
2025-07-08 02:00:00,196.9479338047152,1
2025-07-08 03:00:00,214.98522256788618,1
2025-07-08 04:00:00,241.7415191943128,1
2025-07-08 05:00:00,266.73853831199654,1
2025-07-08 06:00:00,260.2003853164964,1
2025-07-08 07:00:00,285.64014324928763,1
2025-07-08 08:00:00,280.1875321753474,1
2025-07-08 09:00:00,297.901615727396,1
2025-07-08 10:00:00,286.0945567534385,1
2025-07-08 11:00:00,290.3622777960287,1
2025-07-08 12:00:00,285.87911307509165,1
2025-07-08 13:00:00,261.99065991264825,1
2025-07-08 14:00:00,277.6344179773214,1
2025-07-08 15:00:00,283.317656937693,1
2025-07-08 16:00:00,289.5406492204771,1
2025-07-08 17:00:00,280.7859620009295,1
2025-07-08 18:00:00,282.3661461852666,1
2025-07-08 19:00:00,256.48508549513457,1
2025-07-08 20:00:00,239.82774477919858,1
2025-07-08 21:00:00,221.3993111378397,1
2025-07-08 22:00:00,205.0951561405271,1
2025-07-08 23:00:00,164.41111781013757,1
2025-07-09 00:00:00,169.1464767706209,2
2025-07-09 01:00:00,184.88885737874614,2
2025-07-09 02:00:00,196.17490089533823,2
2025-07-09 03:00:00,216.85813990203502,2
2025-07-09 04:00:00,230.67844185391536,2
2025-07-09 05:00:00,247.2043440645415,2
2025-07-09 06:00:00,275.2947813242182,2
2025-07-09 07:00:00,286.34127994030746,2
2025-07-09 08:00:00,280.49805662512745,2
2025-07-09 09:00:00,284.8988962219953,2
2025-07-09 10:00:00,286.1166976252011,2
2025-07-09 11:00:00,278.48384485233805,2
2025-07-09 12:00:00,270.69845532617023,2
2025-07-09 13:00:00,268.6419789874676,2
2025-07-09 14:00:00,297.08782620635316,2
2025-07-09 15:00:00,289.84970057787086,2
2025-07-09 16:00:00,288.36788486160737,2
2025-07-09 17:00:00,281.9014066106518,2
2025-07-09 18:00:00,287.4035744221069,2
2025-07-09 19:00:00,242.8080311271699,2
2025-07-09 20:00:00,232.81053670008382,2
2025-07-09 21:00:00,205.51680850105512,2
2025-07-09 22:00:00,190.1668896355156,2
2025-07-09 23:00:00,174.12130339189383,2
2025-07-10 00:00:00,190.47942997838,3
2025-07-10 01:00:00,185.93960562437067,3
2025-07-10 02:00:00,190.26163286566305,3
2025-07-10 03:00:00,210.95252651941306,3
2025-07-10 04:00:00,235.28284054857517,3
2025-07-10 05:00:00,261.89826353789834,3
2025-07-10 06:00:00,284.7129551651697,3
2025-07-10 07:00:00,278.02086421800595,3
2025-07-10 08:00:00,288.6642256871199,3
2025-07-10 09:00:00,288.67987916855884,3
2025-07-10 10:00:00,287.2431192280005,3
2025-07-10 11:00:00,278.98715758816525,3
2025-07-10 12:00:00,282.37620059917407,3
2025-07-10 13:00:00,285.00109780612047,3
2025-07-10 14:00:00,290.14328716483885,3
2025-07-10 15:00:00,279.35669723881944,3
2025-07-10 16:00:00,279.7155944682823,3
2025-07-10 17:00:00,287.5054936614675,3
2025-07-10 18:00:00,275.6703118266181,3
2025-07-10 19:00:00,260.3689121113702,3
2025-07-10 20:00:00,231.04734747544487,3
2025-07-10 21:00:00,199.2200526814326,3
2025-07-10 22:00:00,202.68751900005267,3
2025-07-10 23:00:00,184.39351696178323,3
2025-07-11 00:00:00,181.93561267025856,4
2025-07-11 01:00:00,173.70306851146574,4
2025-07-11 02:00:00,193.77433947391995,4
2025-07-11 03:00:00,210.73918991632095,4
2025-07-11 04:00:00,247.79646219533186,4
2025-07-11 05:00:00,234.34230238127304,4
2025-07-11 06:00:00,276.14921516962806,4
2025-07-11 07:00:00,274.1367120751449,4
2025-07-11 08:00:00,287.58857454777075,4
2025-07-11 09:00:00,277.4598902426618,4
2025-07-11 10:00:00,275.3834662604237,4
2025-07-11 11:00:00,258.2128117523527,4
2025-07-11 12:00:00,274.16844642466043,4
2025-07-11 13:00:00,268.149276074495,4
2025-07-11 14:00:00,269.0153535087778,4
2025-07-11 15:00:00,282.41808831101014,4
2025-07-11 16:00:00,288.97574883368225,4
2025-07-11 17:00:00,291.6953703771865,4
2025-07-11 18:00:00,264.93788027266436,4
2025-07-11 19:00:00,256.3220051648062,4
2025-07-11 20:00:00,242.76676460765205,4
2025-07-11 21:00:00,219.862431468431,4
2025-07-11 22:00:00,192.86680731357808,4
2025-07-11 23:00:00,175.5212906858993,4
2025-07-12 00:00:00,128.54065256593412,5
2025-07-12 01:00:00,147.9801709555168,5
2025-07-12 02:00:00,150.82333858877823,5
2025-07-12 03:00:00,167.35516585913808,5
2025-07-12 04:00:00,195.99766633973695,5
2025-07-12 05:00:00,201.18551356887434,5
2025-07-12 06:00:00,198.28893022108053,5
2025-07-12 07:00:00,210.88708359286477,5
2025-07-12 08:00:00,219.7626330995204,5
2025-07-12 09:00:00,219.4973707932532,5
2025-07-12 10:00:00,221.66579113801407,5
2025-07-12 11:00:00,214.45287369547103,5
2025-07-12 12:00:00,224.10593113047406,5
2025-07-12 13:00:00,211.00404653332222,5
2025-07-12 14:00:00,231.65618555139412,5
2025-07-12 15:00:00,214.77288305827656,5
2025-07-12 16:00:00,220.46245050104983,5
2025-07-12 17:00:00,211.41731613510137,5
2025-07-12 18:00:00,219.00362022498004,5
2025-07-12 19:00:00,198.40200976914693,5
2025-07-12 20:00:00,178.2147049234293,5
2025-07-12 21:00:00,153.92865813515854,5
2025-07-12 22:00:00,153.2166346665751,5
2025-07-12 23:00:00,133.0592202667222,5
2025-07-13 00:00:00,137.45672619274652,6
2025-07-13 01:00:00,143.33158151053263,6
2025-07-13 02:00:00,151.37329159898414,6
2025-07-13 03:00:00,167.51691995664842,6
2025-07-13 04:00:00,185.72746846276007,6
2025-07-13 05:00:00,193.83294970330024,6
2025-07-13 06:00:00,217.2289309921296,6
2025-07-13 07:00:00,224.08962198635194,6
2025-07-13 08:00:00,214.83640831967048,6
2025-07-13 09:00:00,211.31102210431087,6
2025-07-13 10:00:00,218.22911588784964,6
2025-07-13 11:00:00,206.88405207326778,6
2025-07-13 12:00:00,212.71215840441238,6
2025-07-13 13:00:00,216.9035233315317,6
2025-07-13 14:00:00,220.02203503239832,6
2025-07-13 15:00:00,222.76279733737698,6
2025-07-13 16:00:00,214.079402198841,6
2025-07-13 17:00:00,223.3012766354182,6
2025-07-13 18:00:00,216.5933568486887,6
2025-07-13 19:00:00,209.45023706626094,6
2025-07-13 20:00:00,180.00618808281692,6
2025-07-13 21:00:00,172.7760669543338,6
2025-07-13 22:00:00,155.67543177133976,6
2025-07-13 23:00:00,149.71208645437088,6
2025-07-14 00:00:00,188.8845774013836,0
2025-07-14 01:00:00,187.69150444720796,0
2025-07-14 02:00:00,192.1067188615521,0
2025-07-14 03:00:00,214.20067609714397,0
2025-07-14 04:00:00,241.71025017016217,0
2025-07-14 05:00:00,259.46074344191044,0
2025-07-14 06:00:00,280.41013979747504,0
2025-07-14 07:00:00,277.08083777884406,0
2025-07-14 08:00:00,280.54243206534255,0
2025-07-14 09:00:00,272.1206359610977,0
2025-07-14 10:00:00,289.0158599646,0
2025-07-14 11:00:00,280.16503360617094,0
2025-07-14 12:00:00,274.3005412415869,0
2025-07-14 13:00:00,274.37780580114935,0
2025-07-14 14:00:00,287.5967951214939,0
2025-07-14 15:00:00,274.7676479462803,0
2025-07-14 16:00:00,296.2665949929433,0
2025-07-14 17:00:00,289.2455101554092,0
2025-07-14 18:00:00,286.039148377173,0
2025-07-14 19:00:00,262.6523844281165,0
2025-07-14 20:00:00,232.5637115856224,0
2025-07-14 21:00:00,207.16577214835976,0
2025-07-14 22:00:00,196.33722187841772,0
2025-07-14 23:00:00,193.3113419079373,0
2025-07-15 00:00:00,179.26271741257642,1
2025-07-15 01:00:00,178.77754014787033,1
2025-07-15 02:00:00,187.8398027618957,1
2025-07-15 03:00:00,201.86008229505347,1
2025-07-15 04:00:00,236.89809065098493,1
2025-07-15 05:00:00,278.11684910463185,1
2025-07-15 06:00:00,272.3937672899175,1
2025-07-15 07:00:00,283.2807511433222,1
2025-07-15 08:00:00,270.791350094026,1
2025-07-15 09:00:00,293.5444371795563,1
2025-07-15 10:00:00,292.7396169779828,1
2025-07-15 11:00:00,255.63470275935282,1
2025-07-15 12:00:00,268.85150306116014,1
2025-07-15 13:00:00,283.6074350831845,1
2025-07-15 14:00:00,290.78652312424146,1
2025-07-15 15:00:00,287.98080096920603,1
2025-07-15 16:00:00,284.71896058853787,1
2025-07-15 17:00:00,275.0260292032241,1
2025-07-15 18:00:00,269.11012916249484,1
2025-07-15 19:00:00,255.22402025234777,1
2025-07-15 20:00:00,238.1866851883653,1
2025-07-15 21:00:00,219.9268544655345,1
2025-07-15 22:00:00,175.76619598013994,1
2025-07-15 23:00:00,184.89808990764413,1
2025-07-16 00:00:00,179.5895251993477,2
2025-07-16 01:00:00,171.60173756943647,2
2025-07-16 02:00:00,184.0615442859674,2
2025-07-16 03:00:00,224.58639944787018,2
2025-07-16 04:00:00,244.80447475060325,2
2025-07-16 05:00:00,258.1438040094866,2
2025-07-16 06:00:00,269.9900289181999,2
2025-07-16 07:00:00,294.55271756947803,2
2025-07-16 08:00:00,289.0123566503966,2
2025-07-16 09:00:00,282.17311488795883,2
2025-07-16 10:00:00,287.35800262927523,2
2025-07-16 11:00:00,276.5756366936468,2
2025-07-16 12:00:00,275.4038419862069,2
2025-07-16 13:00:00,279.77276826974,2
2025-07-16 14:00:00,272.6742563369172,2
2025-07-16 15:00:00,281.2564551522935,2
2025-07-16 16:00:00,285.8035625471401,2
2025-07-16 17:00:00,296.2277987233902,2
2025-07-16 18:00:00,268.65404718267183,2
2025-07-16 19:00:00,252.2628265543335,2
2025-07-16 20:00:00,240.67594667499904,2
2025-07-16 21:00:00,228.0677780869687,2
2025-07-16 22:00:00,199.4370304111116,2
2025-07-16 23:00:00,162.44212571523838,2
2025-07-17 00:00:00,168.51793353611998,3
2025-07-17 01:00:00,177.72670984884962,3
2025-07-17 02:00:00,184.606863300958,3
2025-07-17 03:00:00,215.23576367017395,3
2025-07-17 04:00:00,245.01313129597224,3
2025-07-17 05:00:00,265.63997895909307,3
2025-07-17 06:00:00,265.84315746499726,3
2025-07-17 07:00:00,278.4870823683613,3
2025-07-17 08:00:00,285.51819257243307,3
2025-07-17 09:00:00,280.87882092913685,3
2025-07-17 10:00:00,258.29262388725925,3
2025-07-17 11:00:00,281.64384108549814,3
2025-07-17 12:00:00,268.61013425039306,3
2025-07-17 13:00:00,286.29838860901623,3
2025-07-17 14:00:00,285.6635712536365,3
2025-07-17 15:00:00,293.4657653087789,3
2025-07-17 16:00:00,296.3150928205616,3
2025-07-17 17:00:00,281.4602873283633,3
2025-07-17 18:00:00,264.868433150181,3
2025-07-17 19:00:00,270.63251273741605,3
2025-07-17 20:00:00,231.55969169860452,3
2025-07-17 21:00:00,219.58976536320384,3
2025-07-17 22:00:00,204.89056736304238,3
2025-07-17 23:00:00,179.08729983277195,3
2025-07-18 00:00:00,183.39760274924654,4
2025-07-18 01:00:00,171.89570151145276,4
2025-07-18 02:00:00,194.86281805683896,4
2025-07-18 03:00:00,214.65917294203567,4
2025-07-18 04:00:00,238.75368650997265,4
2025-07-18 05:00:00,262.5956835529822,4
2025-07-18 06:00:00,284.26639362836494,4
2025-07-18 07:00:00,281.8396458984413,4
2025-07-18 08:00:00,288.94644036948563,4
2025-07-18 09:00:00,284.2619390486671,4
2025-07-18 10:00:00,266.560971625392,4
2025-07-18 11:00:00,272.9573848262608,4
2025-07-18 12:00:00,284.9549497605696,4
2025-07-18 13:00:00,276.5263331580698,4
2025-07-18 14:00:00,288.90789021535045,4
2025-07-18 15:00:00,279.8830855070108,4
2025-07-18 16:00:00,289.0151152779496,4
2025-07-18 17:00:00,287.0490617770545,4
2025-07-18 18:00:00,273.07855497655254,4
2025-07-18 19:00:00,248.85440730359022,4
2025-07-18 20:00:00,221.28990948434097,4
2025-07-18 21:00:00,211.45858429339597,4
2025-07-18 22:00:00,199.9197811546513,4
2025-07-18 23:00:00,194.05381369100104,4
2025-07-19 00:00:00,139.2155230318566,5
2025-07-19 01:00:00,140.1153975830572,5
2025-07-19 02:00:00,160.5815528587119,5
2025-07-19 03:00:00,169.15516529029125,5
2025-07-19 04:00:00,175.7861835071147,5
2025-07-19 05:00:00,198.3259467479287,5
2025-07-19 06:00:00,229.8736406176467,5
2025-07-19 07:00:00,205.3569886256187,5
2025-07-19 08:00:00,243.64299768480248,5
2025-07-19 09:00:00,224.43564774731848,5
2025-07-19 10:00:00,214.90017625233872,5
2025-07-19 11:00:00,225.67558691338343,5
2025-07-19 12:00:00,213.85159342504784,5
2025-07-19 13:00:00,213.71209727566836,5
2025-07-19 14:00:00,213.49867599241185,5
2025-07-19 15:00:00,208.01349001905197,5
2025-07-19 16:00:00,211.631226106104,5
2025-07-19 17:00:00,219.61909175417077,5
2025-07-19 18:00:00,221.3791899025903,5
2025-07-19 19:00:00,198.38359276031386,5
2025-07-19 20:00:00,185.01226374372598,5
2025-07-19 21:00:00,147.25637615526912,5
2025-07-19 22:00:00,152.48328227490015,5
2025-07-19 23:00:00,141.9547840682763,5
2025-07-20 00:00:00,143.6639014181496,6
2025-07-20 01:00:00,131.93717800420987,6
2025-07-20 02:00:00,156.85226447547475,6
2025-07-20 03:00:00,161.8173918411112,6
2025-07-20 04:00:00,185.8932422430538,6
2025-07-20 05:00:00,202.0094056239475,6
2025-07-20 06:00:00,207.1058332429251,6
2025-07-20 07:00:00,218.55267731549947,6
2025-07-20 08:00:00,224.75184316952664,6
2025-07-20 09:00:00,224.76298858380596,6
2025-07-20 10:00:00,210.2801159395267,6
2025-07-20 11:00:00,216.75332575182864,6
2025-07-20 12:00:00,213.31830082707955,6
2025-07-20 13:00:00,210.87679422983894,6
2025-07-20 14:00:00,225.03193403417998,6
2025-07-20 15:00:00,220.30150705776984,6
2025-07-20 16:00:00,231.57999835796213,6
2025-07-20 17:00:00,226.41271232333753,6
2025-07-20 18:00:00,213.45888531449094,6
2025-07-20 19:00:00,198.00310716514437,6
2025-07-20 20:00:00,179.48192107291416,6
2025-07-20 21:00:00,176.4775886032944,6
2025-07-20 22:00:00,152.99493693319243,6
2025-07-20 23:00:00,146.67374507956882,6
2025-07-21 00:00:00,179.30302834036414,0
2025-07-21 01:00:00,176.52985274378918,0
2025-07-21 02:00:00,178.6936407555488,0
2025-07-21 03:00:00,206.7498413762094,0
2025-07-21 04:00:00,229.82489781192533,0
2025-07-21 05:00:00,268.7397103683395,0
2025-07-21 06:00:00,284.759309059796,0
2025-07-21 07:00:00,287.77336114339363,0
2025-07-21 08:00:00,280.97643756762494,0
2025-07-21 09:00:00,290.2532236131904,0
2025-07-21 10:00:00,291.1513480569501,0
2025-07-21 11:00:00,279.13305347192306,0
2025-07-21 12:00:00,263.65448891190726,0
2025-07-21 13:00:00,287.1270650741771,0
2025-07-21 14:00:00,283.960742024222,0
2025-07-21 15:00:00,277.8876889316054,0
2025-07-21 16:00:00,281.9811618202264,0
2025-07-21 17:00:00,293.5732749735271,0
2025-07-21 18:00:00,271.434477218448,0
2025-07-21 19:00:00,248.33166078493994,0
2025-07-21 20:00:00,223.0321586855939,0
2025-07-21 21:00:00,214.40846655052584,0
2025-07-21 22:00:00,199.2804054193193,0
2025-07-21 23:00:00,187.6414773944943,0
2025-07-22 00:00:00,171.42667052655506,1
2025-07-22 01:00:00,190.75433917641624,1
2025-07-22 02:00:00,189.73877460863523,1
2025-07-22 03:00:00,207.98854374265053,1
2025-07-22 04:00:00,244.1503810277781,1
2025-07-22 05:00:00,275.78081041596886,1
2025-07-22 06:00:00,275.07488708096884,1
2025-07-22 07:00:00,289.59032174215565,1
2025-07-22 08:00:00,299.37118444196517,1
2025-07-22 09:00:00,285.4689732285184,1
2025-07-22 10:00:00,292.1437190290926,1
2025-07-22 11:00:00,281.41761609484814,1
2025-07-22 12:00:00,269.3974100570654,1
2025-07-22 13:00:00,272.83272291268133,1
2025-07-22 14:00:00,268.87534820474076,1
2025-07-22 15:00:00,282.21024774044287,1
2025-07-22 16:00:00,276.8982136992034,1
2025-07-22 17:00:00,280.16665041272165,1
2025-07-22 18:00:00,261.969855194696,1
2025-07-22 19:00:00,252.97121318895873,1
2025-07-22 20:00:00,245.59505255276244,1
2025-07-22 21:00:00,224.13357932445527,1
2025-07-22 22:00:00,187.05492038628614,1
2025-07-22 23:00:00,174.48911777212226,1
2025-07-23 00:00:00,183.07925323503972,2
2025-07-23 01:00:00,176.9389727492358,2
2025-07-23 02:00:00,199.20266291354503,2
2025-07-23 03:00:00,206.81463987941066,2
2025-07-23 04:00:00,246.79165259634217,2
2025-07-23 05:00:00,260.4771850305024,2
2025-07-23 06:00:00,278.79745657757354,2
2025-07-23 07:00:00,291.8995855550685,2
2025-07-23 08:00:00,285.98171966814726,2
2025-07-23 09:00:00,297.6405176924837,2
2025-07-23 10:00:00,282.6370231896926,2
2025-07-23 11:00:00,285.8956201137764,2
2025-07-23 12:00:00,267.97705231698967,2
2025-07-23 13:00:00,276.1969045314506,2
2025-07-23 14:00:00,283.1951492503258,2
2025-07-23 15:00:00,295.79909426042263,2
2025-07-23 16:00:00,300.5487972822268,2
2025-07-23 17:00:00,266.59051427448355,2
2025-07-23 18:00:00,278.26578700089533,2
2025-07-23 19:00:00,263.6685437434411,2
2025-07-23 20:00:00,231.93671668624907,2
2025-07-23 21:00:00,216.3647368848489,2
2025-07-23 22:00:00,201.92530014858008,2
2025-07-23 23:00:00,171.7287172910076,2
2025-07-24 00:00:00,179.35838832312882,3
2025-07-24 01:00:00,185.4319667283661,3
2025-07-24 02:00:00,206.1199679888248,3
2025-07-24 03:00:00,235.56433783729506,3
2025-07-24 04:00:00,252.59973228509978,3
2025-07-24 05:00:00,242.83061286916396,3
2025-07-24 06:00:00,280.0213832713998,3
2025-07-24 07:00:00,284.16412208436253,3
2025-07-24 08:00:00,289.52786895679327,3
2025-07-24 09:00:00,276.65274072097475,3
2025-07-24 10:00:00,280.1515150542855,3
2025-07-24 11:00:00,274.5358112586673,3
2025-07-24 12:00:00,262.2277081057904,3
2025-07-24 13:00:00,278.73419117383827,3
2025-07-24 14:00:00,278.2279322217067,3
2025-07-24 15:00:00,284.9924621005571,3
2025-07-24 16:00:00,297.2669692956375,3
2025-07-24 17:00:00,284.58405428919656,3
2025-07-24 18:00:00,270.0419652686904,3
2025-07-24 19:00:00,257.768311360651,3
2025-07-24 20:00:00,237.8494470028852,3
2025-07-24 21:00:00,217.59728437338498,3
2025-07-24 22:00:00,191.03441228087547,3
2025-07-24 23:00:00,171.60633196330886,3
2025-07-25 00:00:00,186.15487937256552,4
2025-07-25 01:00:00,185.73709509448045,4
2025-07-25 02:00:00,174.10710020595894,4
2025-07-25 03:00:00,206.93940952882278,4
2025-07-25 04:00:00,232.1998586602212,4
2025-07-25 05:00:00,272.6332121481233,4
2025-07-25 06:00:00,273.81999254344794,4
2025-07-25 07:00:00,282.249751535675,4
2025-07-25 08:00:00,290.08308800726786,4
2025-07-25 09:00:00,282.94306665524664,4
2025-07-25 10:00:00,258.8250400725801,4
2025-07-25 11:00:00,272.6330308806704,4
2025-07-25 12:00:00,269.0217153719261,4
2025-07-25 13:00:00,274.844188666465,4
2025-07-25 14:00:00,282.82350208443086,4
2025-07-25 15:00:00,292.9989714799945,4
2025-07-25 16:00:00,281.29358360374164,4
2025-07-25 17:00:00,285.06520670534354,4
2025-07-25 18:00:00,269.9638007773115,4
2025-07-25 19:00:00,248.6714920293571,4
2025-07-25 20:00:00,237.11722210716832,4
2025-07-25 21:00:00,216.12351985976497,4
2025-07-25 22:00:00,201.23550751083695,4
2025-07-25 23:00:00,179.5654247954183,4
2025-07-26 00:00:00,141.07937700203328,5
2025-07-26 01:00:00,132.82368635828874,5
2025-07-26 02:00:00,158.359760232204,5
2025-07-26 03:00:00,159.79163621035207,5
2025-07-26 04:00:00,190.31527028696286,5
2025-07-26 05:00:00,201.06199492118324,5
2025-07-26 06:00:00,213.94859481337807,5
2025-07-26 07:00:00,229.98169094308727,5
2025-07-26 08:00:00,224.60302466859196,5
2025-07-26 09:00:00,217.5894886846511,5
2025-07-26 10:00:00,204.2583264310183,5
2025-07-26 11:00:00,215.96345401787977,5
2025-07-26 12:00:00,208.29331704876748,5
2025-07-26 13:00:00,224.04044486015255,5
2025-07-26 14:00:00,219.28975809255778,5
2025-07-26 15:00:00,211.9074641902895,5
2025-07-26 16:00:00,226.6955444122939,5
2025-07-26 17:00:00,212.8801651843871,5
2025-07-26 18:00:00,216.07329850675777,5
2025-07-26 19:00:00,202.66299108912432,5
2025-07-26 20:00:00,185.37588853653747,5
2025-07-26 21:00:00,160.4388460757323,5
2025-07-26 22:00:00,155.76659605510017,5
2025-07-26 23:00:00,133.24874304659235,5
2025-07-27 00:00:00,142.186781402075,6
2025-07-27 01:00:00,150.98788590288544,6
2025-07-27 02:00:00,159.9906993546275,6
2025-07-27 03:00:00,173.5217041777704,6
2025-07-27 04:00:00,182.01817099889234,6
2025-07-27 05:00:00,183.48276961555223,6
2025-07-27 06:00:00,215.64152009357662,6
2025-07-27 07:00:00,225.26287758102166,6
2025-07-27 08:00:00,224.78237532655828,6
2025-07-27 09:00:00,210.75420207221777,6
2025-07-27 10:00:00,223.60927999627458,6
2025-07-27 11:00:00,223.93972462327278,6
2025-07-27 12:00:00,220.5807836466822,6
2025-07-27 13:00:00,200.21509696701702,6
2025-07-27 14:00:00,227.211786189433,6
2025-07-27 15:00:00,220.50769210910596,6
2025-07-27 16:00:00,241.76108652550056,6
2025-07-27 17:00:00,221.90844036348827,6
2025-07-27 18:00:00,211.60581648359118,6
2025-07-27 19:00:00,188.9835361675268,6
2025-07-27 20:00:00,195.49013184338116,6
2025-07-27 21:00:00,168.20654236867017,6
2025-07-27 22:00:00,159.0970502594536,6
2025-07-27 23:00:00,134.5091332480175,6
2025-07-28 00:00:00,187.58000199839128,0
2025-07-28 01:00:00,187.10211724384976,0
2025-07-28 02:00:00,200.65559301816273,0
2025-07-28 03:00:00,213.31597583189878,0
2025-07-28 04:00:00,239.17705360014426,0
2025-07-28 05:00:00,244.72650432121725,0
2025-07-28 06:00:00,270.0381316454921,0
2025-07-28 07:00:00,294.77083587880327,0
2025-07-28 08:00:00,287.55381102188664,0
2025-07-28 09:00:00,285.6807667606425,0
2025-07-28 10:00:00,278.86199406323533,0
2025-07-28 11:00:00,286.0794707941973,0
2025-07-28 12:00:00,260.1831250643761,0
2025-07-28 13:00:00,273.37771862537153,0
2025-07-28 14:00:00,278.61488279201166,0
2025-07-28 15:00:00,275.8165355693756,0
2025-07-28 16:00:00,292.82740748119244,0
2025-07-28 17:00:00,287.7232903795166,0
2025-07-28 18:00:00,279.4056965386339,0
2025-07-28 19:00:00,252.6985416882633,0
2025-07-28 20:00:00,245.0325719983919,0
2025-07-28 21:00:00,218.80744918380017,0
2025-07-28 22:00:00,191.13878139973582,0
2025-07-28 23:00:00,184.43804454441582,0
2025-07-29 00:00:00,164.8872899812199,1
2025-07-29 01:00:00,191.71961653461273,1
2025-07-29 02:00:00,190.95074557604755,1
2025-07-29 03:00:00,215.23331522577914,1
2025-07-29 04:00:00,241.6431626911915,1
2025-07-29 05:00:00,262.56144088530203,1
2025-07-29 06:00:00,273.4450792705861,1
2025-07-29 07:00:00,278.4272146441575,1
2025-07-29 08:00:00,300.49742260806795,1
2025-07-29 09:00:00,282.33779620019743,1
2025-07-29 10:00:00,272.6960361404844,1
2025-07-29 11:00:00,270.5837673313084,1
2025-07-29 12:00:00,272.38976488844753,1
2025-07-29 13:00:00,283.91994468295576,1
2025-07-29 14:00:00,280.872731830966,1
2025-07-29 15:00:00,278.7150309981341,1
2025-07-29 16:00:00,289.26574816787144,1
2025-07-29 17:00:00,277.6653240350476,1
2025-07-29 18:00:00,276.4365406464996,1
2025-07-29 19:00:00,249.40673107042676,1
2025-07-29 20:00:00,223.05578422478746,1
2025-07-29 21:00:00,205.13603606702654,1
2025-07-29 22:00:00,207.24147045628462,1
2025-07-29 23:00:00,165.96886686404613,1
2025-07-30 00:00:00,172.77515180428713,2
2025-07-30 01:00:00,182.9421554472455,2
2025-07-30 02:00:00,196.00348650772736,2
2025-07-30 03:00:00,216.68640753888124,2
2025-07-30 04:00:00,227.489278812839,2
2025-07-30 05:00:00,259.5190366103868,2
2025-07-30 06:00:00,283.89651152432367,2
2025-07-30 07:00:00,300.96067309672486,2
2025-07-30 08:00:00,297.5897890686058,2
2025-07-30 09:00:00,282.185700472517,2
2025-07-30 10:00:00,286.2447464721081,2
2025-07-30 11:00:00,280.7150065389066,2
2025-07-30 12:00:00,280.4609414300786,2
2025-07-30 13:00:00,276.9763947252517,2
2025-07-30 14:00:00,273.0367436610784,2
2025-07-30 15:00:00,298.25530518870374,2
2025-07-30 16:00:00,290.2272535844183,2
2025-07-30 17:00:00,298.6172456936913,2
2025-07-30 18:00:00,283.43392428715833,2
2025-07-30 19:00:00,252.96710590367547,2
2025-07-30 20:00:00,222.6492683514794,2
2025-07-30 21:00:00,209.9028335449753,2
2025-07-30 22:00:00,188.38813047170558,2
2025-07-30 23:00:00,184.32640618576332,2
2025-07-31 00:00:00,171.07095729826992,3
2025-07-31 01:00:00,169.9018207337561,3
2025-07-31 02:00:00,211.32650745770454,3
2025-07-31 03:00:00,207.33777639823703,3
2025-07-31 04:00:00,230.9464042064705,3
2025-07-31 05:00:00,259.4144573974278,3
2025-07-31 06:00:00,268.22883658858143,3
2025-07-31 07:00:00,284.33986602041745,3
2025-07-31 08:00:00,289.38212876583515,3
2025-07-31 09:00:00,290.9063412297568,3
2025-07-31 10:00:00,292.91653848946737,3
2025-07-31 11:00:00,265.5307482504371,3
2025-07-31 12:00:00,278.21027679857053,3
2025-07-31 13:00:00,269.52190411110286,3
2025-07-31 14:00:00,280.5474796430172,3
2025-07-31 15:00:00,288.2419447516849,3
2025-07-31 16:00:00,284.70404223166287,3
2025-07-31 17:00:00,269.17077746797816,3
2025-07-31 18:00:00,276.3326661780084,3
2025-07-31 19:00:00,259.69591553783164,3
2025-07-31 20:00:00,243.4790266282847,3
2025-07-31 21:00:00,203.9761618536766,3
2025-07-31 22:00:00,186.54703011369327,3
2025-07-31 23:00:00,181.84510019100912,3
2025-08-01 00:00:00,169.3534237237571,4
2025-08-01 01:00:00,171.83786297137274,4
2025-08-01 02:00:00,191.45101106410817,4
2025-08-01 03:00:00,213.6029906215107,4
2025-08-01 04:00:00,249.04874505721776,4
2025-08-01 05:00:00,258.1062179185813,4
2025-08-01 06:00:00,286.4934936191182,4
2025-08-01 07:00:00,303.61200177555236,4
2025-08-01 08:00:00,284.0654377536066,4
2025-08-01 09:00:00,297.8046785719436,4
2025-08-01 10:00:00,278.6249909132224,4
2025-08-01 11:00:00,269.4529655041715,4
2025-08-01 12:00:00,277.06169382400714,4
2025-08-01 13:00:00,273.8858663218776,4
2025-08-01 14:00:00,280.46186113922533,4
2025-08-01 15:00:00,283.42865448432195,4
2025-08-01 16:00:00,276.4945079260172,4
2025-08-01 17:00:00,277.4011122864444,4
2025-08-01 18:00:00,282.19826969722715,4
2025-08-01 19:00:00,261.2752442365335,4
2025-08-01 20:00:00,234.28819079661534,4
2025-08-01 21:00:00,205.32609957460096,4
2025-08-01 22:00:00,193.57062990404972,4
2025-08-01 23:00:00,173.7727284198512,4
2025-08-02 00:00:00,143.68330110167477,5
2025-08-02 01:00:00,141.20494793779432,5
2025-08-02 02:00:00,159.0761177355956,5
2025-08-02 03:00:00,159.27677855573444,5
2025-08-02 04:00:00,190.42737447010734,5
2025-08-02 05:00:00,207.59880523990796,5
2025-08-02 06:00:00,207.945581889976,5
2025-08-02 07:00:00,219.19356065251532,5
2025-08-02 08:00:00,213.1596189802816,5
2025-08-02 09:00:00,223.06670107064818,5
2025-08-02 10:00:00,214.8889586952977,5
2025-08-02 11:00:00,206.12918332295794,5
2025-08-02 12:00:00,203.2373306203079,5
2025-08-02 13:00:00,223.13873130647912,5
2025-08-02 14:00:00,203.62994886691888,5
2025-08-02 15:00:00,231.40731806589753,5
2025-08-02 16:00:00,224.64192956241476,5
2025-08-02 17:00:00,221.80925241702772,5
2025-08-02 18:00:00,211.75283423551352,5
2025-08-02 19:00:00,208.78466580033674,5
2025-08-02 20:00:00,179.21076731591774,5
2025-08-02 21:00:00,163.35075969886418,5
2025-08-02 22:00:00,150.51865117991406,5
2025-08-02 23:00:00,147.40327817041197,5
2025-08-03 00:00:00,142.45812514865102,6
2025-08-03 01:00:00,130.11707102956373,6
2025-08-03 02:00:00,153.32073934053756,6
2025-08-03 03:00:00,173.5379369462088,6
2025-08-03 04:00:00,180.26159218573238,6
2025-08-03 05:00:00,196.92653388964328,6
2025-08-03 06:00:00,219.1433733674134,6
2025-08-03 07:00:00,218.88513430305844,6
2025-08-03 08:00:00,233.8774807867375,6
2025-08-03 09:00:00,210.1334726011691,6
2025-08-03 10:00:00,210.96112926445974,6
2025-08-03 11:00:00,227.49547429181155,6
2025-08-03 12:00:00,212.36245152790403,6
2025-08-03 13:00:00,213.61421740887346,6
2025-08-03 14:00:00,221.87853501434074,6
2025-08-03 15:00:00,227.06955986035496,6
2025-08-03 16:00:00,225.80074676009053,6
2025-08-03 17:00:00,209.06281982106185,6
2025-08-03 18:00:00,216.20112406236126,6
2025-08-03 19:00:00,209.14429014559042,6
2025-08-03 20:00:00,188.003849022518,6
2025-08-03 21:00:00,175.811057285682,6
2025-08-03 22:00:00,166.49812309375196,6
2025-08-03 23:00:00,142.89672000353536,6
2025-08-04 00:00:00,161.13006850394513,0
2025-08-04 01:00:00,186.16268453135166,0
2025-08-04 02:00:00,201.95817011443518,0
2025-08-04 03:00:00,217.9259544646087,0
2025-08-04 04:00:00,239.1862006489387,0
2025-08-04 05:00:00,262.70848640723284,0
2025-08-04 06:00:00,275.73506874844117,0
2025-08-04 07:00:00,273.6128137135713,0
2025-08-04 08:00:00,287.68491307691545,0
2025-08-04 09:00:00,277.8819300449123,0
2025-08-04 10:00:00,271.4941684058353,0
2025-08-04 11:00:00,264.3058948918391,0
2025-08-04 12:00:00,279.85110646691004,0
2025-08-04 13:00:00,275.73635733255264,0
2025-08-04 14:00:00,272.48618669434273,0
2025-08-04 15:00:00,283.8426291672289,0
2025-08-04 16:00:00,295.159999343841,0
2025-08-04 17:00:00,280.3826081699145,0
2025-08-04 18:00:00,277.121055233621,0
2025-08-04 19:00:00,254.31459441852155,0
2025-08-04 20:00:00,245.03157679706473,0
2025-08-04 21:00:00,209.2819952316043,0
2025-08-04 22:00:00,195.72298536004453,0
2025-08-04 23:00:00,188.45454474439435,0
2025-08-05 00:00:00,170.3050785854886,1
2025-08-05 01:00:00,192.7687513633231,1
2025-08-05 02:00:00,190.36274676710863,1
2025-08-05 03:00:00,218.363719103434,1
2025-08-05 04:00:00,245.91279582393247,1
2025-08-05 05:00:00,264.4210784624193,1
2025-08-05 06:00:00,285.08903527494215,1
2025-08-05 07:00:00,273.81209828688833,1
2025-08-05 08:00:00,288.8789127901019,1
2025-08-05 09:00:00,277.7499386927587,1
2025-08-05 10:00:00,280.55461628545316,1
2025-08-05 11:00:00,282.4818238535569,1
2025-08-05 12:00:00,290.0080135442431,1
2025-08-05 13:00:00,286.1282738663806,1
2025-08-05 14:00:00,282.52561375067376,1
2025-08-05 15:00:00,293.54063865442953,1
2025-08-05 16:00:00,288.9747488861117,1
2025-08-05 17:00:00,291.6826095945462,1
2025-08-05 18:00:00,285.4662229354332,1
2025-08-05 19:00:00,259.21310807680123,1
2025-08-05 20:00:00,232.40842745717717,1
2025-08-05 21:00:00,214.26156976905182,1
2025-08-05 22:00:00,189.57206164664146,1
2025-08-05 23:00:00,182.79408950432824,1
2025-08-06 00:00:00,176.05941144852997,2
2025-08-06 01:00:00,185.9445679359225,2
2025-08-06 02:00:00,193.81596190654895,2
2025-08-06 03:00:00,217.1257927483918,2
2025-08-06 04:00:00,230.5857498251899,2
2025-08-06 05:00:00,250.45065502643334,2
2025-08-06 06:00:00,279.33812863825017,2
2025-08-06 07:00:00,281.04148624436965,2
2025-08-06 08:00:00,286.48427629642316,2
2025-08-06 09:00:00,296.21602232430433,2
2025-08-06 10:00:00,273.6722276561725,2
2025-08-06 11:00:00,269.8783736618345,2
2025-08-06 12:00:00,268.17195238967366,2
2025-08-06 13:00:00,285.3548074899223,2
2025-08-06 14:00:00,271.26218675318563,2
2025-08-06 15:00:00,290.14194728465174,2
2025-08-06 16:00:00,280.70078823031804,2
2025-08-06 17:00:00,286.13713888932637,2
2025-08-06 18:00:00,278.0680754557938,2
2025-08-06 19:00:00,254.15391051639057,2
2025-08-06 20:00:00,235.01938723138343,2
2025-08-06 21:00:00,205.51324675209057,2
2025-08-06 22:00:00,197.6945597326103,2
2025-08-06 23:00:00,175.4737510269906,2
2025-08-07 00:00:00,170.05676808095228,3
2025-08-07 01:00:00,188.00709687481796,3
2025-08-07 02:00:00,186.76927724387045,3
2025-08-07 03:00:00,215.6945638301696,3
2025-08-07 04:00:00,238.66395974676894,3
2025-08-07 05:00:00,266.15474646846735,3
2025-08-07 06:00:00,289.42416762984436,3
2025-08-07 07:00:00,271.7374933138265,3
2025-08-07 08:00:00,295.0368766832312,3
2025-08-07 09:00:00,282.0216686325277,3
2025-08-07 10:00:00,279.99238817386316,3
2025-08-07 11:00:00,276.8233018880443,3
2025-08-07 12:00:00,278.20011373861195,3
2025-08-07 13:00:00,273.3615591386586,3
2025-08-07 14:00:00,279.94865804383704,3
2025-08-07 15:00:00,290.3920484711413,3
2025-08-07 16:00:00,293.91212138614287,3
2025-08-07 17:00:00,280.18892774280886,3
2025-08-07 18:00:00,283.8764529669896,3
2025-08-07 19:00:00,256.9898777335621,3
2025-08-07 20:00:00,226.95503029029814,3
2025-08-07 21:00:00,214.1924752272335,3
2025-08-07 22:00:00,199.3694345151806,3
2025-08-07 23:00:00,182.30596193888462,3
2025-08-08 00:00:00,174.85007423582988,4
2025-08-08 01:00:00,179.1222898825009,4
2025-08-08 02:00:00,198.81224005458205,4
2025-08-08 03:00:00,216.92380416852345,4
2025-08-08 04:00:00,231.1230068653059,4
2025-08-08 05:00:00,263.1669406673265,4
2025-08-08 06:00:00,269.6536838392979,4
2025-08-08 07:00:00,284.0446287873914,4
2025-08-08 08:00:00,285.32418458111005,4
2025-08-08 09:00:00,284.06567013303106,4
2025-08-08 10:00:00,287.7200977284928,4
2025-08-08 11:00:00,280.60198004761196,4
2025-08-08 12:00:00,269.4318306766765,4
2025-08-08 13:00:00,265.3066219577125,4
2025-08-08 14:00:00,280.81638953598446,4
2025-08-08 15:00:00,290.69714136152453,4
2025-08-08 16:00:00,282.49031856465945,4
2025-08-08 17:00:00,295.9666567941697,4
2025-08-08 18:00:00,268.8895520921327,4
2025-08-08 19:00:00,270.3091161026454,4
2025-08-08 20:00:00,246.98239826707157,4
2025-08-08 21:00:00,216.33122438874136,4
2025-08-08 22:00:00,194.42328770208366,4
2025-08-08 23:00:00,185.83793034939936,4
2025-08-09 00:00:00,122.91332922353695,5
2025-08-09 01:00:00,135.04709060711548,5
2025-08-09 02:00:00,150.44368303085855,5
2025-08-09 03:00:00,162.1145351399578,5
2025-08-09 04:00:00,172.2151333422915,5
2025-08-09 05:00:00,205.31668873147453,5
2025-08-09 06:00:00,210.29085254644,5
2025-08-09 07:00:00,223.6000132921618,5
2025-08-09 08:00:00,233.69426803722962,5
2025-08-09 09:00:00,229.4313123395775,5
2025-08-09 10:00:00,206.74094796503192,5
2025-08-09 11:00:00,206.45234033579396,5
2025-08-09 12:00:00,217.21358352622272,5
2025-08-09 13:00:00,216.7957294339211,5
2025-08-09 14:00:00,224.1280152855245,5
2025-08-09 15:00:00,226.43978770731744,5
2025-08-09 16:00:00,228.3087516890622,5
2025-08-09 17:00:00,209.75216436158308,5
2025-08-09 18:00:00,206.72646985728676,5
2025-08-09 19:00:00,186.82746829823478,5
2025-08-09 20:00:00,182.86876933738304,5
2025-08-09 21:00:00,161.71358349746157,5
2025-08-09 22:00:00,156.85629998402248,5
2025-08-09 23:00:00,153.066372790293,5
2025-08-10 00:00:00,136.19735613838878,6
2025-08-10 01:00:00,143.25698914536466,6
2025-08-10 02:00:00,156.19257577842842,6
2025-08-10 03:00:00,161.26423569811945,6
2025-08-10 04:00:00,186.90418859422368,6
2025-08-10 05:00:00,201.90787995290634,6
2025-08-10 06:00:00,212.46625382868993,6
2025-08-10 07:00:00,218.8526603760768,6
2025-08-10 08:00:00,216.0469545710597,6
2025-08-10 09:00:00,200.51437947242277,6
2025-08-10 10:00:00,215.97986455884296,6
2025-08-10 11:00:00,207.20718099709998,6
2025-08-10 12:00:00,211.73911308290948,6
2025-08-10 13:00:00,209.38287866019846,6
2025-08-10 14:00:00,212.49159451575218,6
2025-08-10 15:00:00,214.30746437193872,6
2025-08-10 16:00:00,228.33183545538176,6
2025-08-10 17:00:00,213.31304883305398,6
2025-08-10 18:00:00,225.20174928476894,6
2025-08-10 19:00:00,207.99803653795797,6
2025-08-10 20:00:00,182.07758840846842,6
2025-08-10 21:00:00,167.27274416784095,6
2025-08-10 22:00:00,152.87922044369412,6
2025-08-10 23:00:00,137.35284218485918,6
2025-08-11 00:00:00,179.79129864033553,0
2025-08-11 01:00:00,178.1076722296135,0
2025-08-11 02:00:00,205.66183773910575,0
2025-08-11 03:00:00,205.44718884524855,0
2025-08-11 04:00:00,237.43829264595067,0
2025-08-11 05:00:00,266.0722020751401,0
2025-08-11 06:00:00,273.4886938665105,0
2025-08-11 07:00:00,288.8143692383523,0
2025-08-11 08:00:00,292.7237067519497,0
2025-08-11 09:00:00,280.69225752918004,0
2025-08-11 10:00:00,276.2714049012794,0
2025-08-11 11:00:00,293.8522933689063,0
2025-08-11 12:00:00,293.6191441963498,0
2025-08-11 13:00:00,271.84028684961964,0
2025-08-11 14:00:00,280.48915836052134,0
2025-08-11 15:00:00,289.27130231479794,0
2025-08-11 16:00:00,273.71794616743085,0
2025-08-11 17:00:00,278.92972732875376,0
2025-08-11 18:00:00,281.48348815704003,0
2025-08-11 19:00:00,244.91581163553948,0
2025-08-11 20:00:00,236.84531020644675,0
2025-08-11 21:00:00,221.22267838370448,0
2025-08-11 22:00:00,212.6182867547596,0
2025-08-11 23:00:00,189.2167902906027,0
2025-08-12 00:00:00,182.7491858984586,1
2025-08-12 01:00:00,176.7794812407605,1
2025-08-12 02:00:00,197.44999519954598,1
2025-08-12 03:00:00,218.0361582494735,1
2025-08-12 04:00:00,238.90279430626276,1
2025-08-12 05:00:00,256.5137941789401,1
2025-08-12 06:00:00,277.13693208452327,1
2025-08-12 07:00:00,278.89684755941056,1
2025-08-12 08:00:00,296.47723204142403,1
2025-08-12 09:00:00,292.33608167968515,1
2025-08-12 10:00:00,277.8634227569157,1
2025-08-12 11:00:00,275.84609755141497,1
2025-08-12 12:00:00,259.41749954699213,1
2025-08-12 13:00:00,268.93612172418676,1
2025-08-12 14:00:00,292.1432379688275,1
2025-08-12 15:00:00,279.243443709562,1
2025-08-12 16:00:00,279.1756032424412,1
2025-08-12 17:00:00,285.75892421512026,1
2025-08-12 18:00:00,279.92370759491934,1
2025-08-12 19:00:00,259.5704804063388,1
2025-08-12 20:00:00,234.1951310577232,1
2025-08-12 21:00:00,213.0670061008649,1
2025-08-12 22:00:00,192.3289650573441,1
2025-08-12 23:00:00,186.5291165235162,1
2025-08-13 00:00:00,198.31693142518762,2
2025-08-13 01:00:00,179.69692621917818,2
2025-08-13 02:00:00,187.03959792847093,2
2025-08-13 03:00:00,203.3678464549532,2
2025-08-13 04:00:00,241.59227024681707,2
2025-08-13 05:00:00,264.2163344650827,2
2025-08-13 06:00:00,270.50620151666254,2
2025-08-13 07:00:00,284.50488959286827,2
2025-08-13 08:00:00,306.16778003402123,2
2025-08-13 09:00:00,278.2519567414345,2
2025-08-13 10:00:00,284.61340744314555,2
2025-08-13 11:00:00,275.0055209410793,2
2025-08-13 12:00:00,271.115933249538,2
2025-08-13 13:00:00,277.20809841795807,2
2025-08-13 14:00:00,280.24401536509225,2
2025-08-13 15:00:00,286.9299573579945,2
2025-08-13 16:00:00,284.0537167123715,2
2025-08-13 17:00:00,269.3926996730058,2
2025-08-13 18:00:00,269.97592763497727,2
2025-08-13 19:00:00,258.7454500612705,2
2025-08-13 20:00:00,252.15386520658518,2
2025-08-13 21:00:00,212.88833493151546,2
2025-08-13 22:00:00,187.45228454984465,2
2025-08-13 23:00:00,189.0198247575197,2
2025-08-14 00:00:00,169.58932882413544,3
2025-08-14 01:00:00,183.60012374613575,3
2025-08-14 02:00:00,195.41575398695244,3
2025-08-14 03:00:00,218.97257919402534,3
2025-08-14 04:00:00,236.25399499131487,3
2025-08-14 05:00:00,271.0141714530751,3
2025-08-14 06:00:00,271.84552616533557,3
2025-08-14 07:00:00,287.7964885699538,3
2025-08-14 08:00:00,297.40013824193784,3
2025-08-14 09:00:00,285.97839662376504,3
2025-08-14 10:00:00,289.4103227658193,3
2025-08-14 11:00:00,279.0813785854987,3
2025-08-14 12:00:00,279.909657674845,3
2025-08-14 13:00:00,262.87540917392295,3
2025-08-14 14:00:00,294.54614995807884,3
2025-08-14 15:00:00,278.97621249644385,3
2025-08-14 16:00:00,284.6811599082636,3
2025-08-14 17:00:00,288.89096446843774,3
2025-08-14 18:00:00,281.0521254163558,3
2025-08-14 19:00:00,262.3085054065034,3
2025-08-14 20:00:00,257.9677170424911,3
2025-08-14 21:00:00,210.25392237826256,3
2025-08-14 22:00:00,186.84998958735622,3
2025-08-14 23:00:00,179.17156815084837,3
2025-08-15 00:00:00,173.5207763850416,4
2025-08-15 01:00:00,176.82991363249852,4
2025-08-15 02:00:00,181.07184671071005,4
2025-08-15 03:00:00,219.88385666851818,4
2025-08-15 04:00:00,220.16066589837754,4
2025-08-15 05:00:00,251.48662151320508,4
2025-08-15 06:00:00,260.33929931252385,4
2025-08-15 07:00:00,293.96097455821524,4
2025-08-15 08:00:00,286.95996476855487,4
2025-08-15 09:00:00,267.70339567307434,4
2025-08-15 10:00:00,281.28887898673275,4
2025-08-15 11:00:00,285.41737459536057,4
2025-08-15 12:00:00,282.08558264746694,4
2025-08-15 13:00:00,268.7433483064612,4
2025-08-15 14:00:00,277.28017268747476,4
2025-08-15 15:00:00,277.80955317842694,4
2025-08-15 16:00:00,291.617944574045,4
2025-08-15 17:00:00,266.51465458485717,4
2025-08-15 18:00:00,264.48627305288795,4
2025-08-15 19:00:00,256.0955973426446,4
2025-08-15 20:00:00,229.53426542409352,4
2025-08-15 21:00:00,219.33813488418545,4
2025-08-15 22:00:00,203.68793329361307,4
2025-08-15 23:00:00,176.34751142814022,4
2025-08-16 00:00:00,132.5784301862635,5
2025-08-16 01:00:00,131.09120324585868,5
2025-08-16 02:00:00,162.00002765777512,5
2025-08-16 03:00:00,179.4529361199487,5
2025-08-16 04:00:00,184.03650400266656,5
2025-08-16 05:00:00,199.76928621917074,5
2025-08-16 06:00:00,227.1090917822712,5
2025-08-16 07:00:00,230.61920537949828,5
2025-08-16 08:00:00,221.97552461686536,5
2025-08-16 09:00:00,231.80507181692644,5
2025-08-16 10:00:00,210.79821951585836,5
2025-08-16 11:00:00,204.2556943625734,5
2025-08-16 12:00:00,220.2574390878885,5
2025-08-16 13:00:00,225.6886335478001,5
2025-08-16 14:00:00,218.754199045802,5
2025-08-16 15:00:00,226.2775429421093,5
2025-08-16 16:00:00,228.1741770721364,5
2025-08-16 17:00:00,224.21524651702578,5
2025-08-16 18:00:00,199.15476424792274,5
2025-08-16 19:00:00,196.6303535056939,5
2025-08-16 20:00:00,183.24987625333384,5
2025-08-16 21:00:00,160.997943764972,5
2025-08-16 22:00:00,154.21027658648538,5
2025-08-16 23:00:00,146.85646854910271,5
2025-08-17 00:00:00,149.9283083291762,6
2025-08-17 01:00:00,134.1619314951276,6
2025-08-17 02:00:00,149.38810229057066,6
2025-08-17 03:00:00,169.08800607537742,6
2025-08-17 04:00:00,188.77406741964847,6
2025-08-17 05:00:00,215.4103733541609,6
2025-08-17 06:00:00,209.01653186900515,6
2025-08-17 07:00:00,223.04710498264862,6
2025-08-17 08:00:00,239.50303930618102,6
2025-08-17 09:00:00,213.9124404567849,6
2025-08-17 10:00:00,216.03013137268445,6
2025-08-17 11:00:00,209.99096628181036,6
2025-08-17 12:00:00,224.30852351653257,6
2025-08-17 13:00:00,219.09187102058357,6
2025-08-17 14:00:00,213.45241648528096,6
2025-08-17 15:00:00,219.76900198996634,6
2025-08-17 16:00:00,231.20566328691888,6
2025-08-17 17:00:00,233.37307327763915,6
2025-08-17 18:00:00,229.1439493688083,6
2025-08-17 19:00:00,202.72794746836163,6
2025-08-17 20:00:00,185.00487287044186,6
2025-08-17 21:00:00,172.2911244329908,6
2025-08-17 22:00:00,145.58815173479826,6
2025-08-17 23:00:00,146.927351077853,6
2025-08-18 00:00:00,175.0828551213071,0
2025-08-18 01:00:00,175.96053797167355,0
2025-08-18 02:00:00,198.46787813699765,0
2025-08-18 03:00:00,213.24750068822323,0
2025-08-18 04:00:00,242.8701220717646,0
2025-08-18 05:00:00,257.0711926877806,0
2025-08-18 06:00:00,274.5883993104294,0
2025-08-18 07:00:00,291.4873658645975,0
2025-08-18 08:00:00,288.150286566869,0
2025-08-18 09:00:00,302.5289559915049,0
2025-08-18 10:00:00,282.9796749350534,0
2025-08-18 11:00:00,289.98666259321595,0
2025-08-18 12:00:00,267.53979836027975,0
2025-08-18 13:00:00,276.7154138183209,0
2025-08-18 14:00:00,272.13592675708185,0
2025-08-18 15:00:00,289.6983951784158,0
2025-08-18 16:00:00,293.8977914708451,0
2025-08-18 17:00:00,275.899484476444,0
2025-08-18 18:00:00,276.53249300670086,0
2025-08-18 19:00:00,265.73238626876395,0
2025-08-18 20:00:00,237.22650298948514,0
2025-08-18 21:00:00,219.94132516839946,0
2025-08-18 22:00:00,192.2967536214616,0
2025-08-18 23:00:00,181.71959753036776,0
2025-08-19 00:00:00,175.35281414404983,1
2025-08-19 01:00:00,173.44902764872825,1
2025-08-19 02:00:00,204.93298105245117,1
2025-08-19 03:00:00,210.37284991860753,1
2025-08-19 04:00:00,248.66268308026162,1
2025-08-19 05:00:00,258.9423008408094,1
2025-08-19 06:00:00,290.8987745232697,1
2025-08-19 07:00:00,294.6778205995798,1
2025-08-19 08:00:00,274.25976578215455,1
2025-08-19 09:00:00,274.92160638860327,1
2025-08-19 10:00:00,280.0594202168656,1
2025-08-19 11:00:00,283.1934274626689,1
2025-08-19 12:00:00,263.2348573276281,1
2025-08-19 13:00:00,262.53776854527223,1
2025-08-19 14:00:00,290.71829732203446,1
2025-08-19 15:00:00,274.1073371036442,1
2025-08-19 16:00:00,293.9604277422417,1
2025-08-19 17:00:00,284.7725351621008,1
2025-08-19 18:00:00,276.59121251833994,1
2025-08-19 19:00:00,256.51044869160273,1
2025-08-19 20:00:00,229.27337734849363,1
2025-08-19 21:00:00,205.0943962556886,1
2025-08-19 22:00:00,198.8687338284775,1
2025-08-19 23:00:00,193.29084483086726,1
2025-08-20 00:00:00,185.16038968288368,2
2025-08-20 01:00:00,192.7265286064188,2
2025-08-20 02:00:00,185.62327008428804,2
2025-08-20 03:00:00,205.56160478988804,2
2025-08-20 04:00:00,230.74738214766091,2
2025-08-20 05:00:00,258.6222455549396,2
2025-08-20 06:00:00,276.9080487104126,2
2025-08-20 07:00:00,286.5153451250185,2
2025-08-20 08:00:00,287.89972919477185,2
2025-08-20 09:00:00,287.04328034255707,2
2025-08-20 10:00:00,285.77921132766573,2
2025-08-20 11:00:00,271.0145807143453,2
2025-08-20 12:00:00,273.8858132548304,2
2025-08-20 13:00:00,285.9675745909196,2
2025-08-20 14:00:00,283.2343341298226,2
2025-08-20 15:00:00,284.8924029884244,2
2025-08-20 16:00:00,274.5269263744559,2
2025-08-20 17:00:00,303.49021674673736,2
2025-08-20 18:00:00,264.8229679076991,2
2025-08-20 19:00:00,238.6168593018858,2
2025-08-20 20:00:00,234.98298057862675,2
2025-08-20 21:00:00,209.85310094866546,2
2025-08-20 22:00:00,194.97322852014787,2
2025-08-20 23:00:00,174.4714287843259,2
2025-08-21 00:00:00,181.39098600400547,3
2025-08-21 01:00:00,169.6424460528348,3
2025-08-21 02:00:00,181.04968598633474,3
2025-08-21 03:00:00,211.04639736328943,3
2025-08-21 04:00:00,226.7853690842357,3
2025-08-21 05:00:00,258.39519129625825,3
2025-08-21 06:00:00,271.50289461782046,3
2025-08-21 07:00:00,296.03090552909913,3
2025-08-21 08:00:00,284.88536641561524,3
2025-08-21 09:00:00,289.21952319366073,3
2025-08-21 10:00:00,290.717705806296,3
2025-08-21 11:00:00,282.4212402956072,3
2025-08-21 12:00:00,269.35361051922877,3
2025-08-21 13:00:00,279.3910746260216,3
2025-08-21 14:00:00,280.35577437882785,3
2025-08-21 15:00:00,291.1061027776791,3
2025-08-21 16:00:00,307.92678022118645,3
2025-08-21 17:00:00,290.1888664555019,3
2025-08-21 18:00:00,275.72895212060513,3
2025-08-21 19:00:00,243.33685820811786,3
2025-08-21 20:00:00,237.2191209669242,3
2025-08-21 21:00:00,219.46105344631832,3
2025-08-21 22:00:00,171.6552644270828,3
2025-08-21 23:00:00,174.36720814803377,3
2025-08-22 00:00:00,160.1152175216643,4
2025-08-22 01:00:00,174.99211277538166,4
2025-08-22 02:00:00,203.4758465077306,4
2025-08-22 03:00:00,213.35766930364497,4
2025-08-22 04:00:00,223.72068513373128,4
2025-08-22 05:00:00,264.88063867756915,4
2025-08-22 06:00:00,254.04526591741072,4
2025-08-22 07:00:00,288.64388217119557,4
2025-08-22 08:00:00,286.36325178883595,4
2025-08-22 09:00:00,282.7633126422888,4
2025-08-22 10:00:00,273.9047980579936,4
2025-08-22 11:00:00,284.8210726185961,4
2025-08-22 12:00:00,267.76708698431776,4
2025-08-22 13:00:00,272.9909706902789,4
2025-08-22 14:00:00,286.16641714259373,4
2025-08-22 15:00:00,296.61749991263997,4
2025-08-22 16:00:00,288.0915237843277,4
2025-08-22 17:00:00,272.8455974630068,4
2025-08-22 18:00:00,279.3379888926746,4
2025-08-22 19:00:00,282.78068475096916,4
2025-08-22 20:00:00,241.79348462093762,4
2025-08-22 21:00:00,200.55451900860442,4
2025-08-22 22:00:00,193.86121015922183,4
2025-08-22 23:00:00,177.3601420075502,4
2025-08-23 00:00:00,141.55570153329236,5
2025-08-23 01:00:00,150.55315934665975,5
2025-08-23 02:00:00,149.39069046796507,5
2025-08-23 03:00:00,171.1026733619909,5
2025-08-23 04:00:00,188.09002331932663,5
2025-08-23 05:00:00,217.13880027896874,5
2025-08-23 06:00:00,216.02404340307692,5
2025-08-23 07:00:00,224.12316199244762,5
2025-08-23 08:00:00,225.223314663178,5
2025-08-23 09:00:00,210.5283909770835,5
2025-08-23 10:00:00,218.50338856284887,5
2025-08-23 11:00:00,221.45230393069235,5
2025-08-23 12:00:00,208.6044131157094,5
2025-08-23 13:00:00,224.00757269399767,5
2025-08-23 14:00:00,217.98245902963504,5
2025-08-23 15:00:00,226.6704443859464,5
2025-08-23 16:00:00,232.78489575107045,5
2025-08-23 17:00:00,209.37598610742327,5
2025-08-23 18:00:00,215.02051320678376,5
2025-08-23 19:00:00,188.8719750297444,5
2025-08-23 20:00:00,196.8856286543395,5
2025-08-23 21:00:00,162.60532287323664,5
2025-08-23 22:00:00,149.719058868251,5
2025-08-23 23:00:00,134.11623449978242,5
2025-08-24 00:00:00,143.95523000233007,6
2025-08-24 01:00:00,135.55096569632357,6
2025-08-24 02:00:00,133.94957848797068,6
2025-08-24 03:00:00,178.13929715391228,6
2025-08-24 04:00:00,177.67000299986353,6
2025-08-24 05:00:00,210.7398803598529,6
2025-08-24 06:00:00,220.74600832871167,6
2025-08-24 07:00:00,223.9489532170103,6
2025-08-24 08:00:00,211.0066943277444,6
2025-08-24 09:00:00,236.49254210643522,6
2025-08-24 10:00:00,221.83359928459168,6
2025-08-24 11:00:00,215.065491269415,6
2025-08-24 12:00:00,217.8457431647722,6
2025-08-24 13:00:00,223.38225708357515,6
2025-08-24 14:00:00,206.48244336431907,6
2025-08-24 15:00:00,217.16602472014685,6
2025-08-24 16:00:00,213.8967512604248,6
2025-08-24 17:00:00,221.0795594756804,6
2025-08-24 18:00:00,217.845110149655,6
2025-08-24 19:00:00,193.7687708979679,6
2025-08-24 20:00:00,185.7471253913899,6
2025-08-24 21:00:00,171.19869513765948,6
2025-08-24 22:00:00,143.093307614357,6
2025-08-24 23:00:00,135.59683056669445,6
2025-08-25 00:00:00,174.07310804583858,0
2025-08-25 01:00:00,154.9910092008414,0
2025-08-25 02:00:00,191.6487285458646,0
2025-08-25 03:00:00,210.38982202967878,0
2025-08-25 04:00:00,225.27477674188106,0
2025-08-25 05:00:00,267.9160049533536,0
2025-08-25 06:00:00,282.7374480991427,0
2025-08-25 07:00:00,286.25018866442474,0
2025-08-25 08:00:00,277.4176425294103,0
2025-08-25 09:00:00,286.62630011863405,0
2025-08-25 10:00:00,279.2154622307629,0
2025-08-25 11:00:00,277.8237554070741,0
2025-08-25 12:00:00,278.4676166090739,0
2025-08-25 13:00:00,275.735678979962,0
2025-08-25 14:00:00,280.06596932517834,0
2025-08-25 15:00:00,285.5402874728462,0
2025-08-25 16:00:00,290.9779122014275,0
2025-08-25 17:00:00,280.1376395691084,0
2025-08-25 18:00:00,281.64136702282786,0
2025-08-25 19:00:00,270.71230523776535,0
2025-08-25 20:00:00,240.52332352195663,0
2025-08-25 21:00:00,217.9259451567678,0
2025-08-25 22:00:00,180.4838902769048,0
2025-08-25 23:00:00,162.45520936872833,0
2025-08-26 00:00:00,178.1248745568312,1
2025-08-26 01:00:00,181.26518525063042,1
2025-08-26 02:00:00,191.65432664954693,1
2025-08-26 03:00:00,203.44036803963778,1
2025-08-26 04:00:00,222.49963686654735,1
2025-08-26 05:00:00,263.4870528523271,1
2025-08-26 06:00:00,270.9124298040906,1
2025-08-26 07:00:00,301.7468160090152,1
2025-08-26 08:00:00,286.4984502064926,1
2025-08-26 09:00:00,295.6206440307878,1
2025-08-26 10:00:00,282.588639478846,1
2025-08-26 11:00:00,268.37734950087577,1
2025-08-26 12:00:00,279.8772535896817,1
2025-08-26 13:00:00,293.68433259820006,1
2025-08-26 14:00:00,283.8651764190721,1
2025-08-26 15:00:00,289.3184724766374,1
2025-08-26 16:00:00,287.7780752144073,1
2025-08-26 17:00:00,281.7685704611023,1
2025-08-26 18:00:00,270.1490035251306,1
2025-08-26 19:00:00,265.18383217848066,1
2025-08-26 20:00:00,240.83228017662904,1
2025-08-26 21:00:00,217.3643876377041,1
2025-08-26 22:00:00,201.32328870603445,1
2025-08-26 23:00:00,181.33621447713455,1
2025-08-27 00:00:00,153.97482754948172,2
2025-08-27 01:00:00,177.2645595218577,2
2025-08-27 02:00:00,190.20900385407307,2
2025-08-27 03:00:00,211.69381231941244,2
2025-08-27 04:00:00,241.89106867552425,2
2025-08-27 05:00:00,250.22448863239345,2
2025-08-27 06:00:00,271.249690786277,2
2025-08-27 07:00:00,285.2693323411142,2
2025-08-27 08:00:00,276.8908768389354,2
2025-08-27 09:00:00,285.5802829099925,2
2025-08-27 10:00:00,281.2667787888052,2
2025-08-27 11:00:00,288.3263113039854,2
2025-08-27 12:00:00,281.9207866816649,2
2025-08-27 13:00:00,287.93393137829213,2
2025-08-27 14:00:00,263.25428774103125,2
2025-08-27 15:00:00,287.52145856149974,2
2025-08-27 16:00:00,304.90581528509034,2
2025-08-27 17:00:00,291.6388737806963,2
2025-08-27 18:00:00,274.0885190589119,2
2025-08-27 19:00:00,262.05124927660887,2
2025-08-27 20:00:00,251.13925830422207,2
2025-08-27 21:00:00,219.79588352803705,2
2025-08-27 22:00:00,186.6923490674044,2
2025-08-27 23:00:00,177.46732015959918,2
2025-08-28 00:00:00,165.59306784039717,3
2025-08-28 01:00:00,174.02822015685624,3
2025-08-28 02:00:00,199.98358741725423,3
2025-08-28 03:00:00,228.5301018078329,3
2025-08-28 04:00:00,242.81400740916192,3
2025-08-28 05:00:00,262.26615347350815,3
2025-08-28 06:00:00,269.9350724952854,3
2025-08-28 07:00:00,288.522742140436,3
2025-08-28 08:00:00,270.2240050080218,3
2025-08-28 09:00:00,293.5075776718104,3
2025-08-28 10:00:00,279.6914803229032,3
2025-08-28 11:00:00,271.5601059806476,3
2025-08-28 12:00:00,263.03232488021445,3
2025-08-28 13:00:00,262.59928297031166,3
2025-08-28 14:00:00,270.8732493123595,3
2025-08-28 15:00:00,285.24311566629785,3
2025-08-28 16:00:00,276.8926554867053,3
2025-08-28 17:00:00,277.9007517329135,3
2025-08-28 18:00:00,272.58964389437494,3
2025-08-28 19:00:00,259.34848678701525,3
2025-08-28 20:00:00,255.44261223957628,3
2025-08-28 21:00:00,196.82214665070762,3
2025-08-28 22:00:00,202.4450478488995,3
2025-08-28 23:00:00,196.1754573895733,3
2025-08-29 00:00:00,168.19398282778528,4
2025-08-29 01:00:00,181.10752778798877,4
2025-08-29 02:00:00,187.5182102245825,4
2025-08-29 03:00:00,199.8241077997357,4
2025-08-29 04:00:00,240.45147439190325,4
2025-08-29 05:00:00,249.22536388749248,4
2025-08-29 06:00:00,271.9692135362165,4
2025-08-29 07:00:00,291.12678418543186,4
2025-08-29 08:00:00,279.22128577662636,4
2025-08-29 09:00:00,280.48265877838315,4
2025-08-29 10:00:00,272.99597702255664,4
2025-08-29 11:00:00,270.4562654012442,4
2025-08-29 12:00:00,272.32748918787,4
2025-08-29 13:00:00,277.6997612909421,4
2025-08-29 14:00:00,284.3074664178048,4
2025-08-29 15:00:00,284.30829471998953,4
2025-08-29 16:00:00,297.48440749182646,4
2025-08-29 17:00:00,278.25845647059526,4
2025-08-29 18:00:00,267.172942003757,4
2025-08-29 19:00:00,257.701031967084,4
2025-08-29 20:00:00,243.62263467995248,4
2025-08-29 21:00:00,210.2439573867884,4
2025-08-29 22:00:00,184.7863146392701,4
2025-08-29 23:00:00,176.92680575168944,4
2025-08-30 00:00:00,135.45502036536354,5
2025-08-30 01:00:00,150.494109580249,5
2025-08-30 02:00:00,150.863113950504,5
2025-08-30 03:00:00,164.85603505972554,5
2025-08-30 04:00:00,190.2870040659726,5
2025-08-30 05:00:00,195.3174029173568,5
2025-08-30 06:00:00,207.51183645809468,5
2025-08-30 07:00:00,226.48991894417878,5
2025-08-30 08:00:00,227.48108328326984,5
2025-08-30 09:00:00,226.81724265145388,5
2025-08-30 10:00:00,228.09584483488794,5
2025-08-30 11:00:00,224.41858174607947,5
2025-08-30 12:00:00,209.72292295532154,5
2025-08-30 13:00:00,205.1162536203494,5
2025-08-30 14:00:00,227.25798671279946,5
2025-08-30 15:00:00,229.9750462553719,5
2025-08-30 16:00:00,221.5556936193421,5
2025-08-30 17:00:00,217.7860737911622,5
2025-08-30 18:00:00,209.14897219923128,5
2025-08-30 19:00:00,196.65300023222616,5
2025-08-30 20:00:00,184.82529956353187,5
2025-08-30 21:00:00,166.86432939511863,5
2025-08-30 22:00:00,147.729565873144,5
2025-08-30 23:00:00,135.80128726940575,5
2025-08-31 00:00:00,133.50755414712566,6
2025-08-31 01:00:00,139.36107306997147,6
2025-08-31 02:00:00,161.63558959090582,6
2025-08-31 03:00:00,173.18033821916032,6
2025-08-31 04:00:00,185.78312310581825,6
2025-08-31 05:00:00,201.3081437580279,6
2025-08-31 06:00:00,213.63369264090932,6
2025-08-31 07:00:00,224.8937639433701,6
2025-08-31 08:00:00,210.6642852583705,6
2025-08-31 09:00:00,213.8840349903791,6
2025-08-31 10:00:00,220.3897332191653,6
2025-08-31 11:00:00,221.4283666812519,6
2025-08-31 12:00:00,215.0908050898077,6
2025-08-31 13:00:00,197.82306762630446,6
2025-08-31 14:00:00,221.2925255816796,6
2025-08-31 15:00:00,225.3061125877844,6
2025-08-31 16:00:00,205.56373659954872,6
2025-08-31 17:00:00,214.4376455623484,6
2025-08-31 18:00:00,204.7492628391226,6
2025-08-31 19:00:00,208.85566123468644,6
2025-08-31 20:00:00,189.51985551118992,6
2025-08-31 21:00:00,177.1788132456922,6
2025-08-31 22:00:00,150.29935519653552,6
2025-08-31 23:00:00,157.10970698233655,6
2025-09-01 00:00:00,185.93955540974252,0
2025-09-01 01:00:00,185.95603623829032,0
2025-09-01 02:00:00,194.8340710948889,0
2025-09-01 03:00:00,226.03322817489513,0
2025-09-01 04:00:00,231.66817659873038,0
2025-09-01 05:00:00,262.33449278033765,0
2025-09-01 06:00:00,280.85481911077966,0
2025-09-01 07:00:00,282.0320547975779,0
2025-09-01 08:00:00,284.5819347726787,0
2025-09-01 09:00:00,288.5661504955494,0
2025-09-01 10:00:00,269.926115853717,0
2025-09-01 11:00:00,285.9329620378185,0
2025-09-01 12:00:00,272.30252080626394,0
2025-09-01 13:00:00,273.6762083006403,0
2025-09-01 14:00:00,294.5222120497379,0
2025-09-01 15:00:00,272.74109516028204,0
2025-09-01 16:00:00,292.72859616853077,0
2025-09-01 17:00:00,287.2650882410916,0
2025-09-01 18:00:00,280.43231398739096,0
2025-09-01 19:00:00,259.9600983183762,0
2025-09-01 20:00:00,237.40968019500392,0
2025-09-01 21:00:00,220.2147773360331,0
2025-09-01 22:00:00,203.83699370918885,0
2025-09-01 23:00:00,178.92315548109048,0
2025-09-02 00:00:00,168.31503317521603,1
2025-09-02 01:00:00,181.51544862220626,1
2025-09-02 02:00:00,193.893616290099,1
2025-09-02 03:00:00,218.5280243388166,1
2025-09-02 04:00:00,232.46784246918588,1
2025-09-02 05:00:00,265.8698637124569,1
2025-09-02 06:00:00,274.9403989033427,1
2025-09-02 07:00:00,288.84525075702265,1
2025-09-02 08:00:00,284.0268087208959,1
2025-09-02 09:00:00,287.57437126470813,1
2025-09-02 10:00:00,275.90339548126974,1
2025-09-02 11:00:00,285.91321781889184,1
2025-09-02 12:00:00,263.2701028234841,1
2025-09-02 13:00:00,275.060063875159,1
2025-09-02 14:00:00,282.32937119847287,1
2025-09-02 15:00:00,291.2971703207013,1
2025-09-02 16:00:00,283.89784545982764,1
2025-09-02 17:00:00,286.6434575564238,1
2025-09-02 18:00:00,279.2561042407261,1
2025-09-02 19:00:00,262.40255742154017,1
2025-09-02 20:00:00,236.96092625113835,1
2025-09-02 21:00:00,223.42992712000532,1
2025-09-02 22:00:00,196.55527382107317,1
2025-09-02 23:00:00,174.38432201624752,1
2025-09-03 00:00:00,178.4722043019623,2
2025-09-03 01:00:00,174.92111266339862,2
2025-09-03 02:00:00,183.12075781764702,2
2025-09-03 03:00:00,217.5079450975767,2
2025-09-03 04:00:00,229.92448757747306,2
2025-09-03 05:00:00,256.70168483653794,2
2025-09-03 06:00:00,270.3924360451046,2
2025-09-03 07:00:00,294.092191034689,2
2025-09-03 08:00:00,292.6604815416482,2
2025-09-03 09:00:00,290.91229336964716,2
2025-09-03 10:00:00,276.82953591560283,2
2025-09-03 11:00:00,259.21649610182334,2
2025-09-03 12:00:00,276.85539578174865,2
2025-09-03 13:00:00,292.64457424991144,2
2025-09-03 14:00:00,292.4071142552633,2
2025-09-03 15:00:00,280.3377995403888,2
2025-09-03 16:00:00,283.28925522629737,2
2025-09-03 17:00:00,279.196334680006,2
2025-09-03 18:00:00,259.9230309754945,2
2025-09-03 19:00:00,262.6720358347397,2
2025-09-03 20:00:00,237.89268115332362,2
2025-09-03 21:00:00,224.84650048755591,2
2025-09-03 22:00:00,203.5467577458371,2
2025-09-03 23:00:00,187.03261977056877,2
2025-09-04 00:00:00,154.80183098452991,3
2025-09-04 01:00:00,180.5909773965014,3
2025-09-04 02:00:00,197.16366130167657,3
2025-09-04 03:00:00,223.33773594361264,3
2025-09-04 04:00:00,235.65569154412825,3
2025-09-04 05:00:00,262.0581240124298,3
2025-09-04 06:00:00,269.1285335739982,3
2025-09-04 07:00:00,275.5804253671404,3
2025-09-04 08:00:00,303.35791157848604,3
2025-09-04 09:00:00,278.83144108028335,3
2025-09-04 10:00:00,279.4429479380786,3
2025-09-04 11:00:00,276.364555305824,3
2025-09-04 12:00:00,280.144390410096,3
2025-09-04 13:00:00,283.89857601705216,3
2025-09-04 14:00:00,278.4780683455139,3
2025-09-04 15:00:00,289.0825031883555,3
2025-09-04 16:00:00,267.1442114736945,3
2025-09-04 17:00:00,287.1360921767822,3
2025-09-04 18:00:00,262.9356542756142,3
2025-09-04 19:00:00,261.75431277354113,3
2025-09-04 20:00:00,224.30980597781002,3
2025-09-04 21:00:00,202.6303511029072,3
2025-09-04 22:00:00,194.00107581524873,3
2025-09-04 23:00:00,184.64736526850797,3
2025-09-05 00:00:00,176.3342058510558,4
2025-09-05 01:00:00,180.6900741022353,4
2025-09-05 02:00:00,190.59219191204292,4
2025-09-05 03:00:00,212.73608450003667,4
2025-09-05 04:00:00,228.5504482872716,4
2025-09-05 05:00:00,257.26494393572557,4
2025-09-05 06:00:00,277.13044663296756,4
2025-09-05 07:00:00,291.4909928791024,4
2025-09-05 08:00:00,297.26451482609514,4
2025-09-05 09:00:00,279.8334346975738,4
2025-09-05 10:00:00,274.7144875038438,4
2025-09-05 11:00:00,270.1589530806286,4
2025-09-05 12:00:00,269.27970051010675,4
2025-09-05 13:00:00,268.99922546360926,4
2025-09-05 14:00:00,279.8323592377292,4
2025-09-05 15:00:00,290.32894778087405,4
2025-09-05 16:00:00,287.53566900906884,4
2025-09-05 17:00:00,276.01666378164765,4
2025-09-05 18:00:00,289.6202379254101,4
2025-09-05 19:00:00,258.6206125904698,4
2025-09-05 20:00:00,232.4243251258059,4
2025-09-05 21:00:00,217.70580409820576,4
2025-09-05 22:00:00,218.63248104913157,4
2025-09-05 23:00:00,180.17730098048995,4
2025-09-06 00:00:00,134.44574619111958,5
2025-09-06 01:00:00,137.42841414887337,5
2025-09-06 02:00:00,164.44441358936484,5
2025-09-06 03:00:00,159.38689319811405,5
2025-09-06 04:00:00,180.06181743667034,5
2025-09-06 05:00:00,199.23162025214762,5
2025-09-06 06:00:00,212.0157477504256,5
2025-09-06 07:00:00,215.71741080547972,5
2025-09-06 08:00:00,227.14732489119416,5
2025-09-06 09:00:00,205.38582323778994,5
2025-09-06 10:00:00,228.81066087408263,5
2025-09-06 11:00:00,210.42262570145706,5
2025-09-06 12:00:00,204.96264440576698,5
2025-09-06 13:00:00,212.11302618208887,5
2025-09-06 14:00:00,215.45940498330066,5
2025-09-06 15:00:00,223.39198479152236,5
2025-09-06 16:00:00,219.95819007034618,5
2025-09-06 17:00:00,224.7241103322472,5
2025-09-06 18:00:00,210.20689941251752,5
2025-09-06 19:00:00,204.83756826618497,5
2025-09-06 20:00:00,180.05800219231884,5
2025-09-06 21:00:00,163.07241869717282,5
2025-09-06 22:00:00,153.82996073752827,5
2025-09-06 23:00:00,144.19783477247663,5
2025-09-07 00:00:00,138.59238939064966,6
2025-09-07 01:00:00,132.65278193129097,6
2025-09-07 02:00:00,149.76149017461833,6
2025-09-07 03:00:00,157.68628595275086,6
2025-09-07 04:00:00,186.1727479797874,6
2025-09-07 05:00:00,193.3788137002147,6
2025-09-07 06:00:00,209.81772391430044,6
2025-09-07 07:00:00,224.322131855914,6
2025-09-07 08:00:00,220.81502407434326,6
2025-09-07 09:00:00,220.49369699996,6
2025-09-07 10:00:00,222.8143439148031,6
2025-09-07 11:00:00,228.28449276060854,6
2025-09-07 12:00:00,199.99989553534505,6
2025-09-07 13:00:00,228.33271842130026,6
2025-09-07 14:00:00,220.63264091215592,6
2025-09-07 15:00:00,219.50849437536758,6
2025-09-07 16:00:00,211.56602871998797,6
2025-09-07 17:00:00,232.01522202514641,6
2025-09-07 18:00:00,206.74448593845906,6
2025-09-07 19:00:00,202.5548464885624,6
2025-09-07 20:00:00,182.49700848456922,6
2025-09-07 21:00:00,162.5833811522929,6
2025-09-07 22:00:00,141.62603525191253,6
2025-09-07 23:00:00,143.77299728577685,6
2025-09-08 00:00:00,174.4888990164012,0
2025-09-08 01:00:00,172.97636671675053,0
2025-09-08 02:00:00,200.08020245563455,0
2025-09-08 03:00:00,212.12681943427333,0
2025-09-08 04:00:00,250.44390004245255,0
2025-09-08 05:00:00,268.4065607259074,0
2025-09-08 06:00:00,272.5276187381377,0
2025-09-08 07:00:00,287.3431282653162,0
2025-09-08 08:00:00,292.10954494208346,0
2025-09-08 09:00:00,284.2428686507994,0
2025-09-08 10:00:00,277.3150268865884,0
2025-09-08 11:00:00,287.50433994879086,0
2025-09-08 12:00:00,273.17798640293506,0
2025-09-08 13:00:00,269.78269881799986,0
2025-09-08 14:00:00,269.4202056961292,0
2025-09-08 15:00:00,281.66933902525005,0
2025-09-08 16:00:00,295.81602909020086,0
2025-09-08 17:00:00,271.5707349196511,0
2025-09-08 18:00:00,282.8657202775899,0
2025-09-08 19:00:00,256.1750537440171,0
2025-09-08 20:00:00,230.14126253879405,0
2025-09-08 21:00:00,213.45763707084654,0
2025-09-08 22:00:00,189.39190275486612,0
2025-09-08 23:00:00,176.49283592654592,0
2025-09-09 00:00:00,166.4530759244137,1
2025-09-09 01:00:00,183.4846713943578,1
2025-09-09 02:00:00,185.49854431082488,1
2025-09-09 03:00:00,206.59852655024952,1
2025-09-09 04:00:00,243.9793235690909,1
2025-09-09 05:00:00,258.3896129312863,1
2025-09-09 06:00:00,280.2962284028276,1
2025-09-09 07:00:00,284.05908202909797,1
2025-09-09 08:00:00,287.67671818480164,1
2025-09-09 09:00:00,282.65832477209483,1
2025-09-09 10:00:00,285.99433760044934,1
2025-09-09 11:00:00,280.5777269439257,1
2025-09-09 12:00:00,278.41891015606797,1
2025-09-09 13:00:00,282.0012599358045,1
2025-09-09 14:00:00,292.9381127711769,1
2025-09-09 15:00:00,288.34082538982545,1
2025-09-09 16:00:00,285.5456027871257,1
2025-09-09 17:00:00,278.90567464291433,1
2025-09-09 18:00:00,290.2282310684691,1
2025-09-09 19:00:00,262.4505708117087,1
2025-09-09 20:00:00,245.61770676178048,1
2025-09-09 21:00:00,231.86472566684472,1
2025-09-09 22:00:00,199.29099423544628,1
2025-09-09 23:00:00,169.1791949450763,1
2025-09-10 00:00:00,171.67723600838724,2
2025-09-10 01:00:00,172.59787179440812,2
2025-09-10 02:00:00,197.53083185556872,2
2025-09-10 03:00:00,215.15767752097233,2
2025-09-10 04:00:00,234.87649354415814,2
2025-09-10 05:00:00,250.43141780123614,2
2025-09-10 06:00:00,274.5170370045053,2
2025-09-10 07:00:00,300.0821348308164,2
2025-09-10 08:00:00,294.83286493215536,2
2025-09-10 09:00:00,275.8037539300829,2
2025-09-10 10:00:00,295.6106903551471,2
2025-09-10 11:00:00,268.6474519800865,2
2025-09-10 12:00:00,275.41475202556467,2
2025-09-10 13:00:00,271.34362970061227,2
2025-09-10 14:00:00,281.9909636976526,2
2025-09-10 15:00:00,294.1764671146227,2
2025-09-10 16:00:00,281.3275684957808,2
2025-09-10 17:00:00,271.8174968931697,2
2025-09-10 18:00:00,269.9745649904454,2
2025-09-10 19:00:00,266.4812366366951,2
2025-09-10 20:00:00,225.51630255164457,2
2025-09-10 21:00:00,212.95680500807626,2
2025-09-10 22:00:00,187.49414821776122,2
2025-09-10 23:00:00,168.163734208492,2
2025-09-11 00:00:00,186.42710307169148,3
2025-09-11 01:00:00,174.84706231747086,3
2025-09-11 02:00:00,202.27451525218356,3
2025-09-11 03:00:00,216.84501984901723,3
2025-09-11 04:00:00,231.76628288063887,3
2025-09-11 05:00:00,258.9906415189765,3
2025-09-11 06:00:00,277.032532803426,3
2025-09-11 07:00:00,293.9575870618058,3
2025-09-11 08:00:00,288.7994488040125,3
2025-09-11 09:00:00,278.500448351048,3
2025-09-11 10:00:00,300.73466936921375,3
2025-09-11 11:00:00,278.75203814001145,3
2025-09-11 12:00:00,269.1197592224057,3
2025-09-11 13:00:00,292.31518655444194,3
2025-09-11 14:00:00,287.53619385928926,3
2025-09-11 15:00:00,280.9373330428546,3
2025-09-11 16:00:00,293.0455871911024,3
2025-09-11 17:00:00,282.0084664801946,3
2025-09-11 18:00:00,271.0041138005108,3
2025-09-11 19:00:00,259.47920703099885,3
2025-09-11 20:00:00,228.2868614407416,3
2025-09-11 21:00:00,207.5676085386405,3
2025-09-11 22:00:00,207.02300448333236,3
2025-09-11 23:00:00,171.6147769501907,3
2025-09-12 00:00:00,172.14389728537856,4
2025-09-12 01:00:00,174.0973701979364,4
2025-09-12 02:00:00,196.85358914074084,4
2025-09-12 03:00:00,207.724546154109,4
2025-09-12 04:00:00,236.6685669579847,4
2025-09-12 05:00:00,254.3820074401139,4
2025-09-12 06:00:00,283.35221061869436,4
2025-09-12 07:00:00,280.3280639586845,4
2025-09-12 08:00:00,275.2949703518242,4
2025-09-12 09:00:00,289.14293745059643,4
2025-09-12 10:00:00,274.1851689468905,4
2025-09-12 11:00:00,269.53319959960567,4
2025-09-12 12:00:00,290.1140299618031,4
2025-09-12 13:00:00,279.0963079578431,4
2025-09-12 14:00:00,266.8588075326338,4
2025-09-12 15:00:00,289.8654683711186,4
2025-09-12 16:00:00,291.2773195015282,4
2025-09-12 17:00:00,283.9996772845106,4
2025-09-12 18:00:00,280.60347680302414,4
2025-09-12 19:00:00,250.09779217361697,4
2025-09-12 20:00:00,248.26678130581823,4
2025-09-12 21:00:00,223.58525598419308,4
2025-09-12 22:00:00,189.83333123175873,4
2025-09-12 23:00:00,176.8399954410361,4
2025-09-13 00:00:00,146.63408984699555,5
2025-09-13 01:00:00,136.01423924267223,5
2025-09-13 02:00:00,152.43482032466522,5
2025-09-13 03:00:00,169.67772049018092,5
2025-09-13 04:00:00,175.40626272711182,5
2025-09-13 05:00:00,191.2723426482219,5
2025-09-13 06:00:00,220.45191959767814,5
2025-09-13 07:00:00,226.0702838110678,5
2025-09-13 08:00:00,231.9836934288163,5
2025-09-13 09:00:00,226.99658115657417,5
2025-09-13 10:00:00,216.39521434172997,5
2025-09-13 11:00:00,216.68690498843372,5
2025-09-13 12:00:00,207.41515073300684,5
2025-09-13 13:00:00,222.37740534660253,5
2025-09-13 14:00:00,223.63762438168376,5
2025-09-13 15:00:00,218.09158828646125,5
2025-09-13 16:00:00,224.63158208756116,5
2025-09-13 17:00:00,224.37688219489866,5
2025-09-13 18:00:00,216.25692987274522,5
2025-09-13 19:00:00,215.65765218103866,5
2025-09-13 20:00:00,187.04103057318454,5
2025-09-13 21:00:00,178.6182927728449,5
2025-09-13 22:00:00,140.3842538750198,5
2025-09-13 23:00:00,139.80210105317374,5
2025-09-14 00:00:00,136.8017610055383,6
2025-09-14 01:00:00,143.70397049157037,6
2025-09-14 02:00:00,159.8278440938686,6
2025-09-14 03:00:00,174.20103452135095,6
2025-09-14 04:00:00,200.6781290012029,6
2025-09-14 05:00:00,193.00711268918437,6
2025-09-14 06:00:00,220.84118701756333,6
2025-09-14 07:00:00,215.0378162524039,6
2025-09-14 08:00:00,229.26987667267457,6
2025-09-14 09:00:00,222.162497953034,6
2025-09-14 10:00:00,217.00996227267103,6
2025-09-14 11:00:00,222.49544215933233,6
2025-09-14 12:00:00,203.78769312525407,6
2025-09-14 13:00:00,212.98376569713685,6
2025-09-14 14:00:00,213.9400804022665,6
2025-09-14 15:00:00,239.65250974388886,6
2025-09-14 16:00:00,221.24815469562859,6
2025-09-14 17:00:00,223.79044697117888,6
2025-09-14 18:00:00,222.75432229613224,6
2025-09-14 19:00:00,195.4430522979956,6
2025-09-14 20:00:00,196.88240013560548,6
2025-09-14 21:00:00,156.96691243532612,6
2025-09-14 22:00:00,151.1154030694341,6
2025-09-14 23:00:00,142.3199393112834,6
2025-09-15 00:00:00,161.75626915189426,0
2025-09-15 01:00:00,180.63052531337937,0
2025-09-15 02:00:00,197.20991371607946,0
2025-09-15 03:00:00,215.03274141215113,0
2025-09-15 04:00:00,245.99472205797633,0
2025-09-15 05:00:00,257.50704756618956,0
2025-09-15 06:00:00,288.4465034980788,0
2025-09-15 07:00:00,289.2923874852234,0
2025-09-15 08:00:00,293.55179739650356,0
2025-09-15 09:00:00,290.7723935641339,0
2025-09-15 10:00:00,276.357567991055,0
2025-09-15 11:00:00,286.3057938070259,0
2025-09-15 12:00:00,266.0932395251411,0
2025-09-15 13:00:00,284.393726098091,0
2025-09-15 14:00:00,287.5272557073478,0
2025-09-15 15:00:00,287.43421090843225,0
2025-09-15 16:00:00,276.3705340541947,0
2025-09-15 17:00:00,284.34774741088665,0
2025-09-15 18:00:00,261.7521216469249,0
2025-09-15 19:00:00,259.8247309281409,0
2025-09-15 20:00:00,244.2614487190806,0
2025-09-15 21:00:00,210.24880397062967,0
2025-09-15 22:00:00,205.13295889119578,0
2025-09-15 23:00:00,182.6910866397851,0
2025-09-16 00:00:00,178.88363491486953,1
2025-09-16 01:00:00,193.39724722302984,1
2025-09-16 02:00:00,188.1917955611638,1
2025-09-16 03:00:00,211.43212421848506,1
2025-09-16 04:00:00,238.30624124066196,1
2025-09-16 05:00:00,269.0041426749697,1
2025-09-16 06:00:00,283.5930376250558,1
2025-09-16 07:00:00,280.7747460091069,1
2025-09-16 08:00:00,284.59429767104814,1
2025-09-16 09:00:00,290.1754249453011,1
2025-09-16 10:00:00,289.4143234957003,1
2025-09-16 11:00:00,268.4833510897472,1
2025-09-16 12:00:00,274.7905819898742,1
2025-09-16 13:00:00,276.0525810247354,1
2025-09-16 14:00:00,274.51436231377625,1
2025-09-16 15:00:00,289.3591839649401,1
2025-09-16 16:00:00,272.97941246233216,1
2025-09-16 17:00:00,282.3568854721588,1
2025-09-16 18:00:00,272.3481935417917,1
2025-09-16 19:00:00,254.755581537749,1
2025-09-16 20:00:00,244.8530961543174,1
2025-09-16 21:00:00,203.8697318151061,1
2025-09-16 22:00:00,201.5890229347107,1
2025-09-16 23:00:00,178.1803090327626,1
2025-09-17 00:00:00,171.7575433673576,2
2025-09-17 01:00:00,186.45347362809778,2
2025-09-17 02:00:00,180.5684342360072,2
2025-09-17 03:00:00,204.58144609296158,2
2025-09-17 04:00:00,228.1602168531105,2
2025-09-17 05:00:00,268.03304245874125,2
2025-09-17 06:00:00,271.28358213717445,2
2025-09-17 07:00:00,276.05092893138834,2
2025-09-17 08:00:00,291.23803621660045,2
2025-09-17 09:00:00,287.7750414867819,2
2025-09-17 10:00:00,263.59627867477656,2
2025-09-17 11:00:00,276.2340606413255,2
2025-09-17 12:00:00,280.3144823251657,2
2025-09-17 13:00:00,290.75892353556213,2
2025-09-17 14:00:00,268.0277377375465,2
2025-09-17 15:00:00,290.091793443496,2
2025-09-17 16:00:00,286.84091008894984,2
2025-09-17 17:00:00,278.41927787534104,2
2025-09-17 18:00:00,286.8509479030018,2
2025-09-17 19:00:00,260.0615724514625,2
2025-09-17 20:00:00,231.79906995199275,2
2025-09-17 21:00:00,216.9814340340754,2
2025-09-17 22:00:00,191.57051155001102,2
2025-09-17 23:00:00,179.1018952950667,2
2025-09-18 00:00:00,167.1246764109744,3
2025-09-18 01:00:00,185.44753406464895,3
2025-09-18 02:00:00,191.0987223545727,3
2025-09-18 03:00:00,205.4807013763958,3
2025-09-18 04:00:00,217.54354877624448,3
2025-09-18 05:00:00,256.7974796908263,3
2025-09-18 06:00:00,276.69249574034046,3
2025-09-18 07:00:00,283.31002236292017,3
2025-09-18 08:00:00,277.8422390374392,3
2025-09-18 09:00:00,280.54926482023,3
2025-09-18 10:00:00,280.3615733535819,3
2025-09-18 11:00:00,276.6140383678339,3
2025-09-18 12:00:00,275.77981785763035,3
2025-09-18 13:00:00,273.1774526455594,3
2025-09-18 14:00:00,287.0937272121403,3
2025-09-18 15:00:00,293.1889699384286,3
2025-09-18 16:00:00,289.96509479104066,3
2025-09-18 17:00:00,277.65900657538606,3
2025-09-18 18:00:00,273.6385845771267,3
2025-09-18 19:00:00,252.9123265912329,3
2025-09-18 20:00:00,236.67562451830713,3
2025-09-18 21:00:00,199.24541869731502,3
2025-09-18 22:00:00,211.7966225135842,3
2025-09-18 23:00:00,186.54253384400175,3
2025-09-19 00:00:00,181.76727380937913,4
2025-09-19 01:00:00,191.4068592583753,4
2025-09-19 02:00:00,196.46677586360315,4
2025-09-19 03:00:00,217.121395609024,4
2025-09-19 04:00:00,241.0700996179776,4
2025-09-19 05:00:00,262.5778161251306,4
2025-09-19 06:00:00,274.59143423166535,4
2025-09-19 07:00:00,294.5253796116411,4
2025-09-19 08:00:00,294.99691407167063,4
2025-09-19 09:00:00,282.419636400502,4
2025-09-19 10:00:00,283.7460257673348,4
2025-09-19 11:00:00,270.6125098590691,4
2025-09-19 12:00:00,267.5800804274253,4
2025-09-19 13:00:00,281.4946838788468,4
2025-09-19 14:00:00,281.6364693839655,4
2025-09-19 15:00:00,293.04072647197694,4
2025-09-19 16:00:00,290.0889208532796,4
2025-09-19 17:00:00,285.24009983385696,4
2025-09-19 18:00:00,289.35804930328106,4
2025-09-19 19:00:00,252.859125301399,4
2025-09-19 20:00:00,241.82639782696015,4
2025-09-19 21:00:00,213.92954279270984,4
2025-09-19 22:00:00,194.42396151207055,4
2025-09-19 23:00:00,178.51346935248625,4
2025-09-20 00:00:00,152.54091341668618,5
2025-09-20 01:00:00,137.8149031670425,5
2025-09-20 02:00:00,140.36574956285276,5
2025-09-20 03:00:00,164.7549793357884,5
2025-09-20 04:00:00,186.07735008658102,5
2025-09-20 05:00:00,213.01098331311482,5
2025-09-20 06:00:00,212.33904046731325,5
2025-09-20 07:00:00,224.27478140665238,5
2025-09-20 08:00:00,225.2792087302856,5
2025-09-20 09:00:00,226.61899860534606,5
2025-09-20 10:00:00,208.82557965276544,5
2025-09-20 11:00:00,222.68832527173163,5
2025-09-20 12:00:00,205.7434086285582,5
2025-09-20 13:00:00,211.64513870815514,5
2025-09-20 14:00:00,237.6328583356197,5
2025-09-20 15:00:00,224.02763853864263,5
2025-09-20 16:00:00,218.56989366855032,5
2025-09-20 17:00:00,232.8261214993954,5
2025-09-20 18:00:00,208.3719807341087,5
2025-09-20 19:00:00,205.0206980033169,5
2025-09-20 20:00:00,194.90085251976234,5
2025-09-20 21:00:00,178.34673661621528,5
2025-09-20 22:00:00,144.02860160109375,5
2025-09-20 23:00:00,144.45523041963625,5
2025-09-21 00:00:00,130.0194632615665,6
2025-09-21 01:00:00,142.99249698488538,6
2025-09-21 02:00:00,153.2322394739798,6
2025-09-21 03:00:00,151.26679716623983,6
2025-09-21 04:00:00,183.23954908621323,6
2025-09-21 05:00:00,201.61799466282542,6
2025-09-21 06:00:00,209.6928441615811,6
2025-09-21 07:00:00,222.78582069235333,6
2025-09-21 08:00:00,234.82282504816476,6
2025-09-21 09:00:00,224.16641410128594,6
2025-09-21 10:00:00,214.42367889842666,6
2025-09-21 11:00:00,203.53347940613608,6
2025-09-21 12:00:00,210.83713827434033,6
2025-09-21 13:00:00,221.81594561160318,6
2025-09-21 14:00:00,223.01286500635348,6
2025-09-21 15:00:00,238.5659247298833,6
2025-09-21 16:00:00,233.25907303761855,6
2025-09-21 17:00:00,228.93755694836955,6
2025-09-21 18:00:00,204.30946326899206,6
2025-09-21 19:00:00,207.67294967694568,6
2025-09-21 20:00:00,184.64614348726434,6
2025-09-21 21:00:00,170.98129266290078,6
2025-09-21 22:00:00,156.41671925760295,6
2025-09-21 23:00:00,136.33603530957836,6
2025-09-22 00:00:00,182.6114606784214,0
2025-09-22 01:00:00,176.1720725809273,0
2025-09-22 02:00:00,190.211920671217,0
2025-09-22 03:00:00,221.38376763924208,0
2025-09-22 04:00:00,244.54151407816312,0
2025-09-22 05:00:00,257.3282413893665,0
2025-09-22 06:00:00,274.3869325707298,0
2025-09-22 07:00:00,292.19858002024216,0
2025-09-22 08:00:00,281.33901886285963,0
2025-09-22 09:00:00,285.45641760154973,0
2025-09-22 10:00:00,277.7201801741686,0
2025-09-22 11:00:00,276.4354067662339,0
2025-09-22 12:00:00,285.90256382325197,0
2025-09-22 13:00:00,274.38753385499496,0
2025-09-22 14:00:00,274.35920859971867,0
2025-09-22 15:00:00,279.1254840325891,0
2025-09-22 16:00:00,273.6077276530721,0
2025-09-22 17:00:00,307.8498822977261,0
2025-09-22 18:00:00,265.007025833271,0
2025-09-22 19:00:00,267.91480593636965,0
2025-09-22 20:00:00,221.18807453572228,0
2025-09-22 21:00:00,221.6979084446208,0
2025-09-22 22:00:00,202.55728314502932,0
2025-09-22 23:00:00,189.59716592020808,0
2025-09-23 00:00:00,168.48097596298288,1
2025-09-23 01:00:00,175.54687768569016,1
2025-09-23 02:00:00,182.21752157392734,1
2025-09-23 03:00:00,220.4604242240681,1
2025-09-23 04:00:00,241.8966651884138,1
2025-09-23 05:00:00,256.683396786263,1
2025-09-23 06:00:00,267.95255046388866,1
2025-09-23 07:00:00,284.94138754287417,1
2025-09-23 08:00:00,289.9133539091631,1
2025-09-23 09:00:00,285.0535953533441,1
2025-09-23 10:00:00,283.1223017879094,1
2025-09-23 11:00:00,275.4678011581547,1
2025-09-23 12:00:00,269.8666704191889,1
2025-09-23 13:00:00,284.64449411821585,1
2025-09-23 14:00:00,259.17737142112264,1
2025-09-23 15:00:00,294.0468312404846,1
2025-09-23 16:00:00,276.0401630307996,1
2025-09-23 17:00:00,283.77516776525533,1
2025-09-23 18:00:00,276.07066111019225,1
2025-09-23 19:00:00,240.05602738246108,1
2025-09-23 20:00:00,233.04106164519803,1
2025-09-23 21:00:00,222.42204395562774,1
2025-09-23 22:00:00,199.56470167391083,1
2025-09-23 23:00:00,186.56897776946545,1
2025-09-24 00:00:00,188.83457794280065,2
2025-09-24 01:00:00,176.30585298807918,2
2025-09-24 02:00:00,192.0388888805016,2
2025-09-24 03:00:00,205.99147723137017,2
2025-09-24 04:00:00,242.50082307939323,2
2025-09-24 05:00:00,254.7875691055304,2
2025-09-24 06:00:00,281.60022915999883,2
2025-09-24 07:00:00,271.42167585299313,2
2025-09-24 08:00:00,286.59464770095656,2
2025-09-24 09:00:00,290.06938699981794,2
2025-09-24 10:00:00,281.8805608859259,2
2025-09-24 11:00:00,274.77918529187144,2
2025-09-24 12:00:00,284.71875688088903,2
2025-09-24 13:00:00,275.7891427998148,2
2025-09-24 14:00:00,285.1444514448207,2
2025-09-24 15:00:00,298.16091730174827,2
2025-09-24 16:00:00,278.4161233126152,2
2025-09-24 17:00:00,264.74118830511463,2
2025-09-24 18:00:00,293.3128664405069,2
2025-09-24 19:00:00,257.7613489982774,2
2025-09-24 20:00:00,233.83509018758895,2
2025-09-24 21:00:00,204.8523926628621,2
2025-09-24 22:00:00,189.2532336232095,2
2025-09-24 23:00:00,175.7926863718605,2
2025-09-25 00:00:00,172.1325168656478,3
2025-09-25 01:00:00,183.09174285300554,3
2025-09-25 02:00:00,207.53750260269027,3
2025-09-25 03:00:00,199.51914884432614,3
2025-09-25 04:00:00,242.97430579700207,3
2025-09-25 05:00:00,258.30368342301637,3
2025-09-25 06:00:00,274.6675909504419,3
2025-09-25 07:00:00,283.06809532276907,3
2025-09-25 08:00:00,286.2825727342895,3
2025-09-25 09:00:00,271.2217362146885,3
2025-09-25 10:00:00,286.4761673063104,3
2025-09-25 11:00:00,281.1415903343036,3
2025-09-25 12:00:00,269.3065007193667,3
2025-09-25 13:00:00,265.25205654120145,3
2025-09-25 14:00:00,276.3255390099956,3
2025-09-25 15:00:00,285.9907387651832,3
2025-09-25 16:00:00,281.4748850504302,3
2025-09-25 17:00:00,281.1440338764307,3
2025-09-25 18:00:00,275.3992112350676,3
2025-09-25 19:00:00,259.60684836056987,3
2025-09-25 20:00:00,238.56909202554098,3
2025-09-25 21:00:00,216.29708729652808,3
2025-09-25 22:00:00,186.02655676082338,3
2025-09-25 23:00:00,180.9855310963594,3
2025-09-26 00:00:00,165.3402199487979,4
2025-09-26 01:00:00,187.23792658264404,4
2025-09-26 02:00:00,192.0825843322386,4
2025-09-26 03:00:00,218.77081516232178,4
2025-09-26 04:00:00,242.66807355687965,4
2025-09-26 05:00:00,264.26888465287766,4
2025-09-26 06:00:00,268.6414569821481,4
2025-09-26 07:00:00,283.9147979822181,4
2025-09-26 08:00:00,289.3396940888075,4
2025-09-26 09:00:00,272.8065465483924,4
2025-09-26 10:00:00,275.8336884835816,4
2025-09-26 11:00:00,260.5030552825481,4
2025-09-26 12:00:00,270.71262623736413,4
2025-09-26 13:00:00,282.2908458248233,4
2025-09-26 14:00:00,274.7123093286948,4
2025-09-26 15:00:00,285.7280970874253,4
2025-09-26 16:00:00,272.24960754327225,4
2025-09-26 17:00:00,279.48595762405716,4
2025-09-26 18:00:00,274.60336525587667,4
2025-09-26 19:00:00,265.9862075280384,4
2025-09-26 20:00:00,228.86856550656958,4
2025-09-26 21:00:00,213.6247541708937,4
2025-09-26 22:00:00,208.88392908478374,4
2025-09-26 23:00:00,191.19804308105282,4
2025-09-27 00:00:00,145.0280368517512,5
2025-09-27 01:00:00,137.38683418110128,5
2025-09-27 02:00:00,153.66748895259175,5
2025-09-27 03:00:00,169.07817053721342,5
2025-09-27 04:00:00,182.5391862538579,5
2025-09-27 05:00:00,196.40818193897056,5
2025-09-27 06:00:00,208.4125033339458,5
2025-09-27 07:00:00,229.22283159167208,5
2025-09-27 08:00:00,221.5608288086482,5
2025-09-27 09:00:00,223.47263566293435,5
2025-09-27 10:00:00,228.74187372178386,5
2025-09-27 11:00:00,203.48065184775993,5
2025-09-27 12:00:00,207.76971073170412,5
2025-09-27 13:00:00,222.09024355101778,5
2025-09-27 14:00:00,206.80689500899277,5
2025-09-27 15:00:00,218.64289971199145,5
2025-09-27 16:00:00,219.95201893748623,5
2025-09-27 17:00:00,223.99679492761595,5
2025-09-27 18:00:00,222.3409734489643,5
2025-09-27 19:00:00,198.6521643707557,5
2025-09-27 20:00:00,184.75597135067295,5
2025-09-27 21:00:00,159.72069848438667,5
2025-09-27 22:00:00,160.69092572782958,5
2025-09-27 23:00:00,141.52606566394266,5
2025-09-28 00:00:00,133.04317443208055,6
2025-09-28 01:00:00,147.70347881422367,6
2025-09-28 02:00:00,148.2779676406539,6
2025-09-28 03:00:00,177.7157636633665,6
2025-09-28 04:00:00,179.13504974690292,6
2025-09-28 05:00:00,183.1055737797247,6
2025-09-28 06:00:00,208.44653154914636,6
2025-09-28 07:00:00,217.43241406255737,6
2025-09-28 08:00:00,231.0555388313771,6
2025-09-28 09:00:00,215.5074438479715,6
2025-09-28 10:00:00,216.70891219828613,6
2025-09-28 11:00:00,214.83940204952705,6
2025-09-28 12:00:00,207.1141102270861,6
2025-09-28 13:00:00,220.82067445074736,6
2025-09-28 14:00:00,233.9344019812709,6
2025-09-28 15:00:00,210.06430989888108,6
2025-09-28 16:00:00,223.66091695958912,6
2025-09-28 17:00:00,236.70672238842855,6
2025-09-28 18:00:00,203.46302697772532,6
2025-09-28 19:00:00,202.6980747092216,6
2025-09-28 20:00:00,207.2328858934399,6
2025-09-28 21:00:00,174.14451375013726,6
2025-09-28 22:00:00,150.47618166167246,6
2025-09-28 23:00:00,126.99330600469256,6
2025-09-29 00:00:00,164.27001143490543,0
2025-09-29 01:00:00,173.83925429335264,0
2025-09-29 02:00:00,184.25260289098944,0
2025-09-29 03:00:00,204.7455158575492,0
2025-09-29 04:00:00,232.79608502345343,0
2025-09-29 05:00:00,253.03094833796723,0
2025-09-29 06:00:00,278.36340069874063,0
2025-09-29 07:00:00,281.1262417315844,0
2025-09-29 08:00:00,290.70729605717986,0
2025-09-29 09:00:00,290.96553373200004,0
2025-09-29 10:00:00,272.74357312665245,0
2025-09-29 11:00:00,266.95464404503196,0
2025-09-29 12:00:00,290.4655482067638,0
2025-09-29 13:00:00,277.0950858344137,0
2025-09-29 14:00:00,278.8690745557073,0
2025-09-29 15:00:00,276.9950454280408,0
2025-09-29 16:00:00,287.3538149547113,0
2025-09-29 17:00:00,290.8749372751726,0
2025-09-29 18:00:00,291.0782301849099,0
2025-09-29 19:00:00,271.80650397468577,0
2025-09-29 20:00:00,251.010387495466,0
2025-09-29 21:00:00,229.52787891064983,0
2025-09-29 22:00:00,186.7439758869193,0
2025-09-29 23:00:00,174.81188367797944,0
2025-09-30 00:00:00,181.6157336992176,1
2025-09-30 01:00:00,174.19350067995342,1
2025-09-30 02:00:00,182.3523377768398,1
2025-09-30 03:00:00,203.5298237302659,1
2025-09-30 04:00:00,247.18061542030017,1
2025-09-30 05:00:00,238.95333091715145,1
2025-09-30 06:00:00,273.7440493342238,1
2025-09-30 07:00:00,278.3636871212454,1
2025-09-30 08:00:00,280.00559896619416,1
2025-09-30 09:00:00,273.1099267514094,1
2025-09-30 10:00:00,278.0736724223831,1
2025-09-30 11:00:00,279.78184829634654,1
2025-09-30 12:00:00,275.4862322647917,1
2025-09-30 13:00:00,258.17994886075377,1
2025-09-30 14:00:00,284.1633217989273,1
2025-09-30 15:00:00,286.4966565501117,1
2025-09-30 16:00:00,285.3285626013113,1
2025-09-30 17:00:00,295.4808849011157,1
2025-09-30 18:00:00,267.4328726529012,1
2025-09-30 19:00:00,266.0815983462822,1
2025-09-30 20:00:00,232.81109763974405,1
2025-09-30 21:00:00,205.73259144087146,1
2025-09-30 22:00:00,189.2088601882754,1
2025-09-30 23:00:00,179.22421763162654,1
2025-10-01 00:00:00,172.3898283685919,2
2025-10-01 01:00:00,189.84910231966762,2
2025-10-01 02:00:00,193.08370608112102,2
2025-10-01 03:00:00,219.11499378556564,2
2025-10-01 04:00:00,246.64556912891322,2
2025-10-01 05:00:00,267.0287019993018,2
2025-10-01 06:00:00,272.1568092117492,2
2025-10-01 07:00:00,271.1878216135362,2
2025-10-01 08:00:00,283.6689555524213,2
2025-10-01 09:00:00,285.48475383146246,2
2025-10-01 10:00:00,275.6986718404911,2
2025-10-01 11:00:00,281.30608357954696,2
2025-10-01 12:00:00,283.4906521418453,2
2025-10-01 13:00:00,279.4810030655277,2
2025-10-01 14:00:00,279.35722136040334,2
2025-10-01 15:00:00,298.93214366773515,2
2025-10-01 16:00:00,283.5931685733754,2
2025-10-01 17:00:00,288.43410208391293,2
2025-10-01 18:00:00,273.04513095354525,2
2025-10-01 19:00:00,259.30246470152514,2
2025-10-01 20:00:00,250.34039609009943,2
2025-10-01 21:00:00,197.854332760585,2
2025-10-01 22:00:00,183.15931542165865,2
2025-10-01 23:00:00,161.19698443386437,2
2025-10-02 00:00:00,185.3121235384019,3
2025-10-02 01:00:00,183.27518744205807,3
2025-10-02 02:00:00,187.30981630904319,3
2025-10-02 03:00:00,208.25762449448317,3
2025-10-02 04:00:00,218.43242743469736,3
2025-10-02 05:00:00,259.7452816310573,3
2025-10-02 06:00:00,279.95677335274337,3
2025-10-02 07:00:00,298.36312858188506,3
2025-10-02 08:00:00,288.1147960374398,3
2025-10-02 09:00:00,281.1742151808203,3
2025-10-02 10:00:00,273.3417633330968,3
2025-10-02 11:00:00,275.5555536987992,3
2025-10-02 12:00:00,289.15628549190603,3
2025-10-02 13:00:00,277.7028039343106,3
2025-10-02 14:00:00,288.4686269576293,3
2025-10-02 15:00:00,295.02886525841745,3
2025-10-02 16:00:00,287.135535433068,3
2025-10-02 17:00:00,290.7412577209053,3
2025-10-02 18:00:00,282.82235830211476,3
2025-10-02 19:00:00,257.35691511309363,3
2025-10-02 20:00:00,233.15848836922325,3
2025-10-02 21:00:00,202.57601745747314,3
2025-10-02 22:00:00,200.68350584848525,3
2025-10-02 23:00:00,172.56046255510668,3
2025-10-03 00:00:00,193.5456691065143,4
2025-10-03 01:00:00,182.4843797747338,4
2025-10-03 02:00:00,192.02183122915275,4
2025-10-03 03:00:00,219.48639428224865,4
2025-10-03 04:00:00,234.50674168539925,4
2025-10-03 05:00:00,252.40808332622862,4
2025-10-03 06:00:00,270.32919081697526,4
2025-10-03 07:00:00,287.064931345024,4
2025-10-03 08:00:00,280.4688502411787,4
2025-10-03 09:00:00,297.3045442132368,4
2025-10-03 10:00:00,287.0693066385757,4
2025-10-03 11:00:00,276.7303450335352,4
2025-10-03 12:00:00,258.9043096841866,4
2025-10-03 13:00:00,261.927463313336,4
2025-10-03 14:00:00,297.97485535302644,4
2025-10-03 15:00:00,277.38506186841147,4
2025-10-03 16:00:00,273.0046761839737,4
2025-10-03 17:00:00,283.9999023776991,4
2025-10-03 18:00:00,270.8920936493764,4
2025-10-03 19:00:00,263.5859522011134,4
2025-10-03 20:00:00,247.3895893106946,4
2025-10-03 21:00:00,214.0766553103044,4
2025-10-03 22:00:00,190.36274632316628,4
2025-10-03 23:00:00,157.7844659863726,4
2025-10-04 00:00:00,142.10622907705346,5
2025-10-04 01:00:00,149.13024652640095,5
2025-10-04 02:00:00,136.6899715481063,5
2025-10-04 03:00:00,156.73511831302682,5
2025-10-04 04:00:00,191.30026790837627,5
2025-10-04 05:00:00,190.11574527372207,5
2025-10-04 06:00:00,228.88507016101613,5
2025-10-04 07:00:00,222.74430415773364,5
2025-10-04 08:00:00,224.15364453145312,5
2025-10-04 09:00:00,222.97906575475236,5
2025-10-04 10:00:00,222.71412450647853,5
2025-10-04 11:00:00,202.34075653256716,5
2025-10-04 12:00:00,219.18652214236985,5
2025-10-04 13:00:00,202.51708409963348,5
2025-10-04 14:00:00,210.0283512633997,5
2025-10-04 15:00:00,213.58988945288567,5
2025-10-04 16:00:00,218.21649962073968,5
2025-10-04 17:00:00,229.5964572778193,5
2025-10-04 18:00:00,203.6864510632965,5
2025-10-04 19:00:00,203.01491224955603,5
2025-10-04 20:00:00,184.37079213392855,5
2025-10-04 21:00:00,173.65484493383494,5
2025-10-04 22:00:00,148.4604809074522,5
2025-10-04 23:00:00,141.77530238253428,5
2025-10-05 00:00:00,135.90393802396883,6
2025-10-05 01:00:00,147.872473658463,6
2025-10-05 02:00:00,148.9011317058902,6
2025-10-05 03:00:00,174.2991071847661,6
2025-10-05 04:00:00,196.72033057982733,6
2025-10-05 05:00:00,206.21402117414925,6
2025-10-05 06:00:00,206.0950283049822,6
2025-10-05 07:00:00,226.62831367917113,6
2025-10-05 08:00:00,235.24644645383637,6
2025-10-05 09:00:00,214.1318114431083,6
2025-10-05 10:00:00,221.77911163636728,6
2025-10-05 11:00:00,215.69434714045335,6
2025-10-05 12:00:00,212.95663857807145,6
2025-10-05 13:00:00,224.19531254170076,6
2025-10-05 14:00:00,217.9619071925136,6
2025-10-05 15:00:00,226.1157319248334,6
2025-10-05 16:00:00,215.86032113839158,6
2025-10-05 17:00:00,225.5293187010319,6
2025-10-05 18:00:00,226.6840615607624,6
2025-10-05 19:00:00,200.19862279066965,6
2025-10-05 20:00:00,190.38767774783457,6
2025-10-05 21:00:00,171.98597705908162,6
2025-10-05 22:00:00,146.59012675800173,6
2025-10-05 23:00:00,139.20192017721735,6
2025-10-06 00:00:00,179.44271455743234,0
2025-10-06 01:00:00,171.06562399823983,0
2025-10-06 02:00:00,180.92704336457123,0
2025-10-06 03:00:00,206.26601826526655,0
2025-10-06 04:00:00,244.014466421887,0
2025-10-06 05:00:00,239.17507511313653,0
2025-10-06 06:00:00,269.47753681454304,0
2025-10-06 07:00:00,280.6292533339564,0
2025-10-06 08:00:00,288.14383444452443,0
2025-10-06 09:00:00,272.2889778334146,0
2025-10-06 10:00:00,275.22896039037283,0
2025-10-06 11:00:00,273.85111809729125,0
2025-10-06 12:00:00,268.84980452369564,0
2025-10-06 13:00:00,273.6985859064949,0
2025-10-06 14:00:00,281.06760087236165,0
2025-10-06 15:00:00,273.8008708954551,0
2025-10-06 16:00:00,278.2820888838545,0
2025-10-06 17:00:00,291.52394352705073,0
2025-10-06 18:00:00,284.11278447217825,0
2025-10-06 19:00:00,253.80385280325888,0
2025-10-06 20:00:00,237.3341939140307,0
2025-10-06 21:00:00,219.3045943174954,0
2025-10-06 22:00:00,183.66917154882663,0
2025-10-06 23:00:00,175.57496455252976,0
2025-10-07 00:00:00,188.2256888315254,1
2025-10-07 01:00:00,185.51653179070524,1
2025-10-07 02:00:00,191.09820625987246,1
2025-10-07 03:00:00,212.88106312152425,1
2025-10-07 04:00:00,236.97842300843058,1
2025-10-07 05:00:00,261.2771804714323,1
2025-10-07 06:00:00,287.38771322915056,1
2025-10-07 07:00:00,279.1788837944558,1
2025-10-07 08:00:00,304.6528166682878,1
2025-10-07 09:00:00,278.44535678747945,1
2025-10-07 10:00:00,274.13285165519306,1
2025-10-07 11:00:00,276.2062223000211,1
2025-10-07 12:00:00,279.3830371089555,1
2025-10-07 13:00:00,283.18071301346504,1
2025-10-07 14:00:00,265.53294481639267,1
2025-10-07 15:00:00,291.64375653478675,1
2025-10-07 16:00:00,284.35534400718257,1
2025-10-07 17:00:00,292.21642105115313,1
2025-10-07 18:00:00,273.19285454461027,1
2025-10-07 19:00:00,273.66937174956865,1
2025-10-07 20:00:00,255.41455667809964,1
2025-10-07 21:00:00,219.14879686723302,1
2025-10-07 22:00:00,209.38162502059674,1
2025-10-07 23:00:00,177.97793876377915,1
2025-10-08 00:00:00,180.90851507814352,2
2025-10-08 01:00:00,180.76719723468395,2
2025-10-08 02:00:00,208.7561275477659,2
2025-10-08 03:00:00,217.73191891887424,2
2025-10-08 04:00:00,244.5556083855217,2
2025-10-08 05:00:00,246.48341150340056,2
2025-10-08 06:00:00,262.9234551989213,2
2025-10-08 07:00:00,277.58448826698196,2
2025-10-08 08:00:00,306.3062296990375,2
2025-10-08 09:00:00,292.06336542838716,2
2025-10-08 10:00:00,270.53523342328043,2
2025-10-08 11:00:00,275.60296644444594,2
2025-10-08 12:00:00,271.88575318491127,2
2025-10-08 13:00:00,273.06275454792046,2
2025-10-08 14:00:00,270.5589514580499,2
2025-10-08 15:00:00,293.2509411948042,2
2025-10-08 16:00:00,280.3781281071963,2
2025-10-08 17:00:00,295.19673917767983,2
2025-10-08 18:00:00,280.0024150690973,2
2025-10-08 19:00:00,251.82753447019118,2
2025-10-08 20:00:00,229.7819374300941,2
2025-10-08 21:00:00,216.0230360384418,2
2025-10-08 22:00:00,204.30518224933346,2
2025-10-08 23:00:00,174.7754026148903,2
2025-10-09 00:00:00,176.67222944910785,3
2025-10-09 01:00:00,187.48012036928154,3
2025-10-09 02:00:00,181.16173731585755,3
2025-10-09 03:00:00,225.9907308560514,3
2025-10-09 04:00:00,232.23199976315837,3
2025-10-09 05:00:00,251.7101865484079,3
2025-10-09 06:00:00,274.1435878704768,3
2025-10-09 07:00:00,289.5081403598374,3
2025-10-09 08:00:00,301.05283009696365,3
2025-10-09 09:00:00,285.14036595249996,3
2025-10-09 10:00:00,272.8013447864685,3
2025-10-09 11:00:00,287.1165343400257,3
2025-10-09 12:00:00,276.736828082929,3
2025-10-09 13:00:00,277.66320019060913,3
2025-10-09 14:00:00,267.6955873466242,3
2025-10-09 15:00:00,285.1933863600042,3
2025-10-09 16:00:00,287.3215864384328,3
2025-10-09 17:00:00,287.19575499520425,3
2025-10-09 18:00:00,284.5460547428577,3
2025-10-09 19:00:00,267.70977710711094,3
2025-10-09 20:00:00,233.01702041096837,3
2025-10-09 21:00:00,211.03853433627003,3
2025-10-09 22:00:00,196.57871695864148,3
2025-10-09 23:00:00,185.78439320195216,3
2025-10-10 00:00:00,183.0519869280193,4
2025-10-10 01:00:00,177.7477973321675,4
2025-10-10 02:00:00,203.63064692798048,4
2025-10-10 03:00:00,201.9490265866931,4
2025-10-10 04:00:00,232.77287952711745,4
2025-10-10 05:00:00,252.26060727521946,4
2025-10-10 06:00:00,268.3639837748462,4
2025-10-10 07:00:00,279.63874839275223,4
2025-10-10 08:00:00,290.9591172979403,4
2025-10-10 09:00:00,295.7737708452273,4
2025-10-10 10:00:00,289.46180101435664,4
2025-10-10 11:00:00,279.66195914286476,4
2025-10-10 12:00:00,267.7861175616508,4
2025-10-10 13:00:00,284.95042595774305,4
2025-10-10 14:00:00,274.763104051964,4
2025-10-10 15:00:00,282.5770651841469,4
2025-10-10 16:00:00,281.0811025429256,4
2025-10-10 17:00:00,289.09967171846534,4
2025-10-10 18:00:00,273.1738118587178,4
2025-10-10 19:00:00,265.1696025253482,4
2025-10-10 20:00:00,249.98328270507875,4
2025-10-10 21:00:00,212.92776596832496,4
2025-10-10 22:00:00,177.75678336139336,4
2025-10-10 23:00:00,189.49217779914324,4
2025-10-11 00:00:00,129.15544122020125,5
2025-10-11 01:00:00,143.5758006387271,5
2025-10-11 02:00:00,160.72235353348998,5
2025-10-11 03:00:00,172.22768633327993,5
2025-10-11 04:00:00,176.32744900108185,5
2025-10-11 05:00:00,188.5594154073758,5
2025-10-11 06:00:00,219.02609509183705,5
2025-10-11 07:00:00,224.1177160683757,5
2025-10-11 08:00:00,221.44607312762838,5
2025-10-11 09:00:00,232.66006874628803,5
2025-10-11 10:00:00,218.86746397689637,5
2025-10-11 11:00:00,214.81550111361037,5
2025-10-11 12:00:00,200.02796997129798,5
2025-10-11 13:00:00,221.9614391595669,5
2025-10-11 14:00:00,223.2808672336875,5
2025-10-11 15:00:00,225.68027229251123,5
2025-10-11 16:00:00,229.05612807666174,5
2025-10-11 17:00:00,233.19489970188837,5
2025-10-11 18:00:00,215.36473889250607,5
2025-10-11 19:00:00,213.1544338084753,5
2025-10-11 20:00:00,205.61461073719596,5
2025-10-11 21:00:00,155.31148884612253,5
2025-10-11 22:00:00,145.65025076663846,5
2025-10-11 23:00:00,145.31149694788928,5
2025-10-12 00:00:00,132.11957690921486,6
2025-10-12 01:00:00,129.78120174547308,6
2025-10-12 02:00:00,158.75224368684792,6
2025-10-12 03:00:00,158.89664043539574,6
2025-10-12 04:00:00,189.35144320420483,6
2025-10-12 05:00:00,206.4199997575255,6
2025-10-12 06:00:00,209.11137710816274,6
2025-10-12 07:00:00,218.69059729117217,6
2025-10-12 08:00:00,225.37233463078636,6
2025-10-12 09:00:00,224.6147033538429,6
2025-10-12 10:00:00,220.7401966565733,6
2025-10-12 11:00:00,228.04879355697585,6
2025-10-12 12:00:00,230.95418376954132,6
2025-10-12 13:00:00,215.34664847175952,6
2025-10-12 14:00:00,217.15327943190317,6
2025-10-12 15:00:00,226.43470739746192,6
2025-10-12 16:00:00,216.92678996523085,6
2025-10-12 17:00:00,223.1975173012765,6
2025-10-12 18:00:00,226.1062174872133,6
2025-10-12 19:00:00,201.99747884643367,6
2025-10-12 20:00:00,191.92013606790474,6
2025-10-12 21:00:00,171.69053200869217,6
2025-10-12 22:00:00,151.23555201186815,6
2025-10-12 23:00:00,153.75566434321505,6
2025-10-13 00:00:00,188.84126977515416,0
2025-10-13 01:00:00,186.5468171643069,0
2025-10-13 02:00:00,207.08031351951243,0
2025-10-13 03:00:00,213.79760687214429,0
2025-10-13 04:00:00,237.31947739291687,0
2025-10-13 05:00:00,257.9344532053338,0
2025-10-13 06:00:00,280.52763965708243,0
2025-10-13 07:00:00,279.91489265698686,0
2025-10-13 08:00:00,283.7863356850102,0
2025-10-13 09:00:00,287.71379414096316,0
2025-10-13 10:00:00,287.42774923911867,0
2025-10-13 11:00:00,271.6810851988719,0
2025-10-13 12:00:00,269.9495887797156,0
2025-10-13 13:00:00,268.51048968614265,0
2025-10-13 14:00:00,271.0187176540021,0
2025-10-13 15:00:00,281.1177347189643,0
2025-10-13 16:00:00,281.59177256360204,0
2025-10-13 17:00:00,287.9711997757105,0
2025-10-13 18:00:00,264.60634653254937,0
2025-10-13 19:00:00,257.5985573955037,0
2025-10-13 20:00:00,236.92147922164088,0
2025-10-13 21:00:00,243.6352819009429,0
2025-10-13 22:00:00,183.688172100568,0
2025-10-13 23:00:00,169.22104291023555,0
2025-10-14 00:00:00,176.47658484174246,1
2025-10-14 01:00:00,187.32514008532854,1
2025-10-14 02:00:00,187.06600380964568,1
2025-10-14 03:00:00,216.37312175736986,1
2025-10-14 04:00:00,241.80437552516923,1
2025-10-14 05:00:00,258.54782776534415,1
2025-10-14 06:00:00,269.6703472347935,1
2025-10-14 07:00:00,274.92845253818086,1
2025-10-14 08:00:00,286.3739903645307,1
2025-10-14 09:00:00,289.6869567259491,1
2025-10-14 10:00:00,284.12116555406215,1
2025-10-14 11:00:00,287.54980692158847,1
2025-10-14 12:00:00,271.7118828089038,1
2025-10-14 13:00:00,270.6951866893322,1
2025-10-14 14:00:00,273.36038413863236,1
2025-10-14 15:00:00,295.1324452061388,1
2025-10-14 16:00:00,294.42097581215745,1
2025-10-14 17:00:00,290.9173835835816,1
2025-10-14 18:00:00,270.3564540977866,1
2025-10-14 19:00:00,250.03611984595233,1
2025-10-14 20:00:00,250.53786026999683,1
2025-10-14 21:00:00,204.98301458278075,1
2025-10-14 22:00:00,187.54333934651146,1
2025-10-14 23:00:00,172.04585348196483,1
2025-10-15 00:00:00,176.58225759442288,2
2025-10-15 01:00:00,188.0018153564,2
2025-10-15 02:00:00,189.3623633734928,2
2025-10-15 03:00:00,200.2959411692504,2
2025-10-15 04:00:00,246.87207839340797,2
2025-10-15 05:00:00,255.99823160916307,2
2025-10-15 06:00:00,274.1180335464753,2
2025-10-15 07:00:00,283.10188086317527,2
2025-10-15 08:00:00,286.9468955630243,2
2025-10-15 09:00:00,282.70091336763124,2
2025-10-15 10:00:00,292.4657685753584,2
2025-10-15 11:00:00,283.7406070533434,2
2025-10-15 12:00:00,286.61103006288056,2
2025-10-15 13:00:00,280.7899068530506,2
2025-10-15 14:00:00,273.643173957308,2
2025-10-15 15:00:00,285.8697020789509,2
2025-10-15 16:00:00,283.99902930132504,2
2025-10-15 17:00:00,287.8586259570201,2
2025-10-15 18:00:00,269.7159163436356,2
2025-10-15 19:00:00,265.0485110152246,2
2025-10-15 20:00:00,244.48562001999656,2
2025-10-15 21:00:00,219.21331979557516,2
2025-10-15 22:00:00,205.08981487356337,2
2025-10-15 23:00:00,178.38417334566324,2
2025-10-16 00:00:00,176.4858447954107,3
2025-10-16 01:00:00,182.1874138950669,3
2025-10-16 02:00:00,207.89984050542128,3
2025-10-16 03:00:00,218.12592104784042,3
2025-10-16 04:00:00,240.13855915061254,3
2025-10-16 05:00:00,256.3485686389187,3
2025-10-16 06:00:00,272.96645672147366,3
2025-10-16 07:00:00,278.14889516494094,3
2025-10-16 08:00:00,287.348492151633,3
2025-10-16 09:00:00,283.1708141388556,3
2025-10-16 10:00:00,284.49321413241574,3
2025-10-16 11:00:00,276.40642186512986,3
2025-10-16 12:00:00,268.16441888700257,3
2025-10-16 13:00:00,269.84211680731664,3
2025-10-16 14:00:00,281.5696393421594,3
2025-10-16 15:00:00,284.11270419372073,3
2025-10-16 16:00:00,283.8919630937667,3
2025-10-16 17:00:00,290.504001891818,3
2025-10-16 18:00:00,268.7648738205734,3
2025-10-16 19:00:00,258.1217961579876,3
2025-10-16 20:00:00,231.24424528562477,3
2025-10-16 21:00:00,212.66438436244655,3
2025-10-16 22:00:00,197.69733088410564,3
2025-10-16 23:00:00,184.80863207569408,3
2025-10-17 00:00:00,172.111298658718,4
2025-10-17 01:00:00,186.73451747357046,4
2025-10-17 02:00:00,191.84869262066437,4
2025-10-17 03:00:00,214.93502865895002,4
2025-10-17 04:00:00,247.68004072232108,4
2025-10-17 05:00:00,264.24490008328837,4
2025-10-17 06:00:00,269.89458584316327,4
2025-10-17 07:00:00,287.3726978442549,4
2025-10-17 08:00:00,286.07774272388696,4
2025-10-17 09:00:00,287.1251989692975,4
2025-10-17 10:00:00,276.69308595469425,4
2025-10-17 11:00:00,277.3881801729439,4
2025-10-17 12:00:00,278.1533687599015,4
2025-10-17 13:00:00,261.8709663512153,4
2025-10-17 14:00:00,282.1904123164686,4
2025-10-17 15:00:00,288.6638401240569,4
2025-10-17 16:00:00,282.694301959337,4
2025-10-17 17:00:00,284.87795172458533,4
2025-10-17 18:00:00,265.33262585734525,4
2025-10-17 19:00:00,269.20824783684833,4
2025-10-17 20:00:00,230.09168507986396,4
2025-10-17 21:00:00,209.69113772417182,4
2025-10-17 22:00:00,196.64576774802572,4
2025-10-17 23:00:00,192.30546249820094,4
2025-10-18 00:00:00,141.4191335519423,5
2025-10-18 01:00:00,147.34530308068082,5
2025-10-18 02:00:00,146.92164333876264,5
2025-10-18 03:00:00,161.1460513722153,5
2025-10-18 04:00:00,185.54633733983766,5
2025-10-18 05:00:00,220.7670245856056,5
2025-10-18 06:00:00,211.77995192155475,5
2025-10-18 07:00:00,223.02090130695953,5
2025-10-18 08:00:00,226.6711469100124,5
2025-10-18 09:00:00,221.22104353441802,5
2025-10-18 10:00:00,221.7237570998358,5
2025-10-18 11:00:00,202.4825632969643,5
2025-10-18 12:00:00,225.16569049034612,5
2025-10-18 13:00:00,203.2201781149443,5
2025-10-18 14:00:00,225.01877240501506,5
2025-10-18 15:00:00,215.287740215576,5
2025-10-18 16:00:00,233.83508210027315,5
2025-10-18 17:00:00,209.3548166719563,5
2025-10-18 18:00:00,221.65972240964066,5
2025-10-18 19:00:00,205.93507163284167,5
2025-10-18 20:00:00,187.46562590470458,5
2025-10-18 21:00:00,171.12542588939974,5
2025-10-18 22:00:00,141.38989091424907,5
2025-10-18 23:00:00,141.88973060584877,5
2025-10-19 00:00:00,131.2156526553116,6
2025-10-19 01:00:00,147.89628122108851,6
2025-10-19 02:00:00,150.18511586734732,6
2025-10-19 03:00:00,164.24661112089072,6
2025-10-19 04:00:00,199.85700387457624,6
2025-10-19 05:00:00,191.89188886524306,6
2025-10-19 06:00:00,216.05475192512716,6
2025-10-19 07:00:00,226.9358038187587,6
2025-10-19 08:00:00,236.58576871361367,6
2025-10-19 09:00:00,230.61143006898104,6
2025-10-19 10:00:00,211.45517427521239,6
2025-10-19 11:00:00,214.89880624844068,6
2025-10-19 12:00:00,204.7023576766012,6
2025-10-19 13:00:00,219.15907451509648,6
2025-10-19 14:00:00,211.56247472153447,6
2025-10-19 15:00:00,227.60822017171654,6
2025-10-19 16:00:00,247.00530931296706,6
2025-10-19 17:00:00,226.70907252790596,6
2025-10-19 18:00:00,214.44703632642262,6
2025-10-19 19:00:00,187.12955470682695,6
2025-10-19 20:00:00,191.31578553588753,6
2025-10-19 21:00:00,166.1007252828163,6
2025-10-19 22:00:00,157.73003818014598,6
2025-10-19 23:00:00,141.17386047243906,6
2025-10-20 00:00:00,183.88900057513447,0
2025-10-20 01:00:00,174.23768113787239,0
2025-10-20 02:00:00,189.89605754614334,0
2025-10-20 03:00:00,201.79768573921422,0
2025-10-20 04:00:00,240.42301896843495,0
2025-10-20 05:00:00,279.45341535101204,0
2025-10-20 06:00:00,276.46386694593883,0
2025-10-20 07:00:00,281.9666140488959,0
2025-10-20 08:00:00,281.6781297792579,0
2025-10-20 09:00:00,287.7923670165534,0
2025-10-20 10:00:00,286.48088373447047,0
2025-10-20 11:00:00,269.05567790694874,0
2025-10-20 12:00:00,265.9408248014173,0
2025-10-20 13:00:00,276.639838574292,0
2025-10-20 14:00:00,271.1318878325025,0
2025-10-20 15:00:00,301.4723533991515,0
2025-10-20 16:00:00,300.6697743178909,0
2025-10-20 17:00:00,271.99324738674306,0
2025-10-20 18:00:00,272.5732138058077,0
2025-10-20 19:00:00,262.11033614434115,0
2025-10-20 20:00:00,249.5509980187716,0
2025-10-20 21:00:00,205.60945183644674,0
2025-10-20 22:00:00,203.04861986830625,0
2025-10-20 23:00:00,177.5371660658844,0
2025-10-21 00:00:00,173.9846343727943,1
2025-10-21 01:00:00,183.00147996078272,1
2025-10-21 02:00:00,200.8107385788151,1
2025-10-21 03:00:00,214.2223951905755,1
2025-10-21 04:00:00,241.62887492804012,1
2025-10-21 05:00:00,250.31255703235098,1
2025-10-21 06:00:00,270.59406133397533,1
2025-10-21 07:00:00,270.73573440867057,1
2025-10-21 08:00:00,281.26252719648477,1
2025-10-21 09:00:00,297.39644306658056,1
2025-10-21 10:00:00,280.8729129836363,1
2025-10-21 11:00:00,273.21900584050127,1
2025-10-21 12:00:00,270.3303370453227,1
2025-10-21 13:00:00,285.2376289740339,1
2025-10-21 14:00:00,283.62207674006777,1
2025-10-21 15:00:00,275.7362668916885,1
2025-10-21 16:00:00,281.00653189279495,1
2025-10-21 17:00:00,269.03439414276795,1
2025-10-21 18:00:00,285.0749167814011,1
2025-10-21 19:00:00,266.18169503333104,1
2025-10-21 20:00:00,240.05215057921293,1
2025-10-21 21:00:00,210.52125769144808,1
2025-10-21 22:00:00,195.2300320732729,1
2025-10-21 23:00:00,180.1446050144106,1
2025-10-22 00:00:00,164.8783024176774,2
2025-10-22 01:00:00,176.06874429085525,2
2025-10-22 02:00:00,187.4884916109859,2
2025-10-22 03:00:00,207.6725504933863,2
2025-10-22 04:00:00,243.86582917901592,2
2025-10-22 05:00:00,267.2964467593159,2
2025-10-22 06:00:00,266.457032094893,2
2025-10-22 07:00:00,287.68248205909737,2
2025-10-22 08:00:00,285.98976322348244,2
2025-10-22 09:00:00,282.87929623171567,2
2025-10-22 10:00:00,281.311342175245,2
2025-10-22 11:00:00,279.74493128725163,2
2025-10-22 12:00:00,274.5428462621329,2
2025-10-22 13:00:00,276.72971561381524,2
2025-10-22 14:00:00,281.8185466947877,2
2025-10-22 15:00:00,282.70166057344545,2
2025-10-22 16:00:00,305.0534033568263,2
2025-10-22 17:00:00,289.7007202904012,2
2025-10-22 18:00:00,275.9170642084617,2
2025-10-22 19:00:00,246.44426473702035,2
2025-10-22 20:00:00,255.17501470854623,2
2025-10-22 21:00:00,209.48002078876914,2
2025-10-22 22:00:00,197.48527656478512,2
2025-10-22 23:00:00,179.79241262464225,2
2025-10-23 00:00:00,178.60078242191187,3
2025-10-23 01:00:00,176.2145877092446,3
2025-10-23 02:00:00,197.5772220414505,3
2025-10-23 03:00:00,212.80811234396407,3
2025-10-23 04:00:00,227.43825933919473,3
2025-10-23 05:00:00,263.9245382743198,3
2025-10-23 06:00:00,270.183873104327,3
2025-10-23 07:00:00,291.1516309009345,3
2025-10-23 08:00:00,287.89525068510255,3
2025-10-23 09:00:00,285.91680320064,3
2025-10-23 10:00:00,271.35693581774666,3
2025-10-23 11:00:00,271.20380012192345,3
2025-10-23 12:00:00,279.43854853946567,3
2025-10-23 13:00:00,286.9696624154953,3
2025-10-23 14:00:00,282.7371100730731,3
2025-10-23 15:00:00,287.497712587628,3
2025-10-23 16:00:00,288.55060151936306,3
2025-10-23 17:00:00,282.6937238310068,3
2025-10-23 18:00:00,270.23007467644214,3
2025-10-23 19:00:00,261.82664721652566,3
2025-10-23 20:00:00,237.0839844319009,3
2025-10-23 21:00:00,224.45174355569645,3
2025-10-23 22:00:00,185.6150340077798,3
2025-10-23 23:00:00,166.62015086351337,3
2025-10-24 00:00:00,177.00847294129616,4
2025-10-24 01:00:00,181.94250990055167,4
2025-10-24 02:00:00,185.45397282639107,4
2025-10-24 03:00:00,224.89527828302954,4
2025-10-24 04:00:00,231.05488354595,4
2025-10-24 05:00:00,245.4388626413166,4
2025-10-24 06:00:00,277.7537608617566,4
2025-10-24 07:00:00,282.2731140672829,4
2025-10-24 08:00:00,277.51683568712485,4
2025-10-24 09:00:00,278.2861940142578,4
2025-10-24 10:00:00,293.07761446735424,4
2025-10-24 11:00:00,275.03077990137973,4
2025-10-24 12:00:00,277.6958247119559,4
2025-10-24 13:00:00,285.1093819074849,4
2025-10-24 14:00:00,277.66496559172174,4
2025-10-24 15:00:00,276.7386020395263,4
2025-10-24 16:00:00,293.3870210357632,4
2025-10-24 17:00:00,299.39472217683385,4
2025-10-24 18:00:00,274.3256460766927,4
2025-10-24 19:00:00,254.77533239037305,4
2025-10-24 20:00:00,218.5497288625027,4
2025-10-24 21:00:00,209.39011159646537,4
2025-10-24 22:00:00,193.68709351514283,4
2025-10-24 23:00:00,182.7716671962102,4
2025-10-25 00:00:00,135.99480304995868,5
2025-10-25 01:00:00,144.80349041522064,5
2025-10-25 02:00:00,148.97441803834033,5
2025-10-25 03:00:00,174.34013989923287,5
2025-10-25 04:00:00,172.4644959927561,5
2025-10-25 05:00:00,196.45654405994733,5
2025-10-25 06:00:00,195.87878605550355,5
2025-10-25 07:00:00,217.98041639611495,5
2025-10-25 08:00:00,209.3472600607279,5
2025-10-25 09:00:00,217.26958079357527,5
2025-10-25 10:00:00,207.5777656925083,5
2025-10-25 11:00:00,224.1508833332875,5
2025-10-25 12:00:00,213.64507747889607,5
2025-10-25 13:00:00,220.2140531039467,5
2025-10-25 14:00:00,224.57166981748043,5
2025-10-25 15:00:00,226.07220308789934,5
2025-10-25 16:00:00,220.24842879678124,5
2025-10-25 17:00:00,217.23200459494183,5
2025-10-25 18:00:00,214.96377477598762,5
2025-10-25 19:00:00,195.70011870996396,5
2025-10-25 20:00:00,170.73788442576893,5
2025-10-25 21:00:00,172.64091584774863,5
2025-10-25 22:00:00,141.86565197707895,5
2025-10-25 23:00:00,145.27124482828063,5
2025-10-26 00:00:00,139.37653161873766,6
2025-10-26 01:00:00,130.24853279688548,6
2025-10-26 02:00:00,147.25111101978507,6
2025-10-26 03:00:00,176.95791500187596,6
2025-10-26 04:00:00,190.76057837128346,6
2025-10-26 05:00:00,192.38039002002517,6
2025-10-26 06:00:00,227.47033335476408,6
2025-10-26 07:00:00,226.67358937179858,6
2025-10-26 08:00:00,216.03222071785225,6
2025-10-26 09:00:00,239.34198493125652,6
2025-10-26 10:00:00,217.7258412918888,6
2025-10-26 11:00:00,217.59363301240876,6
2025-10-26 12:00:00,198.16000967913246,6
2025-10-26 13:00:00,231.39643151171384,6
2025-10-26 14:00:00,208.22019518859494,6
2025-10-26 15:00:00,216.34695692803845,6
2025-10-26 16:00:00,220.34593696450457,6
2025-10-26 17:00:00,230.3144252758217,6
2025-10-26 18:00:00,202.2494647525079,6
2025-10-26 19:00:00,205.5923847310311,6
2025-10-26 20:00:00,186.5260770872265,6
2025-10-26 21:00:00,175.62861077200398,6
2025-10-26 22:00:00,143.43878249598376,6
2025-10-26 23:00:00,130.81189138146547,6
2025-10-27 00:00:00,165.0944550782965,0
2025-10-27 01:00:00,180.20385315085187,0
2025-10-27 02:00:00,192.85579522451718,0
2025-10-27 03:00:00,222.32089414856043,0
2025-10-27 04:00:00,226.15031339956454,0
2025-10-27 05:00:00,262.61948247543876,0
2025-10-27 06:00:00,269.3067014829682,0
2025-10-27 07:00:00,272.66070995525683,0
2025-10-27 08:00:00,290.1426379355626,0
2025-10-27 09:00:00,285.81655159563996,0
2025-10-27 10:00:00,278.1197403566911,0
2025-10-27 11:00:00,288.13627639268594,0
2025-10-27 12:00:00,261.6226908532792,0
2025-10-27 13:00:00,281.33609513792925,0
2025-10-27 14:00:00,273.55345864325153,0
2025-10-27 15:00:00,290.2125191575701,0
2025-10-27 16:00:00,290.3789217152829,0
2025-10-27 17:00:00,278.1342807759724,0
2025-10-27 18:00:00,265.7081130304669,0
2025-10-27 19:00:00,261.08356840845335,0
2025-10-27 20:00:00,239.0291640388651,0
2025-10-27 21:00:00,218.39023282667225,0
2025-10-27 22:00:00,186.50133101243955,0
2025-10-27 23:00:00,178.0356091740102,0
2025-10-28 00:00:00,186.80358633306412,1
2025-10-28 01:00:00,180.48072787530987,1
2025-10-28 02:00:00,185.2089446319715,1
2025-10-28 03:00:00,216.37868919081677,1
2025-10-28 04:00:00,242.49691302269395,1
2025-10-28 05:00:00,265.50167982710616,1
2025-10-28 06:00:00,276.0717497814138,1
2025-10-28 07:00:00,282.06534470215564,1
2025-10-28 08:00:00,272.5166066938738,1
2025-10-28 09:00:00,277.3443572729679,1
2025-10-28 10:00:00,272.8877496053711,1
2025-10-28 11:00:00,280.06083748947816,1
2025-10-28 12:00:00,272.65665235035715,1
2025-10-28 13:00:00,283.12245492650715,1
2025-10-28 14:00:00,278.86913773957957,1
2025-10-28 15:00:00,283.14000379731766,1
2025-10-28 16:00:00,277.8221433447571,1
2025-10-28 17:00:00,301.88932630830703,1
2025-10-28 18:00:00,286.74815206540774,1
2025-10-28 19:00:00,251.14635605158503,1
2025-10-28 20:00:00,240.84793451394432,1
2025-10-28 21:00:00,219.20899227968522,1
2025-10-28 22:00:00,197.7571395803425,1
2025-10-28 23:00:00,184.22838836550667,1
2025-10-29 00:00:00,170.7994749056697,2
2025-10-29 01:00:00,175.04819108478205,2
2025-10-29 02:00:00,197.40076281385487,2
2025-10-29 03:00:00,200.1372113430894,2
2025-10-29 04:00:00,241.77936413238825,2
2025-10-29 05:00:00,250.4018607106344,2
2025-10-29 06:00:00,282.74805772617594,2
2025-10-29 07:00:00,266.4390490971878,2
2025-10-29 08:00:00,301.5474453128271,2
2025-10-29 09:00:00,295.01054224820155,2
2025-10-29 10:00:00,281.0944816382031,2
2025-10-29 11:00:00,273.7790815432585,2
2025-10-29 12:00:00,291.0237803901363,2
2025-10-29 13:00:00,286.10417516667206,2
2025-10-29 14:00:00,277.42084266173345,2
2025-10-29 15:00:00,286.7677947564201,2
2025-10-29 16:00:00,279.90000081342987,2
2025-10-29 17:00:00,276.61878011621434,2
2025-10-29 18:00:00,267.48083596096467,2
2025-10-29 19:00:00,256.2649472468976,2
2025-10-29 20:00:00,234.9508192033734,2
2025-10-29 21:00:00,227.8498698357713,2
2025-10-29 22:00:00,187.668192702135,2
2025-10-29 23:00:00,187.48318283569103,2
2025-10-30 00:00:00,171.33363124650506,3
2025-10-30 01:00:00,186.12292564131602,3
2025-10-30 02:00:00,204.6790997486638,3
2025-10-30 03:00:00,218.7742654932657,3
2025-10-30 04:00:00,245.35071347049384,3
2025-10-30 05:00:00,270.57509833323616,3
2025-10-30 06:00:00,270.2812168905229,3
2025-10-30 07:00:00,276.5856153648962,3
2025-10-30 08:00:00,283.2476779401902,3
2025-10-30 09:00:00,277.9110417000618,3
2025-10-30 10:00:00,283.15243730902955,3
2025-10-30 11:00:00,289.8366626239771,3
2025-10-30 12:00:00,274.7183697210156,3
2025-10-30 13:00:00,263.9990055001982,3
2025-10-30 14:00:00,284.17224557374925,3
2025-10-30 15:00:00,296.1343387613297,3
2025-10-30 16:00:00,276.9260298467412,3
2025-10-30 17:00:00,293.4992866831425,3
2025-10-30 18:00:00,279.2810894562102,3
2025-10-30 19:00:00,243.89706657844062,3
2025-10-30 20:00:00,240.5716544643296,3
2025-10-30 21:00:00,203.9246997344351,3
2025-10-30 22:00:00,177.98940748762143,3
2025-10-30 23:00:00,174.4240472405544,3
2025-10-31 00:00:00,162.5262864747241,4
2025-10-31 01:00:00,191.5745525614168,4
2025-10-31 02:00:00,207.43845368387244,4
2025-10-31 03:00:00,209.4465765937415,4
2025-10-31 04:00:00,226.50325214146017,4
2025-10-31 05:00:00,262.565805424538,4
2025-10-31 06:00:00,277.20195445267115,4
2025-10-31 07:00:00,289.63399464346935,4
2025-10-31 08:00:00,288.6919492536303,4
2025-10-31 09:00:00,283.96647378571697,4
2025-10-31 10:00:00,285.6837046825605,4
2025-10-31 11:00:00,287.4530325354105,4
2025-10-31 12:00:00,266.6390964347035,4
2025-10-31 13:00:00,259.93961485023897,4
2025-10-31 14:00:00,290.27082987625704,4
2025-10-31 15:00:00,274.9598569156304,4
2025-10-31 16:00:00,291.77005198145673,4
2025-10-31 17:00:00,279.4331768864787,4
2025-10-31 18:00:00,276.17188138051444,4
2025-10-31 19:00:00,260.6934653403966,4
2025-10-31 20:00:00,241.7100565645313,4
2025-10-31 21:00:00,209.52176554736423,4
2025-10-31 22:00:00,202.11692238332833,4
2025-10-31 23:00:00,176.4857575071858,4
2025-11-01 00:00:00,133.5352655325197,5
2025-11-01 01:00:00,145.1061067284649,5
2025-11-01 02:00:00,139.9339535363034,5
2025-11-01 03:00:00,173.37835960626805,5
2025-11-01 04:00:00,200.33589825807252,5
2025-11-01 05:00:00,198.66616739494802,5
2025-11-01 06:00:00,216.59408031158708,5
2025-11-01 07:00:00,228.53728503373225,5
2025-11-01 08:00:00,220.46523485983627,5
2025-11-01 09:00:00,213.85495569090776,5
2025-11-01 10:00:00,226.64657390549542,5
2025-11-01 11:00:00,230.05599290262236,5
2025-11-01 12:00:00,193.46330271661384,5
2025-11-01 13:00:00,198.5942802351127,5
2025-11-01 14:00:00,218.96837324875,5
2025-11-01 15:00:00,213.7067816705139,5
2025-11-01 16:00:00,221.36510998274187,5
2025-11-01 17:00:00,232.1060038066555,5
2025-11-01 18:00:00,209.50816302246264,5
2025-11-01 19:00:00,190.264395605492,5
2025-11-01 20:00:00,189.59223376685875,5
2025-11-01 21:00:00,172.26498835208545,5
2025-11-01 22:00:00,147.59048473743547,5
2025-11-01 23:00:00,131.6511632751325,5
2025-11-02 00:00:00,129.33495337937822,6
2025-11-02 01:00:00,136.5230568997737,6
2025-11-02 02:00:00,140.71911558835268,6
2025-11-02 03:00:00,170.6996571071387,6
2025-11-02 04:00:00,195.84390324338224,6
2025-11-02 05:00:00,190.7189324886871,6
2025-11-02 06:00:00,221.05218579141066,6
2025-11-02 07:00:00,209.07087692693904,6
2025-11-02 08:00:00,220.64083348339193,6
2025-11-02 09:00:00,224.15271582378114,6
2025-11-02 10:00:00,224.01131453240217,6
2025-11-02 11:00:00,219.67381478480843,6
2025-11-02 12:00:00,220.61414525333623,6
2025-11-02 13:00:00,221.66780796375656,6
2025-11-02 14:00:00,211.2270135987517,6
2025-11-02 15:00:00,227.48117235287432,6
2025-11-02 16:00:00,229.3168005305338,6
2025-11-02 17:00:00,225.38376130339387,6
2025-11-02 18:00:00,221.64982497323118,6
2025-11-02 19:00:00,201.3904330384494,6
2025-11-02 20:00:00,191.90503573450073,6
2025-11-02 21:00:00,163.7833105604523,6
2025-11-02 22:00:00,156.13907308535093,6
2025-11-02 23:00:00,145.3902055669171,6
2025-11-03 00:00:00,166.66558350199364,0
2025-11-03 01:00:00,189.00318794224995,0
2025-11-03 02:00:00,184.26794947974815,0
2025-11-03 03:00:00,213.00457259295737,0
2025-11-03 04:00:00,243.59721900527606,0
2025-11-03 05:00:00,257.7126250911102,0
2025-11-03 06:00:00,270.04052977316604,0
2025-11-03 07:00:00,272.4648855837382,0
2025-11-03 08:00:00,292.5814219101344,0
2025-11-03 09:00:00,291.60380090731877,0
2025-11-03 10:00:00,275.87200804709624,0
2025-11-03 11:00:00,294.0299750072693,0
2025-11-03 12:00:00,267.29302225811284,0
2025-11-03 13:00:00,280.2471439798591,0
2025-11-03 14:00:00,275.65686452792914,0
2025-11-03 15:00:00,291.09798243436217,0
2025-11-03 16:00:00,290.922943664299,0
2025-11-03 17:00:00,278.2997601469376,0
2025-11-03 18:00:00,266.6041740969761,0
2025-11-03 19:00:00,253.7152896854278,0
2025-11-03 20:00:00,222.64210672545283,0
2025-11-03 21:00:00,213.36928610222256,0
2025-11-03 22:00:00,188.96427542853638,0
2025-11-03 23:00:00,193.66501771897177,0
2025-11-04 00:00:00,186.36821152886563,1
2025-11-04 01:00:00,166.3908416605765,1
2025-11-04 02:00:00,190.80211452723296,1
2025-11-04 03:00:00,211.822062972314,1
2025-11-04 04:00:00,238.81608727373558,1
2025-11-04 05:00:00,251.64780144063005,1
2025-11-04 06:00:00,277.6516958718134,1
2025-11-04 07:00:00,279.4141976868164,1
2025-11-04 08:00:00,285.36836173634356,1
2025-11-04 09:00:00,280.40513593121204,1
2025-11-04 10:00:00,272.81811134730185,1
2025-11-04 11:00:00,279.5098306443642,1
2025-11-04 12:00:00,282.7092396069228,1
2025-11-04 13:00:00,269.5182647653583,1
2025-11-04 14:00:00,277.55605911419724,1
2025-11-04 15:00:00,280.66287448330513,1
2025-11-04 16:00:00,293.8492257763374,1
2025-11-04 17:00:00,286.0068512426283,1
2025-11-04 18:00:00,290.038894936902,1
2025-11-04 19:00:00,253.59944087792724,1
2025-11-04 20:00:00,238.00862197828368,1
2025-11-04 21:00:00,204.06573713174672,1
2025-11-04 22:00:00,190.7904988688806,1
2025-11-04 23:00:00,182.27920630362465,1
2025-11-05 00:00:00,166.58123448319253,2
2025-11-05 01:00:00,175.98434240498747,2
2025-11-05 02:00:00,193.7710646148423,2
2025-11-05 03:00:00,222.17350862667465,2
2025-11-05 04:00:00,238.38989191219255,2
2025-11-05 05:00:00,264.29195943370723,2
2025-11-05 06:00:00,271.77710410492995,2
2025-11-05 07:00:00,286.80307357030085,2
2025-11-05 08:00:00,291.6117945200907,2
2025-11-05 09:00:00,273.2267496116125,2
2025-11-05 10:00:00,297.8827591855458,2
2025-11-05 11:00:00,290.7207014425732,2
2025-11-05 12:00:00,274.19910312015736,2
2025-11-05 13:00:00,277.3012040648807,2
2025-11-05 14:00:00,290.29425161216835,2
2025-11-05 15:00:00,279.7577607495455,2
2025-11-05 16:00:00,290.7385372224752,2
2025-11-05 17:00:00,292.98912279098016,2
2025-11-05 18:00:00,264.9291429282687,2
2025-11-05 19:00:00,256.0399797336458,2
2025-11-05 20:00:00,224.53198792392814,2
2025-11-05 21:00:00,211.55403469790318,2
2025-11-05 22:00:00,188.02934836277433,2
2025-11-05 23:00:00,183.59693660722863,2
2025-11-06 00:00:00,169.2971136413345,3
2025-11-06 01:00:00,170.81945892243144,3
2025-11-06 02:00:00,204.2015212003493,3
2025-11-06 03:00:00,214.68148622951475,3
2025-11-06 04:00:00,230.27575173356007,3
2025-11-06 05:00:00,271.77498244968496,3
2025-11-06 06:00:00,271.6696558260543,3
2025-11-06 07:00:00,274.86400367265804,3
2025-11-06 08:00:00,263.7755399350089,3
2025-11-06 09:00:00,276.01803861181236,3
2025-11-06 10:00:00,279.2047818303481,3
2025-11-06 11:00:00,279.39895770624906,3
2025-11-06 12:00:00,270.64534705902713,3
2025-11-06 13:00:00,277.62099244514087,3
2025-11-06 14:00:00,286.5012329825787,3
2025-11-06 15:00:00,292.2360667452069,3
2025-11-06 16:00:00,291.03076378245885,3
2025-11-06 17:00:00,270.1050214184615,3
2025-11-06 18:00:00,282.38339031392513,3
2025-11-06 19:00:00,266.0193204406803,3
2025-11-06 20:00:00,234.7917414977464,3
2025-11-06 21:00:00,217.97536958675573,3
2025-11-06 22:00:00,193.16895513857358,3
2025-11-06 23:00:00,182.49136397390572,3
2025-11-07 00:00:00,176.4482552565704,4
2025-11-07 01:00:00,183.73989578569393,4
2025-11-07 02:00:00,185.55417247998636,4
2025-11-07 03:00:00,225.67204903051666,4
2025-11-07 04:00:00,229.7582243001251,4
2025-11-07 05:00:00,262.29054479026235,4
2025-11-07 06:00:00,272.9265163833245,4
2025-11-07 07:00:00,303.2535067881676,4
2025-11-07 08:00:00,284.1308646481527,4
2025-11-07 09:00:00,287.99394628449625,4
2025-11-07 10:00:00,276.5510151091421,4
2025-11-07 11:00:00,272.7943417429428,4
2025-11-07 12:00:00,275.8862117989659,4
2025-11-07 13:00:00,272.3267565984535,4
2025-11-07 14:00:00,265.6206434631878,4
2025-11-07 15:00:00,288.8929636892624,4
2025-11-07 16:00:00,281.6040063010085,4
2025-11-07 17:00:00,280.44772383301813,4
2025-11-07 18:00:00,279.06600266544535,4
2025-11-07 19:00:00,260.39997309580946,4
2025-11-07 20:00:00,232.47139344353255,4
2025-11-07 21:00:00,198.8913446161176,4
2025-11-07 22:00:00,198.20031039530176,4
2025-11-07 23:00:00,195.51265149464757,4
2025-11-08 00:00:00,124.97597706201687,5
2025-11-08 01:00:00,141.59420892475083,5
2025-11-08 02:00:00,149.5281416192634,5
2025-11-08 03:00:00,169.89182106231465,5
2025-11-08 04:00:00,198.9423848207547,5
2025-11-08 05:00:00,198.13952045899438,5
2025-11-08 06:00:00,214.05684525804696,5
2025-11-08 07:00:00,223.16277042607356,5
2025-11-08 08:00:00,237.18990020983165,5
2025-11-08 09:00:00,220.39407378199544,5
2025-11-08 10:00:00,215.1319772238823,5
2025-11-08 11:00:00,213.35719531606696,5
2025-11-08 12:00:00,217.093824233224,5
2025-11-08 13:00:00,222.1486044226282,5
2025-11-08 14:00:00,214.51883072497256,5
2025-11-08 15:00:00,225.14362910285917,5
2025-11-08 16:00:00,222.53070170602922,5
2025-11-08 17:00:00,223.0267123625229,5
2025-11-08 18:00:00,217.18394298815846,5
2025-11-08 19:00:00,199.8664187118649,5
2025-11-08 20:00:00,187.66598834216973,5
2025-11-08 21:00:00,161.4155377115895,5
2025-11-08 22:00:00,158.42692228015414,5
2025-11-08 23:00:00,151.77670211057415,5
2025-11-09 00:00:00,133.20544992310775,6
2025-11-09 01:00:00,143.09593296747153,6
2025-11-09 02:00:00,158.3580275933793,6
2025-11-09 03:00:00,172.64145651042313,6
2025-11-09 04:00:00,188.62891517949984,6
2025-11-09 05:00:00,208.13103043260125,6
2025-11-09 06:00:00,204.039489647767,6
2025-11-09 07:00:00,235.9004656520614,6
2025-11-09 08:00:00,221.33408424021772,6
2025-11-09 09:00:00,221.4442530768956,6
2025-11-09 10:00:00,218.63824147103136,6
2025-11-09 11:00:00,210.19473599714874,6
2025-11-09 12:00:00,225.93775226700473,6
2025-11-09 13:00:00,214.99561300950964,6
2025-11-09 14:00:00,216.61247184053985,6
2025-11-09 15:00:00,231.97122408327928,6
2025-11-09 16:00:00,226.9659661883374,6
2025-11-09 17:00:00,212.0223343026368,6
2025-11-09 18:00:00,218.58788398083468,6
2025-11-09 19:00:00,196.36008829984124,6
2025-11-09 20:00:00,186.28790759410606,6
2025-11-09 21:00:00,174.0538526598448,6
2025-11-09 22:00:00,147.38100325984095,6
2025-11-09 23:00:00,155.67662063143064,6
2025-11-10 00:00:00,172.59143132047387,0
2025-11-10 01:00:00,166.81419966178885,0
2025-11-10 02:00:00,201.86017929588346,0
2025-11-10 03:00:00,218.9508886878376,0
2025-11-10 04:00:00,234.76237517071166,0
2025-11-10 05:00:00,264.4250456932667,0
2025-11-10 06:00:00,276.73773861407614,0
2025-11-10 07:00:00,289.34002154706707,0
2025-11-10 08:00:00,275.9187398599819,0
2025-11-10 09:00:00,287.62605782395616,0
2025-11-10 10:00:00,271.9401261395271,0
2025-11-10 11:00:00,276.4393565707714,0
2025-11-10 12:00:00,269.5982686038582,0
2025-11-10 13:00:00,276.7567154033279,0
2025-11-10 14:00:00,281.3832648071433,0
2025-11-10 15:00:00,284.03435260019944,0
2025-11-10 16:00:00,279.40799534622937,0
2025-11-10 17:00:00,283.7363031059429,0
2025-11-10 18:00:00,262.7127628496588,0
2025-11-10 19:00:00,262.90831537435616,0
2025-11-10 20:00:00,245.06232321918444,0
2025-11-10 21:00:00,209.01030452079033,0
2025-11-10 22:00:00,208.19667617100598,0
2025-11-10 23:00:00,192.09996801540186,0
2025-11-11 00:00:00,184.8821816576197,1
2025-11-11 01:00:00,165.8521155568366,1
2025-11-11 02:00:00,192.72248991848141,1
2025-11-11 03:00:00,209.73184972284398,1
2025-11-11 04:00:00,240.8773900629672,1
2025-11-11 05:00:00,262.2477699260267,1
2025-11-11 06:00:00,267.94245842170966,1
2025-11-11 07:00:00,295.5358575291562,1
2025-11-11 08:00:00,292.9000309509081,1
2025-11-11 09:00:00,288.03547529619357,1
2025-11-11 10:00:00,287.0249359792757,1
2025-11-11 11:00:00,269.2774470635224,1
2025-11-11 12:00:00,282.9415602840443,1
2025-11-11 13:00:00,270.6935218581086,1
2025-11-11 14:00:00,272.2380431686185,1
2025-11-11 15:00:00,290.72553819116223,1
2025-11-11 16:00:00,289.52832028371796,1
2025-11-11 17:00:00,290.26640727318824,1
2025-11-11 18:00:00,274.40916516418963,1
2025-11-11 19:00:00,257.1900698161363,1
2025-11-11 20:00:00,262.04947261977134,1
2025-11-11 21:00:00,199.45743155469367,1
2025-11-11 22:00:00,200.05305225909595,1
2025-11-11 23:00:00,173.59158885398404,1
2025-11-12 00:00:00,164.81973820682805,2
2025-11-12 01:00:00,185.65311046394197,2
2025-11-12 02:00:00,177.6655972296886,2
2025-11-12 03:00:00,216.0928602833654,2
2025-11-12 04:00:00,235.73571746178996,2
2025-11-12 05:00:00,272.82193477469457,2
2025-11-12 06:00:00,278.13308931449825,2
2025-11-12 07:00:00,306.6970761033759,2
2025-11-12 08:00:00,282.6447322849319,2
2025-11-12 09:00:00,285.65886306832084,2
2025-11-12 10:00:00,282.5051450050521,2
2025-11-12 11:00:00,283.7983052800648,2
2025-11-12 12:00:00,278.7618491430793,2
2025-11-12 13:00:00,268.11961319182916,2
2025-11-12 14:00:00,264.9552772082751,2
2025-11-12 15:00:00,306.9108230253506,2
2025-11-12 16:00:00,289.64936898794156,2
2025-11-12 17:00:00,272.3099461222736,2
2025-11-12 18:00:00,273.25505845160484,2
2025-11-12 19:00:00,250.587870268318,2
2025-11-12 20:00:00,226.97792891655402,2
2025-11-12 21:00:00,214.20078549362833,2
2025-11-12 22:00:00,194.96636204735285,2
2025-11-12 23:00:00,178.68719869826936,2
2025-11-13 00:00:00,176.23948554452235,3
2025-11-13 01:00:00,174.6879964044116,3
2025-11-13 02:00:00,186.59497531773934,3
2025-11-13 03:00:00,198.79476385977608,3
2025-11-13 04:00:00,241.0529563851423,3
2025-11-13 05:00:00,265.404102256774,3
2025-11-13 06:00:00,274.8784764256278,3
2025-11-13 07:00:00,284.32215028950236,3
2025-11-13 08:00:00,290.79354875607424,3
2025-11-13 09:00:00,298.9551758071985,3
2025-11-13 10:00:00,286.1555863069787,3
2025-11-13 11:00:00,254.68331777370966,3
2025-11-13 12:00:00,280.311060299982,3
2025-11-13 13:00:00,262.7574381556276,3
2025-11-13 14:00:00,284.34814768069117,3
2025-11-13 15:00:00,276.4866606111471,3
2025-11-13 16:00:00,290.65231719519056,3
2025-11-13 17:00:00,289.10120580518407,3
2025-11-13 18:00:00,272.3778331001488,3
2025-11-13 19:00:00,262.8055646100092,3
2025-11-13 20:00:00,236.67010383554992,3
2025-11-13 21:00:00,211.42056905922277,3
2025-11-13 22:00:00,188.21412862069192,3
2025-11-13 23:00:00,188.81849092616628,3
2025-11-14 00:00:00,164.36260804107175,4
2025-11-14 01:00:00,174.6718609028253,4
2025-11-14 02:00:00,192.98561185618513,4
2025-11-14 03:00:00,210.33035760980155,4
2025-11-14 04:00:00,225.24180164344975,4
2025-11-14 05:00:00,243.62780425493247,4
2025-11-14 06:00:00,267.71303745092257,4
2025-11-14 07:00:00,296.42600299575486,4
2025-11-14 08:00:00,283.7781674357008,4
2025-11-14 09:00:00,282.61550803599937,4
2025-11-14 10:00:00,282.07569228741875,4
2025-11-14 11:00:00,268.00373419908544,4
2025-11-14 12:00:00,266.2769875156841,4
2025-11-14 13:00:00,279.0245524939936,4
2025-11-14 14:00:00,286.7679103304071,4
2025-11-14 15:00:00,283.6264623692778,4
2025-11-14 16:00:00,288.7730523629017,4
2025-11-14 17:00:00,289.3331473996384,4
2025-11-14 18:00:00,269.75427703393365,4
2025-11-14 19:00:00,253.26068370867762,4
2025-11-14 20:00:00,239.38915529015105,4
2025-11-14 21:00:00,226.71333546810234,4
2025-11-14 22:00:00,179.16432522394086,4
2025-11-14 23:00:00,181.5900793472896,4
2025-11-15 00:00:00,138.04137442489287,5
2025-11-15 01:00:00,143.5561588668473,5
2025-11-15 02:00:00,155.7886940725683,5
2025-11-15 03:00:00,184.48336854174633,5
2025-11-15 04:00:00,193.78078940157158,5
2025-11-15 05:00:00,202.80109784293742,5
2025-11-15 06:00:00,207.6171164850627,5
2025-11-15 07:00:00,202.13494616382854,5
2025-11-15 08:00:00,227.503947811815,5
2025-11-15 09:00:00,220.45614874722088,5
2025-11-15 10:00:00,217.20748028008052,5
2025-11-15 11:00:00,204.03970511020935,5
2025-11-15 12:00:00,233.84594905091257,5
2025-11-15 13:00:00,220.06470923145625,5
2025-11-15 14:00:00,226.7789008397226,5
2025-11-15 15:00:00,227.3353692364982,5
2025-11-15 16:00:00,226.9089070071682,5
2025-11-15 17:00:00,221.2283858814246,5
2025-11-15 18:00:00,211.7839201618094,5
2025-11-15 19:00:00,204.43909691419597,5
2025-11-15 20:00:00,179.60189086003888,5
2025-11-15 21:00:00,165.4747595949141,5
2025-11-15 22:00:00,163.2106286361707,5
2025-11-15 23:00:00,133.2810873708587,5
2025-11-16 00:00:00,134.99199860669466,6
2025-11-16 01:00:00,138.8651244902976,6
2025-11-16 02:00:00,157.63796829826614,6
2025-11-16 03:00:00,184.8086861740537,6
2025-11-16 04:00:00,188.72828781512374,6
2025-11-16 05:00:00,219.79595268454705,6
2025-11-16 06:00:00,211.88613517426643,6
2025-11-16 07:00:00,201.8163596177854,6
2025-11-16 08:00:00,225.0988752321166,6
2025-11-16 09:00:00,212.85005948179136,6
2025-11-16 10:00:00,218.34917777180704,6
2025-11-16 11:00:00,213.53811603666853,6
2025-11-16 12:00:00,197.8459155141104,6
2025-11-16 13:00:00,213.16609446524888,6
2025-11-16 14:00:00,214.24223608032196,6
2025-11-16 15:00:00,233.99359626661408,6
2025-11-16 16:00:00,233.02618028215974,6
2025-11-16 17:00:00,226.84509167042916,6
2025-11-16 18:00:00,223.21803851655554,6
2025-11-16 19:00:00,209.2903103185773,6
2025-11-16 20:00:00,191.6884308419164,6
2025-11-16 21:00:00,176.29657546614035,6
2025-11-16 22:00:00,139.76230163756193,6
2025-11-16 23:00:00,152.80075386718465,6
2025-11-17 00:00:00,184.44863499873762,0
2025-11-17 01:00:00,191.09018014039893,0
2025-11-17 02:00:00,185.7392139113072,0
2025-11-17 03:00:00,216.88190846042315,0
2025-11-17 04:00:00,241.11347925194767,0
2025-11-17 05:00:00,263.6247180662309,0
2025-11-17 06:00:00,274.11149091923863,0
2025-11-17 07:00:00,293.9890865121772,0
2025-11-17 08:00:00,293.5652815786285,0
2025-11-17 09:00:00,272.4472364314779,0
2025-11-17 10:00:00,270.046328169051,0
2025-11-17 11:00:00,300.4503309305014,0
2025-11-17 12:00:00,267.3664281125119,0
2025-11-17 13:00:00,258.9935158840275,0
2025-11-17 14:00:00,284.96564643032605,0
2025-11-17 15:00:00,297.74762038889804,0
2025-11-17 16:00:00,266.78926795626677,0
2025-11-17 17:00:00,287.6625008141965,0
2025-11-17 18:00:00,269.87200134667364,0
2025-11-17 19:00:00,244.4483434998461,0
2025-11-17 20:00:00,238.90053342300735,0
2025-11-17 21:00:00,206.0928020573451,0
2025-11-17 22:00:00,184.56938488111078,0
2025-11-17 23:00:00,180.27398181468809,0
2025-11-18 00:00:00,176.17139872328318,1
2025-11-18 01:00:00,176.52487273376184,1
2025-11-18 02:00:00,179.5470750558834,1
2025-11-18 03:00:00,209.16110645952628,1
2025-11-18 04:00:00,225.1758197846481,1
2025-11-18 05:00:00,262.9388444571561,1
2025-11-18 06:00:00,283.4440973479321,1
2025-11-18 07:00:00,280.9490055136713,1
2025-11-18 08:00:00,297.804729956342,1
2025-11-18 09:00:00,287.46318865173805,1
2025-11-18 10:00:00,277.0242596924212,1
2025-11-18 11:00:00,274.96379258770924,1
2025-11-18 12:00:00,267.09321820961134,1
2025-11-18 13:00:00,266.92995378316215,1
2025-11-18 14:00:00,282.81915221496433,1
2025-11-18 15:00:00,271.62125119728387,1
2025-11-18 16:00:00,285.3976761660942,1
2025-11-18 17:00:00,301.2213669237444,1
2025-11-18 18:00:00,267.6188288782311,1
2025-11-18 19:00:00,251.08075397196225,1
2025-11-18 20:00:00,227.56863099028223,1
2025-11-18 21:00:00,210.24363321625532,1
2025-11-18 22:00:00,188.29578504887695,1
2025-11-18 23:00:00,175.23203783463583,1
2025-11-19 00:00:00,173.6040127056655,2
2025-11-19 01:00:00,179.66636981299138,2
2025-11-19 02:00:00,197.77710675844918,2
2025-11-19 03:00:00,212.2920241935166,2
2025-11-19 04:00:00,244.07751439060317,2
2025-11-19 05:00:00,265.6860552926163,2
2025-11-19 06:00:00,272.6997272092712,2
2025-11-19 07:00:00,289.1449324384443,2
2025-11-19 08:00:00,265.0093337607315,2
2025-11-19 09:00:00,286.29645710669143,2
2025-11-19 10:00:00,277.8387762051313,2
2025-11-19 11:00:00,290.50195436455493,2
2025-11-19 12:00:00,279.5962874764315,2
2025-11-19 13:00:00,269.88913989962174,2
2025-11-19 14:00:00,280.7222319016186,2
2025-11-19 15:00:00,282.2765883669311,2
2025-11-19 16:00:00,284.17903692763844,2
2025-11-19 17:00:00,269.45306438226,2
2025-11-19 18:00:00,264.71129964062675,2
2025-11-19 19:00:00,269.8365385074709,2
2025-11-19 20:00:00,230.0936067196372,2
2025-11-19 21:00:00,214.2960453942476,2
2025-11-19 22:00:00,193.05783896710724,2
2025-11-19 23:00:00,184.3692343499829,2
2025-11-20 00:00:00,166.2458435401442,3
2025-11-20 01:00:00,184.88470639777077,3
2025-11-20 02:00:00,195.57349595776788,3
2025-11-20 03:00:00,217.94492315603094,3
2025-11-20 04:00:00,231.70264655485744,3
2025-11-20 05:00:00,263.44952634348624,3
2025-11-20 06:00:00,279.403307673573,3
2025-11-20 07:00:00,279.63679510652486,3
2025-11-20 08:00:00,274.84341529001756,3
2025-11-20 09:00:00,285.4151226349287,3
2025-11-20 10:00:00,268.2242123472602,3
2025-11-20 11:00:00,269.349745316455,3
2025-11-20 12:00:00,272.51629599390503,3
2025-11-20 13:00:00,272.0706901729252,3
2025-11-20 14:00:00,281.0059908809582,3
2025-11-20 15:00:00,300.7376565450832,3
2025-11-20 16:00:00,288.590843001419,3
2025-11-20 17:00:00,298.5710235805369,3
2025-11-20 18:00:00,275.5544809504518,3
2025-11-20 19:00:00,258.9306700199517,3
2025-11-20 20:00:00,222.97287916449963,3
2025-11-20 21:00:00,212.6160129037989,3
2025-11-20 22:00:00,193.28498706675327,3
2025-11-20 23:00:00,182.41505079039658,3
2025-11-21 00:00:00,173.1278729692292,4
2025-11-21 01:00:00,174.17317697108444,4
2025-11-21 02:00:00,200.68947476826708,4
2025-11-21 03:00:00,225.8720703650777,4
2025-11-21 04:00:00,243.37453692572896,4
2025-11-21 05:00:00,248.08091249524676,4
2025-11-21 06:00:00,278.37737671852597,4
2025-11-21 07:00:00,281.7079168122128,4
2025-11-21 08:00:00,273.59063409234585,4
2025-11-21 09:00:00,285.17616183283207,4
2025-11-21 10:00:00,286.4950433384831,4
2025-11-21 11:00:00,278.37006562418594,4
2025-11-21 12:00:00,277.39437680056704,4
2025-11-21 13:00:00,286.2924691430287,4
2025-11-21 14:00:00,289.53853128419416,4
2025-11-21 15:00:00,303.53485806210267,4
2025-11-21 16:00:00,291.4995741941712,4
2025-11-21 17:00:00,278.58722695594946,4
2025-11-21 18:00:00,269.21916721665167,4
2025-11-21 19:00:00,262.57501423977436,4
2025-11-21 20:00:00,232.7144103811224,4
2025-11-21 21:00:00,202.94270709637814,4
2025-11-21 22:00:00,209.89498340173557,4
2025-11-21 23:00:00,177.03378154542088,4
2025-11-22 00:00:00,147.21534669821756,5
2025-11-22 01:00:00,139.10321084361814,5
2025-11-22 02:00:00,153.8092895526841,5
2025-11-22 03:00:00,162.6972283126527,5
2025-11-22 04:00:00,193.80816274604388,5
2025-11-22 05:00:00,212.85740617264904,5
2025-11-22 06:00:00,217.7212777250587,5
2025-11-22 07:00:00,226.7946057796847,5
2025-11-22 08:00:00,224.53358772944446,5
2025-11-22 09:00:00,221.1420757216306,5
2025-11-22 10:00:00,232.8078956552306,5
2025-11-22 11:00:00,212.54423831341325,5
2025-11-22 12:00:00,217.34207384360414,5
2025-11-22 13:00:00,207.50967187401685,5
2025-11-22 14:00:00,217.3640111238149,5
2025-11-22 15:00:00,210.81822265612533,5
2025-11-22 16:00:00,227.07704595617136,5
2025-11-22 17:00:00,221.4110896852861,5
2025-11-22 18:00:00,212.06690601346008,5
2025-11-22 19:00:00,217.2613867118628,5
2025-11-22 20:00:00,167.42148315383125,5
2025-11-22 21:00:00,187.29055547366247,5
2025-11-22 22:00:00,159.1887383836295,5
2025-11-22 23:00:00,135.20323651463158,5
2025-11-23 00:00:00,131.19243296922537,6
2025-11-23 01:00:00,142.37119515661016,6
2025-11-23 02:00:00,141.02088282827555,6
2025-11-23 03:00:00,170.89736718215823,6
2025-11-23 04:00:00,184.78956357067355,6
2025-11-23 05:00:00,196.46194471130772,6
2025-11-23 06:00:00,209.51465977625026,6
2025-11-23 07:00:00,205.32742413155665,6
2025-11-23 08:00:00,222.38751534635537,6
2025-11-23 09:00:00,219.81774372650713,6
2025-11-23 10:00:00,212.74897834756527,6
2025-11-23 11:00:00,214.38217951437738,6
2025-11-23 12:00:00,221.8926682105714,6
2025-11-23 13:00:00,231.13724633846306,6
2025-11-23 14:00:00,222.82933296514923,6
2025-11-23 15:00:00,225.19889773848558,6
2025-11-23 16:00:00,213.2699740090243,6
2025-11-23 17:00:00,222.63043412803967,6
2025-11-23 18:00:00,217.38070228928848,6
2025-11-23 19:00:00,200.85920387931958,6
2025-11-23 20:00:00,173.14997304693406,6
2025-11-23 21:00:00,172.27799899581717,6
2025-11-23 22:00:00,164.43808077154978,6
2025-11-23 23:00:00,137.03086120268722,6
2025-11-24 00:00:00,174.4643092320315,0
2025-11-24 01:00:00,178.104340867167,0
2025-11-24 02:00:00,193.33121436704872,0
2025-11-24 03:00:00,218.9839523815162,0
2025-11-24 04:00:00,233.5674845282651,0
2025-11-24 05:00:00,250.41413460964617,0
2025-11-24 06:00:00,277.9280142337538,0
2025-11-24 07:00:00,273.1477010377796,0
2025-11-24 08:00:00,303.29131611019255,0
2025-11-24 09:00:00,288.28192684054505,0
2025-11-24 10:00:00,280.0279290488738,0
2025-11-24 11:00:00,268.9557459560635,0
2025-11-24 12:00:00,281.72134638645406,0
2025-11-24 13:00:00,290.00812616183913,0
2025-11-24 14:00:00,275.13336992358643,0
2025-11-24 15:00:00,286.54845164452485,0
2025-11-24 16:00:00,288.7159874485658,0
2025-11-24 17:00:00,282.41684989141004,0
2025-11-24 18:00:00,287.9187858144988,0
2025-11-24 19:00:00,246.68253043454837,0
2025-11-24 20:00:00,253.71606055985472,0
2025-11-24 21:00:00,211.04488459762717,0
2025-11-24 22:00:00,197.50554066295726,0
2025-11-24 23:00:00,177.46940560526323,0
2025-11-25 00:00:00,192.20284812512983,1
2025-11-25 01:00:00,196.09941538065758,1
2025-11-25 02:00:00,194.91226636868433,1
2025-11-25 03:00:00,204.2822398098886,1
2025-11-25 04:00:00,239.96264356032793,1
2025-11-25 05:00:00,257.8906640592955,1
2025-11-25 06:00:00,263.91304937549944,1
2025-11-25 07:00:00,288.118640128955,1
2025-11-25 08:00:00,293.4579698759952,1
2025-11-25 09:00:00,299.1266207597559,1
2025-11-25 10:00:00,279.4819907249721,1
2025-11-25 11:00:00,285.41038928955913,1
2025-11-25 12:00:00,269.94924731613213,1
2025-11-25 13:00:00,276.95008068177884,1
2025-11-25 14:00:00,272.7279376632267,1
2025-11-25 15:00:00,291.7802882621471,1
2025-11-25 16:00:00,287.3262215093162,1
2025-11-25 17:00:00,286.9473290433328,1
2025-11-25 18:00:00,287.5657348776597,1
2025-11-25 19:00:00,253.37462953157234,1
2025-11-25 20:00:00,241.71964369860055,1
2025-11-25 21:00:00,220.7572583723123,1
2025-11-25 22:00:00,186.4275354284047,1
2025-11-25 23:00:00,185.1699374691946,1
2025-11-26 00:00:00,162.67333832902608,2
2025-11-26 01:00:00,176.30029202374698,2
2025-11-26 02:00:00,190.99624023518487,2
2025-11-26 03:00:00,218.0146887565111,2
2025-11-26 04:00:00,244.24438549731218,2
2025-11-26 05:00:00,258.0455415492304,2
2025-11-26 06:00:00,268.674781583627,2
2025-11-26 07:00:00,277.7164129177897,2
2025-11-26 08:00:00,288.0314535852664,2
2025-11-26 09:00:00,279.0308706552792,2
2025-11-26 10:00:00,281.9460670940704,2
2025-11-26 11:00:00,264.5520448398677,2
2025-11-26 12:00:00,257.291381526488,2
2025-11-26 13:00:00,284.5618953428446,2
2025-11-26 14:00:00,289.7633530026147,2
2025-11-26 15:00:00,282.2199101596608,2
2025-11-26 16:00:00,294.6886942238639,2
2025-11-26 17:00:00,275.1036668846165,2
2025-11-26 18:00:00,265.38738687940537,2
2025-11-26 19:00:00,266.0899754693606,2
2025-11-26 20:00:00,252.05189455162045,2
2025-11-26 21:00:00,221.03227866689508,2
2025-11-26 22:00:00,202.04045612715117,2
2025-11-26 23:00:00,179.55236199173018,2
2025-11-27 00:00:00,175.4226897862568,3
2025-11-27 01:00:00,182.24984141297574,3
2025-11-27 02:00:00,191.36105866122776,3
2025-11-27 03:00:00,215.27943100222146,3
2025-11-27 04:00:00,252.74172872936242,3
2025-11-27 05:00:00,259.41444361502664,3
2025-11-27 06:00:00,273.5591637021698,3
2025-11-27 07:00:00,266.4330256675811,3
2025-11-27 08:00:00,284.12801059851523,3
2025-11-27 09:00:00,293.25479572550324,3
2025-11-27 10:00:00,276.9671606638137,3
2025-11-27 11:00:00,267.096549989104,3
2025-11-27 12:00:00,270.21222954840937,3
2025-11-27 13:00:00,272.8676720119587,3
2025-11-27 14:00:00,280.41753708026204,3
2025-11-27 15:00:00,286.86417366914134,3
2025-11-27 16:00:00,284.02527845206106,3
2025-11-27 17:00:00,288.5793482253484,3
2025-11-27 18:00:00,264.2804744183677,3
2025-11-27 19:00:00,250.75140403617755,3
2025-11-27 20:00:00,237.15407171908083,3
2025-11-27 21:00:00,219.18795282473937,3
2025-11-27 22:00:00,191.65643955253844,3
2025-11-27 23:00:00,174.9160510771111,3
2025-11-28 00:00:00,166.59057256707155,4
2025-11-28 01:00:00,172.25425799036068,4
2025-11-28 02:00:00,193.8269627410852,4
2025-11-28 03:00:00,195.30807935484017,4
2025-11-28 04:00:00,257.968982906409,4
2025-11-28 05:00:00,253.79975957852972,4
2025-11-28 06:00:00,286.6276690305809,4
2025-11-28 07:00:00,275.55360164233934,4
2025-11-28 08:00:00,292.4799693518098,4
2025-11-28 09:00:00,283.04078936455295,4
2025-11-28 10:00:00,288.07782900360803,4
2025-11-28 11:00:00,283.37341092241513,4
2025-11-28 12:00:00,280.0696799555599,4
2025-11-28 13:00:00,269.0969204942346,4
2025-11-28 14:00:00,290.2330127107986,4
2025-11-28 15:00:00,265.8097187151615,4
2025-11-28 16:00:00,278.70681850575346,4
2025-11-28 17:00:00,299.54109221341446,4
2025-11-28 18:00:00,272.9398407873258,4
2025-11-28 19:00:00,261.35642194690377,4
2025-11-28 20:00:00,221.0168169115079,4
2025-11-28 21:00:00,208.97154293344147,4
2025-11-28 22:00:00,186.02519053574468,4
2025-11-28 23:00:00,184.75408668485758,4
2025-11-29 00:00:00,131.10529627458502,5
2025-11-29 01:00:00,145.81810234599646,5
2025-11-29 02:00:00,145.56665498647138,5
2025-11-29 03:00:00,170.54645303776562,5
2025-11-29 04:00:00,187.3701612745553,5
2025-11-29 05:00:00,186.43709861212324,5
2025-11-29 06:00:00,205.32343887499013,5
2025-11-29 07:00:00,231.95543668415948,5
2025-11-29 08:00:00,230.41901448956216,5
2025-11-29 09:00:00,218.06215143340162,5
2025-11-29 10:00:00,226.78727224424188,5
2025-11-29 11:00:00,202.48262657460893,5
2025-11-29 12:00:00,222.43229109542546,5
2025-11-29 13:00:00,208.94718001771562,5
2025-11-29 14:00:00,224.05743246808692,5
2025-11-29 15:00:00,234.1737097577068,5
2025-11-29 16:00:00,213.4620802726559,5
2025-11-29 17:00:00,213.5355016725963,5
2025-11-29 18:00:00,208.3422028873684,5
2025-11-29 19:00:00,197.4948030314794,5
2025-11-29 20:00:00,179.4761848547847,5
2025-11-29 21:00:00,155.0244636687553,5
2025-11-29 22:00:00,148.7038219279445,5
2025-11-29 23:00:00,142.66188697243908,5
2025-11-30 00:00:00,120.76867989684065,6
2025-11-30 01:00:00,133.10095082844984,6
2025-11-30 02:00:00,159.35093875543373,6
2025-11-30 03:00:00,156.89036825483066,6
2025-11-30 04:00:00,175.9148428414647,6
2025-11-30 05:00:00,190.90915636410898,6
2025-11-30 06:00:00,219.59893745073092,6
2025-11-30 07:00:00,236.37569356173796,6
2025-11-30 08:00:00,218.2977367688177,6
2025-11-30 09:00:00,226.8854812314206,6
2025-11-30 10:00:00,215.34957802502436,6
2025-11-30 11:00:00,213.8791701114027,6
2025-11-30 12:00:00,207.03454842284432,6
2025-11-30 13:00:00,220.27573508783453,6
2025-11-30 14:00:00,229.70510524690394,6
2025-11-30 15:00:00,224.28534868393407,6
2025-11-30 16:00:00,223.86973323787754,6
2025-11-30 17:00:00,221.53662839909316,6
2025-11-30 18:00:00,222.94224620553405,6
2025-11-30 19:00:00,206.9091885168848,6
2025-11-30 20:00:00,194.23950233866276,6
2025-11-30 21:00:00,181.94724216602273,6
2025-11-30 22:00:00,151.73735635560448,6
2025-11-30 23:00:00,136.48513428640945,6
2025-12-01 00:00:00,164.93879099372552,0
2025-12-01 01:00:00,185.65996127632073,0
2025-12-01 02:00:00,193.42217457055438,0
2025-12-01 03:00:00,216.1618910809794,0
2025-12-01 04:00:00,233.9312968628814,0
2025-12-01 05:00:00,263.9937181596269,0
2025-12-01 06:00:00,282.9169130971471,0
2025-12-01 07:00:00,291.0704337835339,0
2025-12-01 08:00:00,295.4324526606425,0
2025-12-01 09:00:00,280.06029115290534,0
2025-12-01 10:00:00,271.89910976558775,0
2025-12-01 11:00:00,282.12259365834575,0
2025-12-01 12:00:00,271.9994452330019,0
2025-12-01 13:00:00,275.1287486492748,0
2025-12-01 14:00:00,282.80613353119844,0
2025-12-01 15:00:00,292.6059162202685,0
2025-12-01 16:00:00,292.13372991242716,0
2025-12-01 17:00:00,284.76541007150814,0
2025-12-01 18:00:00,280.86997132414444,0
2025-12-01 19:00:00,269.74681545205834,0
2025-12-01 20:00:00,242.52283817791343,0
2025-12-01 21:00:00,221.39989606415878,0
2025-12-01 22:00:00,188.41602154587278,0
2025-12-01 23:00:00,181.40204560213812,0
2025-12-02 00:00:00,176.91843253760348,1
2025-12-02 01:00:00,183.46166625674533,1
2025-12-02 02:00:00,187.45334420466443,1
2025-12-02 03:00:00,208.69493578950372,1
2025-12-02 04:00:00,229.42941820231488,1
2025-12-02 05:00:00,263.31718231408627,1
2025-12-02 06:00:00,268.2172804054907,1
2025-12-02 07:00:00,291.8202847601547,1
2025-12-02 08:00:00,282.1293614086001,1
2025-12-02 09:00:00,290.7216481042567,1
2025-12-02 10:00:00,277.7437831766245,1
2025-12-02 11:00:00,274.6914886956459,1
2025-12-02 12:00:00,277.8279616651406,1
2025-12-02 13:00:00,279.09201808845586,1
2025-12-02 14:00:00,291.16629771859374,1
2025-12-02 15:00:00,271.4190780328808,1
2025-12-02 16:00:00,289.94716317776664,1
2025-12-02 17:00:00,281.1311130228778,1
2025-12-02 18:00:00,281.9654239752755,1
2025-12-02 19:00:00,257.4174213418444,1
2025-12-02 20:00:00,230.43528066883226,1
2025-12-02 21:00:00,228.8133045018302,1
2025-12-02 22:00:00,201.13862427921242,1
2025-12-02 23:00:00,184.93494622581656,1
2025-12-03 00:00:00,174.4937991395081,2
2025-12-03 01:00:00,174.91881499874012,2
2025-12-03 02:00:00,205.11538496468552,2
2025-12-03 03:00:00,223.48161793685534,2
2025-12-03 04:00:00,236.87695108036218,2
2025-12-03 05:00:00,260.56127211324156,2
2025-12-03 06:00:00,282.0852353753858,2
2025-12-03 07:00:00,274.46839482350725,2
2025-12-03 08:00:00,280.9038565041487,2
2025-12-03 09:00:00,271.54621193940835,2
2025-12-03 10:00:00,279.7903808822222,2
2025-12-03 11:00:00,275.3693813993554,2
2025-12-03 12:00:00,270.245525232248,2
2025-12-03 13:00:00,260.94768860533765,2
2025-12-03 14:00:00,293.4607728151152,2
2025-12-03 15:00:00,290.07047445026797,2
2025-12-03 16:00:00,276.2967945606268,2
2025-12-03 17:00:00,270.635585819185,2
2025-12-03 18:00:00,281.07611130105056,2
2025-12-03 19:00:00,265.6093778823679,2
2025-12-03 20:00:00,246.82187288547203,2
2025-12-03 21:00:00,216.73669055232233,2
2025-12-03 22:00:00,197.35435049111192,2
2025-12-03 23:00:00,177.4247288563839,2
2025-12-04 00:00:00,178.855720660728,3
2025-12-04 01:00:00,191.46363839609538,3
2025-12-04 02:00:00,194.00111722498164,3
2025-12-04 03:00:00,205.48147211673657,3
2025-12-04 04:00:00,237.5751882208284,3
2025-12-04 05:00:00,272.7366666587538,3
2025-12-04 06:00:00,276.2350398236766,3
2025-12-04 07:00:00,287.542446561753,3
2025-12-04 08:00:00,294.0476127956472,3
2025-12-04 09:00:00,281.31836081679063,3
2025-12-04 10:00:00,285.7114706426421,3
2025-12-04 11:00:00,278.38178452510454,3
2025-12-04 12:00:00,279.37206959356814,3
2025-12-04 13:00:00,271.76195127046174,3
2025-12-04 14:00:00,300.71181010022593,3
2025-12-04 15:00:00,277.38940742599044,3
2025-12-04 16:00:00,287.3672961046779,3
2025-12-04 17:00:00,288.36844297346545,3
2025-12-04 18:00:00,269.5771062782164,3
2025-12-04 19:00:00,252.9016058401082,3
2025-12-04 20:00:00,239.67728988270184,3
2025-12-04 21:00:00,224.29484815370424,3
2025-12-04 22:00:00,209.26365214338668,3
2025-12-04 23:00:00,184.05322622514703,3
2025-12-05 00:00:00,180.41466265960204,4
2025-12-05 01:00:00,186.31710361928992,4
2025-12-05 02:00:00,202.53881494316977,4
2025-12-05 03:00:00,208.95073908210082,4
2025-12-05 04:00:00,240.3703338376556,4
2025-12-05 05:00:00,259.6317348031758,4
2025-12-05 06:00:00,276.81100056695226,4
2025-12-05 07:00:00,290.9965161757428,4
2025-12-05 08:00:00,277.49601716392505,4
2025-12-05 09:00:00,275.85650618759604,4
2025-12-05 10:00:00,289.8751809846989,4
2025-12-05 11:00:00,271.21803235915803,4
2025-12-05 12:00:00,276.1409323415337,4
2025-12-05 13:00:00,265.9644576950609,4
2025-12-05 14:00:00,280.08650313811296,4
2025-12-05 15:00:00,281.88097516859926,4
2025-12-05 16:00:00,280.9424754249306,4
2025-12-05 17:00:00,278.5913739964099,4
2025-12-05 18:00:00,272.7001062261111,4
2025-12-05 19:00:00,265.26455896514096,4
2025-12-05 20:00:00,237.26762645883247,4
2025-12-05 21:00:00,230.25868943200325,4
2025-12-05 22:00:00,196.96497261032397,4
2025-12-05 23:00:00,182.64262424309504,4
2025-12-06 00:00:00,128.97456292540042,5
2025-12-06 01:00:00,160.33611031850882,5
2025-12-06 02:00:00,148.59716491492492,5
2025-12-06 03:00:00,159.8562776149677,5
2025-12-06 04:00:00,193.88068914703933,5
2025-12-06 05:00:00,200.9436456423289,5
2025-12-06 06:00:00,217.65402664391567,5
2025-12-06 07:00:00,222.50892876894648,5
2025-12-06 08:00:00,216.29805290032968,5
2025-12-06 09:00:00,228.41171063482437,5
2025-12-06 10:00:00,219.3965035376659,5
2025-12-06 11:00:00,213.56845345963507,5
2025-12-06 12:00:00,225.66981465508542,5
2025-12-06 13:00:00,209.76899999296552,5
2025-12-06 14:00:00,212.0899137764865,5
2025-12-06 15:00:00,220.9324018160961,5
2025-12-06 16:00:00,222.37735849973265,5
2025-12-06 17:00:00,218.6015930866589,5
2025-12-06 18:00:00,207.4242538559082,5
2025-12-06 19:00:00,199.63633937630004,5
2025-12-06 20:00:00,170.1446519031707,5
2025-12-06 21:00:00,167.8578666682082,5
2025-12-06 22:00:00,149.7525333891674,5
2025-12-06 23:00:00,145.8632988423031,5
2025-12-07 00:00:00,146.88978434044162,6
2025-12-07 01:00:00,135.13546001912815,6
2025-12-07 02:00:00,148.88539299570775,6
2025-12-07 03:00:00,166.18286892719576,6
2025-12-07 04:00:00,196.55288787094423,6
2025-12-07 05:00:00,206.905230733837,6
2025-12-07 06:00:00,202.09848390639527,6
2025-12-07 07:00:00,222.11715265658424,6
2025-12-07 08:00:00,216.08723644400555,6
2025-12-07 09:00:00,231.1175385310402,6
2025-12-07 10:00:00,227.8438844005188,6
2025-12-07 11:00:00,214.80716067457408,6
2025-12-07 12:00:00,215.48178527111511,6
2025-12-07 13:00:00,216.38936312374028,6
2025-12-07 14:00:00,219.9444643733672,6
2025-12-07 15:00:00,213.16125674967557,6
2025-12-07 16:00:00,225.95167547697625,6
2025-12-07 17:00:00,223.63685625362038,6
2025-12-07 18:00:00,217.74809783158236,6
2025-12-07 19:00:00,197.97825191863228,6
2025-12-07 20:00:00,187.72213114839298,6
2025-12-07 21:00:00,170.87473070219946,6
2025-12-07 22:00:00,156.15068273445374,6
2025-12-07 23:00:00,136.6420912205406,6
2025-12-08 00:00:00,163.50106101061968,0
2025-12-08 01:00:00,179.35400905141157,0
2025-12-08 02:00:00,209.65336866067506,0
2025-12-08 03:00:00,201.01026640716617,0
2025-12-08 04:00:00,246.36645162304694,0
2025-12-08 05:00:00,261.64493263164877,0
2025-12-08 06:00:00,267.942259890918,0
2025-12-08 07:00:00,274.27642139500836,0
2025-12-08 08:00:00,275.1223605177517,0
2025-12-08 09:00:00,287.07070305656384,0
2025-12-08 10:00:00,273.04753445865884,0
2025-12-08 11:00:00,271.54190048146427,0
2025-12-08 12:00:00,276.46769014093184,0
2025-12-08 13:00:00,280.12822807454387,0
2025-12-08 14:00:00,279.39006256244454,0
2025-12-08 15:00:00,296.0143499267089,0
2025-12-08 16:00:00,289.2614972104962,0
2025-12-08 17:00:00,291.64938289211784,0
2025-12-08 18:00:00,270.38905948361474,0
2025-12-08 19:00:00,248.87638605488976,0
2025-12-08 20:00:00,236.64185505093457,0
2025-12-08 21:00:00,215.31947594483685,0
2025-12-08 22:00:00,178.44374967757764,0
2025-12-08 23:00:00,180.61745393288422,0
2025-12-09 00:00:00,179.84450818626303,1
2025-12-09 01:00:00,174.63131075649213,1
2025-12-09 02:00:00,190.74254328344855,1
2025-12-09 03:00:00,229.7325126746351,1
2025-12-09 04:00:00,238.12027625180255,1
2025-12-09 05:00:00,259.4793005357565,1
2025-12-09 06:00:00,269.35759489063855,1
2025-12-09 07:00:00,298.8425502157723,1
2025-12-09 08:00:00,278.82591761042306,1
2025-12-09 09:00:00,286.71203406978015,1
2025-12-09 10:00:00,270.2986641216871,1
2025-12-09 11:00:00,283.80704386423076,1
2025-12-09 12:00:00,282.13721762014467,1
2025-12-09 13:00:00,273.40834402436735,1
2025-12-09 14:00:00,272.3008384608245,1
2025-12-09 15:00:00,269.2694723980364,1
2025-12-09 16:00:00,286.4303471993192,1
2025-12-09 17:00:00,282.08598621183,1
2025-12-09 18:00:00,268.2077439267429,1
2025-12-09 19:00:00,267.86153496226024,1
2025-12-09 20:00:00,235.76055728269714,1
2025-12-09 21:00:00,219.02270830709202,1
2025-12-09 22:00:00,209.96156663190052,1
2025-12-09 23:00:00,179.54672122596324,1
2025-12-10 00:00:00,174.69124889472607,2
2025-12-10 01:00:00,198.13395160305998,2
2025-12-10 02:00:00,189.1154214990363,2
2025-12-10 03:00:00,207.75127861993678,2
2025-12-10 04:00:00,233.26649896841042,2
2025-12-10 05:00:00,259.57485786164057,2
2025-12-10 06:00:00,271.71772284765115,2
2025-12-10 07:00:00,287.1663177969939,2
2025-12-10 08:00:00,291.2544006318635,2
2025-12-10 09:00:00,286.9785522223139,2
2025-12-10 10:00:00,289.74331791787966,2
2025-12-10 11:00:00,291.64155473340793,2
2025-12-10 12:00:00,272.6149956752114,2
2025-12-10 13:00:00,287.7526081006502,2
2025-12-10 14:00:00,288.05356533997997,2
2025-12-10 15:00:00,279.87554495792637,2
2025-12-10 16:00:00,300.026921939103,2
2025-12-10 17:00:00,295.4618771857821,2
2025-12-10 18:00:00,271.7365785440629,2
2025-12-10 19:00:00,260.042826923474,2
2025-12-10 20:00:00,235.68995912951007,2
2025-12-10 21:00:00,228.13393602082658,2
2025-12-10 22:00:00,192.6491141867857,2
2025-12-10 23:00:00,167.3112613075919,2
2025-12-11 00:00:00,171.19904779881355,3
2025-12-11 01:00:00,169.99782785578373,3
2025-12-11 02:00:00,194.49721856698446,3
2025-12-11 03:00:00,212.74451516937123,3
2025-12-11 04:00:00,224.88979581396927,3
2025-12-11 05:00:00,245.77210604882595,3
2025-12-11 06:00:00,291.84614134564674,3
2025-12-11 07:00:00,292.89906722515855,3
2025-12-11 08:00:00,277.466904766758,3
2025-12-11 09:00:00,286.51533117817803,3
2025-12-11 10:00:00,282.3015764201396,3
2025-12-11 11:00:00,282.4806237270225,3
2025-12-11 12:00:00,284.6381680998961,3
2025-12-11 13:00:00,284.83534702838176,3
2025-12-11 14:00:00,275.3870624061407,3
2025-12-11 15:00:00,286.16097299695934,3
2025-12-11 16:00:00,286.7015449309512,3
2025-12-11 17:00:00,278.08952636343696,3
2025-12-11 18:00:00,272.7592712272211,3
2025-12-11 19:00:00,238.33459083665505,3
2025-12-11 20:00:00,236.16859309985625,3
2025-12-11 21:00:00,226.480267960011,3
2025-12-11 22:00:00,180.97840419090727,3
2025-12-11 23:00:00,181.36395284259132,3
2025-12-12 00:00:00,182.2657225539689,4
2025-12-12 01:00:00,178.16867303065908,4
2025-12-12 02:00:00,194.63777497179467,4
2025-12-12 03:00:00,217.30361789907255,4
2025-12-12 04:00:00,232.85186925518755,4
2025-12-12 05:00:00,248.70308514644273,4
2025-12-12 06:00:00,274.6014830016504,4
2025-12-12 07:00:00,274.87799015274464,4
2025-12-12 08:00:00,290.83172391468787,4
2025-12-12 09:00:00,286.6248044080951,4
2025-12-12 10:00:00,280.49365113501625,4
2025-12-12 11:00:00,282.87433575548556,4
2025-12-12 12:00:00,286.3192461115414,4
2025-12-12 13:00:00,276.42989420563435,4
2025-12-12 14:00:00,282.9582497458814,4
2025-12-12 15:00:00,278.22026006873443,4
2025-12-12 16:00:00,280.6385575629389,4
2025-12-12 17:00:00,291.60604477768703,4
2025-12-12 18:00:00,272.35880988440596,4
2025-12-12 19:00:00,260.6964610223043,4
2025-12-12 20:00:00,238.71497954844048,4
2025-12-12 21:00:00,224.75477532523118,4
2025-12-12 22:00:00,199.67872423678384,4
2025-12-12 23:00:00,185.74671194284807,4
2025-12-13 00:00:00,133.02080968150293,5
2025-12-13 01:00:00,147.72434341505195,5
2025-12-13 02:00:00,156.84195359365975,5
2025-12-13 03:00:00,164.85844744494875,5
2025-12-13 04:00:00,191.96036341135465,5
2025-12-13 05:00:00,197.92354424771045,5
2025-12-13 06:00:00,217.66669788896783,5
2025-12-13 07:00:00,204.17343304308258,5
2025-12-13 08:00:00,231.59953048199858,5
2025-12-13 09:00:00,229.68536182655163,5
2025-12-13 10:00:00,209.14151619314902,5
2025-12-13 11:00:00,207.06186224664313,5
2025-12-13 12:00:00,211.35175989545098,5
2025-12-13 13:00:00,217.15720216242516,5
2025-12-13 14:00:00,220.47185201489262,5
2025-12-13 15:00:00,215.50787079710375,5
2025-12-13 16:00:00,238.743956903791,5
2025-12-13 17:00:00,211.24709344602667,5
2025-12-13 18:00:00,234.84095859069518,5
2025-12-13 19:00:00,205.3366766746124,5
2025-12-13 20:00:00,181.1745995763937,5
2025-12-13 21:00:00,170.26388728228162,5
2025-12-13 22:00:00,172.0996947466876,5
2025-12-13 23:00:00,137.9907705308752,5
2025-12-14 00:00:00,137.32240208146595,6
2025-12-14 01:00:00,138.90610390393735,6
2025-12-14 02:00:00,162.55275906627364,6
2025-12-14 03:00:00,162.75634826159163,6
2025-12-14 04:00:00,186.48650679184922,6
2025-12-14 05:00:00,195.69283435434104,6
2025-12-14 06:00:00,229.25381880919872,6
2025-12-14 07:00:00,224.41373371228144,6
2025-12-14 08:00:00,222.36810611814346,6
2025-12-14 09:00:00,225.59842542478796,6
2025-12-14 10:00:00,216.9340795253304,6
2025-12-14 11:00:00,214.69845006543773,6
2025-12-14 12:00:00,222.7681282306776,6
2025-12-14 13:00:00,215.04764927376687,6
2025-12-14 14:00:00,226.84895191034815,6
2025-12-14 15:00:00,231.4542680894363,6
2025-12-14 16:00:00,219.76052427859963,6
2025-12-14 17:00:00,216.28393512579126,6
2025-12-14 18:00:00,220.33181474065032,6
2025-12-14 19:00:00,186.9831301755374,6
2025-12-14 20:00:00,179.93702705568327,6
2025-12-14 21:00:00,171.71387325829178,6
2025-12-14 22:00:00,153.14246041846752,6
2025-12-14 23:00:00,133.27397601896885,6
2025-12-15 00:00:00,178.69754114497832,0
2025-12-15 01:00:00,186.35237452773447,0
2025-12-15 02:00:00,196.23268534526548,0
2025-12-15 03:00:00,230.14736552553467,0
2025-12-15 04:00:00,238.5222412933227,0
2025-12-15 05:00:00,255.0386060820715,0
2025-12-15 06:00:00,269.02080665494424,0
2025-12-15 07:00:00,286.76811880101025,0
2025-12-15 08:00:00,289.5583247059819,0
2025-12-15 09:00:00,295.0116943468821,0
2025-12-15 10:00:00,282.3838779195175,0
2025-12-15 11:00:00,268.71132561816637,0
2025-12-15 12:00:00,271.7266585422007,0
2025-12-15 13:00:00,266.8945402003503,0
2025-12-15 14:00:00,277.7357471236367,0
2025-12-15 15:00:00,296.09910112613585,0
2025-12-15 16:00:00,293.6956724031776,0
2025-12-15 17:00:00,300.2859350862597,0
2025-12-15 18:00:00,289.0497758284696,0
2025-12-15 19:00:00,254.4581720376294,0
2025-12-15 20:00:00,229.19260547804097,0
2025-12-15 21:00:00,205.9362388216286,0
2025-12-15 22:00:00,203.34663222590802,0
2025-12-15 23:00:00,174.49349496502927,0
2025-12-16 00:00:00,177.23787098477607,1
2025-12-16 01:00:00,171.79172905316597,1
2025-12-16 02:00:00,191.68139627222652,1
2025-12-16 03:00:00,199.0162133292937,1
2025-12-16 04:00:00,242.46277739872065,1
2025-12-16 05:00:00,260.04459926662247,1
2025-12-16 06:00:00,285.9679407432066,1
2025-12-16 07:00:00,280.9437122420489,1
2025-12-16 08:00:00,287.8809101525701,1
2025-12-16 09:00:00,294.99742859703855,1
2025-12-16 10:00:00,282.62619409881154,1
2025-12-16 11:00:00,285.8169939634453,1
2025-12-16 12:00:00,279.5780672452339,1
2025-12-16 13:00:00,275.9358064468481,1
2025-12-16 14:00:00,271.6969191956133,1
2025-12-16 15:00:00,275.09929647082214,1
2025-12-16 16:00:00,292.5405863489184,1
2025-12-16 17:00:00,277.76498171559433,1
2025-12-16 18:00:00,278.074261966345,1
2025-12-16 19:00:00,255.52552291239707,1
2025-12-16 20:00:00,229.05169885628095,1
2025-12-16 21:00:00,222.0646020827808,1
2025-12-16 22:00:00,193.83512915806526,1
2025-12-16 23:00:00,182.16355780512288,1
2025-12-17 00:00:00,174.3253953085013,2
2025-12-17 01:00:00,186.81305003821896,2
2025-12-17 02:00:00,200.14666240750063,2
2025-12-17 03:00:00,209.40517170624133,2
2025-12-17 04:00:00,242.31121985107947,2
2025-12-17 05:00:00,259.43224077594147,2
2025-12-17 06:00:00,280.40594198458825,2
2025-12-17 07:00:00,287.278910219493,2
2025-12-17 08:00:00,295.512409049326,2
2025-12-17 09:00:00,285.0832073051089,2
2025-12-17 10:00:00,264.78986777035755,2
2025-12-17 11:00:00,290.5561690797444,2
2025-12-17 12:00:00,278.25695342538916,2
2025-12-17 13:00:00,287.29279188049367,2
2025-12-17 14:00:00,289.2046281249694,2
2025-12-17 15:00:00,258.9564619882964,2
2025-12-17 16:00:00,286.9358041141748,2
2025-12-17 17:00:00,275.5589841913858,2
2025-12-17 18:00:00,272.98284808484914,2
2025-12-17 19:00:00,271.6658904415527,2
2025-12-17 20:00:00,241.91414696854207,2
2025-12-17 21:00:00,214.30296335448637,2
2025-12-17 22:00:00,192.8297947486671,2
2025-12-17 23:00:00,185.01127641763904,2
2025-12-18 00:00:00,180.19798141718508,3
2025-12-18 01:00:00,164.8600794440475,3
2025-12-18 02:00:00,199.54137340360668,3
2025-12-18 03:00:00,216.90065523601794,3
2025-12-18 04:00:00,238.17177193880744,3
2025-12-18 05:00:00,251.11562593208555,3
2025-12-18 06:00:00,287.9299397771823,3
2025-12-18 07:00:00,272.6248894837992,3
2025-12-18 08:00:00,300.129473462103,3
2025-12-18 09:00:00,280.36324425698075,3
2025-12-18 10:00:00,289.34256444919765,3
2025-12-18 11:00:00,259.11219216467265,3
2025-12-18 12:00:00,276.74255578124956,3
2025-12-18 13:00:00,281.7617824938382,3
2025-12-18 14:00:00,276.43682249488,3
2025-12-18 15:00:00,295.51231214789914,3
2025-12-18 16:00:00,289.68032922243094,3
2025-12-18 17:00:00,279.4720756320904,3
2025-12-18 18:00:00,272.57645745650393,3
2025-12-18 19:00:00,257.9417758484794,3
2025-12-18 20:00:00,231.50685462017753,3
2025-12-18 21:00:00,209.98175802815837,3
2025-12-18 22:00:00,186.03550797227922,3
2025-12-18 23:00:00,172.22597535238052,3
2025-12-19 00:00:00,174.28963902721546,4
2025-12-19 01:00:00,171.68874616690505,4
2025-12-19 02:00:00,193.59451328929114,4
2025-12-19 03:00:00,204.78181569773713,4
2025-12-19 04:00:00,237.71710367047348,4
2025-12-19 05:00:00,260.6424015218003,4
2025-12-19 06:00:00,269.8494265514507,4
2025-12-19 07:00:00,286.33348904106833,4
2025-12-19 08:00:00,283.5784242270642,4
2025-12-19 09:00:00,290.5362717627783,4
2025-12-19 10:00:00,287.2966753332712,4
2025-12-19 11:00:00,282.07179753042243,4
2025-12-19 12:00:00,285.8974729623792,4
2025-12-19 13:00:00,291.49727018723576,4
2025-12-19 14:00:00,275.43998331599903,4
2025-12-19 15:00:00,298.6510436283832,4
2025-12-19 16:00:00,292.54700687351186,4
2025-12-19 17:00:00,295.69669860647036,4
2025-12-19 18:00:00,271.7694825062797,4
2025-12-19 19:00:00,268.36311894708626,4
2025-12-19 20:00:00,241.47928684918517,4
2025-12-19 21:00:00,210.09830522413424,4
2025-12-19 22:00:00,184.85121276741876,4
2025-12-19 23:00:00,186.8141068007118,4
2025-12-20 00:00:00,119.8676889707363,5
2025-12-20 01:00:00,156.80572133700835,5
2025-12-20 02:00:00,147.33743735726847,5
2025-12-20 03:00:00,154.90881821775662,5
2025-12-20 04:00:00,203.5338673312124,5
2025-12-20 05:00:00,203.97835722859628,5
2025-12-20 06:00:00,214.08136995544996,5
2025-12-20 07:00:00,227.51303796121329,5
2025-12-20 08:00:00,235.07618311863382,5
2025-12-20 09:00:00,230.48207489534408,5
2025-12-20 10:00:00,223.71687929269305,5
2025-12-20 11:00:00,212.739350768059,5
2025-12-20 12:00:00,222.44645952510413,5
2025-12-20 13:00:00,217.75392759763298,5
2025-12-20 14:00:00,207.05132163941613,5
2025-12-20 15:00:00,217.055315957583,5
2025-12-20 16:00:00,222.23746482310816,5
2025-12-20 17:00:00,227.57184435381336,5
2025-12-20 18:00:00,224.62598970160988,5
2025-12-20 19:00:00,204.5908763590813,5
2025-12-20 20:00:00,174.83374569836081,5
2025-12-20 21:00:00,150.3873275448774,5
2025-12-20 22:00:00,164.2147456652039,5
2025-12-20 23:00:00,133.39871332157227,5
2025-12-21 00:00:00,136.48044736329783,6
2025-12-21 01:00:00,139.01086350448892,6
2025-12-21 02:00:00,139.2488413275165,6
2025-12-21 03:00:00,156.41471415416586,6
2025-12-21 04:00:00,185.67706869884302,6
2025-12-21 05:00:00,206.9965786784975,6
2025-12-21 06:00:00,214.57418834254122,6
2025-12-21 07:00:00,220.25139297160763,6
2025-12-21 08:00:00,212.20346387227923,6
2025-12-21 09:00:00,225.86415462294948,6
2025-12-21 10:00:00,217.4540940947527,6
2025-12-21 11:00:00,219.2315005046823,6
2025-12-21 12:00:00,214.51779343356492,6
2025-12-21 13:00:00,222.4409510236085,6
2025-12-21 14:00:00,222.98004844086023,6
2025-12-21 15:00:00,216.7201374077545,6
2025-12-21 16:00:00,223.98376301440624,6
2025-12-21 17:00:00,216.0958708265046,6
2025-12-21 18:00:00,215.55412021613705,6
2025-12-21 19:00:00,208.31578405659786,6
2025-12-21 20:00:00,188.56429570723319,6
2025-12-21 21:00:00,181.49281906469153,6
2025-12-21 22:00:00,153.17999930119723,6
2025-12-21 23:00:00,141.9044411904938,6
2025-12-22 00:00:00,179.05290199690174,0
2025-12-22 01:00:00,189.3777226665224,0
2025-12-22 02:00:00,187.66116711240355,0
2025-12-22 03:00:00,211.46501289568872,0
2025-12-22 04:00:00,226.22554409455532,0
2025-12-22 05:00:00,258.82387909363797,0
2025-12-22 06:00:00,276.6877219502523,0
2025-12-22 07:00:00,280.1465555801043,0
2025-12-22 08:00:00,289.0455659887894,0
2025-12-22 09:00:00,293.5161559486883,0
2025-12-22 10:00:00,283.20443639831853,0
2025-12-22 11:00:00,270.99061207397875,0
2025-12-22 12:00:00,276.960032862554,0
2025-12-22 13:00:00,273.3932724292288,0
2025-12-22 14:00:00,280.3352531336262,0
2025-12-22 15:00:00,279.4623859466425,0
2025-12-22 16:00:00,296.6203027595079,0
2025-12-22 17:00:00,291.45942315366773,0
2025-12-22 18:00:00,276.37705457332544,0
2025-12-22 19:00:00,254.39047386334477,0
2025-12-22 20:00:00,248.0433842070281,0
2025-12-22 21:00:00,212.70826587858846,0
2025-12-22 22:00:00,179.87439150125383,0
2025-12-22 23:00:00,189.01307921487577,0
2025-12-23 00:00:00,171.51523460564806,1
2025-12-23 01:00:00,173.98295531667355,1
2025-12-23 02:00:00,193.64943371316286,1
2025-12-23 03:00:00,218.05948951073648,1
2025-12-23 04:00:00,238.9592864834657,1
2025-12-23 05:00:00,252.30241103860487,1
2025-12-23 06:00:00,264.45616675183044,1
2025-12-23 07:00:00,282.0065797051399,1
2025-12-23 08:00:00,283.36138289172317,1
2025-12-23 09:00:00,285.01605443657354,1
2025-12-23 10:00:00,278.5533116083835,1
2025-12-23 11:00:00,293.2774165754345,1
2025-12-23 12:00:00,280.0190995526656,1
2025-12-23 13:00:00,276.3140085864824,1
2025-12-23 14:00:00,259.4316862348347,1
2025-12-23 15:00:00,282.99930089373396,1
2025-12-23 16:00:00,276.97934132874394,1
2025-12-23 17:00:00,278.68883818519436,1
2025-12-23 18:00:00,270.5519120004348,1
2025-12-23 19:00:00,246.2252165488145,1
2025-12-23 20:00:00,241.261586517091,1
2025-12-23 21:00:00,204.92039299823637,1
2025-12-23 22:00:00,197.49421113396696,1
2025-12-23 23:00:00,171.88118791754138,1
2025-12-24 00:00:00,171.36235481815118,2
2025-12-24 01:00:00,189.49883679106915,2
2025-12-24 02:00:00,196.14559241300208,2
2025-12-24 03:00:00,204.13594272346202,2
2025-12-24 04:00:00,242.70443513895384,2
2025-12-24 05:00:00,248.84981886518042,2
2025-12-24 06:00:00,277.99270195200125,2
2025-12-24 07:00:00,286.8451385060879,2
2025-12-24 08:00:00,280.8315529075088,2
2025-12-24 09:00:00,304.3315669803714,2
2025-12-24 10:00:00,284.7407570313629,2
2025-12-24 11:00:00,275.0099444697368,2
2025-12-24 12:00:00,255.95016519329263,2
2025-12-24 13:00:00,263.8974244999106,2
2025-12-24 14:00:00,276.9916317335364,2
2025-12-24 15:00:00,277.76101460442766,2
2025-12-24 16:00:00,296.45436522014916,2
2025-12-24 17:00:00,279.3126510642735,2
2025-12-24 18:00:00,287.5494859356477,2
2025-12-24 19:00:00,241.8474917687723,2
2025-12-24 20:00:00,243.46384781554454,2
2025-12-24 21:00:00,213.1174523543363,2
2025-12-24 22:00:00,197.18113787153797,2
2025-12-24 23:00:00,185.70394168883948,2
2025-12-25 00:00:00,172.072400956344,3
2025-12-25 01:00:00,176.24857814402102,3
2025-12-25 02:00:00,188.28755264312724,3
2025-12-25 03:00:00,209.27720501930034,3
2025-12-25 04:00:00,243.06228073823925,3
2025-12-25 05:00:00,257.3018490353182,3
2025-12-25 06:00:00,282.5798651964389,3
2025-12-25 07:00:00,286.21909229899103,3
2025-12-25 08:00:00,302.7004987146744,3
2025-12-25 09:00:00,276.14590666785364,3
2025-12-25 10:00:00,298.9464048948307,3
2025-12-25 11:00:00,272.0597435836449,3
2025-12-25 12:00:00,280.4551711101891,3
2025-12-25 13:00:00,281.74531099219956,3
2025-12-25 14:00:00,285.34321158025625,3
2025-12-25 15:00:00,292.87952119145154,3
2025-12-25 16:00:00,280.26884343481464,3
2025-12-25 17:00:00,293.22284783840433,3
2025-12-25 18:00:00,287.3226084224274,3
2025-12-25 19:00:00,252.34109154932398,3
2025-12-25 20:00:00,241.61785552236108,3
2025-12-25 21:00:00,221.34118600436872,3
2025-12-25 22:00:00,194.4314451568914,3
2025-12-25 23:00:00,159.6845604014211,3
2025-12-26 00:00:00,188.3408571780153,4
2025-12-26 01:00:00,172.76464506607698,4
2025-12-26 02:00:00,189.0658705880187,4
2025-12-26 03:00:00,206.7417195267763,4
2025-12-26 04:00:00,238.60604426002024,4
2025-12-26 05:00:00,257.6094949277131,4
2025-12-26 06:00:00,270.13687079261604,4
2025-12-26 07:00:00,277.156398320023,4
2025-12-26 08:00:00,286.69256414681115,4
2025-12-26 09:00:00,275.7463381784764,4
2025-12-26 10:00:00,269.66667895415213,4
2025-12-26 11:00:00,262.14642358353825,4
2025-12-26 12:00:00,265.2434474457294,4
2025-12-26 13:00:00,282.62335779200134,4
2025-12-26 14:00:00,277.17304458452054,4
2025-12-26 15:00:00,295.8087049536098,4
2025-12-26 16:00:00,281.639004835742,4
2025-12-26 17:00:00,289.47800779525033,4
2025-12-26 18:00:00,286.6176872931477,4
2025-12-26 19:00:00,241.9352814851929,4
2025-12-26 20:00:00,234.05912381905117,4
2025-12-26 21:00:00,215.4638875531696,4
2025-12-26 22:00:00,214.6376429032042,4
2025-12-26 23:00:00,188.29558248765488,4
2025-12-27 00:00:00,129.3993008477384,5
2025-12-27 01:00:00,151.12575572365182,5
2025-12-27 02:00:00,142.99695814657477,5
2025-12-27 03:00:00,160.92726697853286,5
2025-12-27 04:00:00,186.70315687027932,5
2025-12-27 05:00:00,198.18911842283674,5
2025-12-27 06:00:00,211.43926198724415,5
2025-12-27 07:00:00,219.8762982738054,5
2025-12-27 08:00:00,226.9715952293533,5
2025-12-27 09:00:00,226.2186187732778,5
2025-12-27 10:00:00,211.42134570521,5
2025-12-27 11:00:00,210.6241259343276,5
2025-12-27 12:00:00,208.5251069250676,5
2025-12-27 13:00:00,217.0798310379177,5
2025-12-27 14:00:00,224.07913967225184,5
2025-12-27 15:00:00,224.40530457387032,5
2025-12-27 16:00:00,220.40180969233967,5
2025-12-27 17:00:00,221.57600510150232,5
2025-12-27 18:00:00,201.30653527848412,5
2025-12-27 19:00:00,203.637451678531,5
2025-12-27 20:00:00,187.9033112750444,5
2025-12-27 21:00:00,176.73692683232278,5
2025-12-27 22:00:00,150.47327153020854,5
2025-12-27 23:00:00,127.96328195832585,5
2025-12-28 00:00:00,133.28825841807057,6
2025-12-28 01:00:00,151.0587833936941,6
2025-12-28 02:00:00,145.3368721018685,6
2025-12-28 03:00:00,185.620925892934,6
2025-12-28 04:00:00,176.33031791975674,6
2025-12-28 05:00:00,203.16387387268617,6
2025-12-28 06:00:00,197.7998769711684,6
2025-12-28 07:00:00,209.40893671259386,6
2025-12-28 08:00:00,219.02188754656484,6
2025-12-28 09:00:00,220.98061175536134,6
2025-12-28 10:00:00,206.1571712115457,6
2025-12-28 11:00:00,201.2816950788792,6
2025-12-28 12:00:00,223.48690617950663,6
2025-12-28 13:00:00,207.17225926639634,6
2025-12-28 14:00:00,214.57620432831857,6
2025-12-28 15:00:00,212.35419241174543,6
2025-12-28 16:00:00,227.68609842463306,6
2025-12-28 17:00:00,225.59372620569326,6
2025-12-28 18:00:00,230.66181231999178,6
2025-12-28 19:00:00,200.95876363959567,6
2025-12-28 20:00:00,176.04122739936125,6
2025-12-28 21:00:00,166.64974055633212,6
2025-12-28 22:00:00,148.94835652531037,6
2025-12-28 23:00:00,124.15658695307737,6
2025-12-29 00:00:00,185.72143620887823,0
2025-12-29 01:00:00,194.3238909747475,0
2025-12-29 02:00:00,189.03386499191066,0
2025-12-29 03:00:00,228.92024767431914,0
2025-12-29 04:00:00,230.78412839722267,0
2025-12-29 05:00:00,258.9420332885843,0
2025-12-29 06:00:00,269.24125939182744,0
2025-12-29 07:00:00,279.5227802571513,0
2025-12-29 08:00:00,279.16390534065044,0
2025-12-29 09:00:00,285.26662058023953,0
2025-12-29 10:00:00,278.46166201337877,0
2025-12-29 11:00:00,273.8957728434197,0
2025-12-29 12:00:00,258.73737413253724,0
2025-12-29 13:00:00,286.08224686800264,0
2025-12-29 14:00:00,271.6603083189398,0
2025-12-29 15:00:00,289.6799797565365,0
2025-12-29 16:00:00,294.59987235758297,0
2025-12-29 17:00:00,280.6060519841272,0
2025-12-29 18:00:00,279.5492172109305,0
2025-12-29 19:00:00,260.2872294093521,0
2025-12-29 20:00:00,239.02596182486153,0
2025-12-29 21:00:00,213.72510341377753,0
2025-12-29 22:00:00,210.50270236717998,0
2025-12-29 23:00:00,179.9505609967163,0
2025-12-30 00:00:00,183.32247013817403,1
2025-12-30 01:00:00,174.15452487257502,1
2025-12-30 02:00:00,199.43347578764835,1
2025-12-30 03:00:00,221.34944147920655,1
2025-12-30 04:00:00,239.92726098013148,1
2025-12-30 05:00:00,255.54125728918592,1
2025-12-30 06:00:00,263.3203911115186,1
2025-12-30 07:00:00,265.51792278027915,1
2025-12-30 08:00:00,282.00884665688454,1
2025-12-30 09:00:00,291.3593777103224,1
2025-12-30 10:00:00,267.1876440841958,1
2025-12-30 11:00:00,265.8565001810959,1
2025-12-30 12:00:00,280.9160096526287,1
2025-12-30 13:00:00,271.05112788746385,1
2025-12-30 14:00:00,279.7780340846474,1
2025-12-30 15:00:00,290.26897380065543,1
2025-12-30 16:00:00,285.31126307593075,1
2025-12-30 17:00:00,282.8080468515423,1
2025-12-30 18:00:00,259.41654856689104,1
2025-12-30 19:00:00,252.95321817633024,1
2025-12-30 20:00:00,240.27057006323372,1
2025-12-30 21:00:00,208.01077280076873,1
2025-12-30 22:00:00,207.0247940663212,1
2025-12-30 23:00:00,155.51803710376092,1
2025-12-31 00:00:00,170.30153880396077,2
2025-12-31 01:00:00,184.90474655147196,2
2025-12-31 02:00:00,198.60369615014014,2
2025-12-31 03:00:00,202.4625700865337,2
2025-12-31 04:00:00,236.50914056027653,2
2025-12-31 05:00:00,252.1679210755499,2
2025-12-31 06:00:00,262.7168286428682,2
2025-12-31 07:00:00,290.14969297268914,2
2025-12-31 08:00:00,287.83395327635844,2
2025-12-31 09:00:00,285.9108519683566,2
2025-12-31 10:00:00,289.61303230936164,2
2025-12-31 11:00:00,278.81276313021397,2
2025-12-31 12:00:00,272.11708878660085,2
2025-12-31 13:00:00,269.62236025260705,2
2025-12-31 14:00:00,285.1735708787268,2
2025-12-31 15:00:00,292.1293589974267,2
2025-12-31 16:00:00,282.7962474812121,2
2025-12-31 17:00:00,304.801209277535,2
2025-12-31 18:00:00,270.6901530078819,2
2025-12-31 19:00:00,248.98900789376145,2
2025-12-31 20:00:00,240.18218298957075,2
2025-12-31 21:00:00,207.57270401095815,2
2025-12-31 22:00:00,187.7683751745191,2
2025-12-31 23:00:00,183.5756062087859,2
