Fecha_Hora,Temperatura_Ambiente,Dia_Semana,Es_Fin_Semana,Es_Festivo,Demanda_MW
2026-01-01 00:00:00,5.462271922591741,3,0,1,275.5851730634024
2026-01-01 01:00:00,0.664378138255892,3,0,1,394.58354751934246
2026-01-01 02:00:00,1.3674392807571405,3,0,1,377.952272783905
2026-01-01 03:00:00,0.22282426898366792,3,0,1,428.09751497232173
2026-01-01 04:00:00,0.6622150660528887,3,0,1,425.05467932370436
2026-01-01 05:00:00,0.8799327532111096,3,0,1,417.44180407474676
2026-01-01 06:00:00,6.128833703039267,3,0,1,326.7640629492955
2026-01-01 07:00:00,7.038529504629552,3,0,1,299.7206083675882
2026-01-01 08:00:00,4.74719153337863,3,0,1,360.21770805591353
2026-01-01 09:00:00,9.992044668111276,3,0,1,249.2513924451321
2026-01-01 10:00:00,12.357609598050127,3,0,1,207.17938996100372
2026-01-01 11:00:00,16.02118614994985,3,0,1,163.40429193546052
2026-01-01 12:00:00,15.119229220063264,3,0,1,169.64026463025513
2026-01-01 13:00:00,14.003577349101889,3,0,1,189.96013401855404
2026-01-01 14:00:00,13.037669365437994,3,0,1,206.78948446931443
2026-01-01 15:00:00,15.496012020190898,3,0,1,178.2331722943105
2026-01-01 16:00:00,16.103001755518797,3,0,1,170.64733673327189
2026-01-01 17:00:00,14.358115558281504,3,0,1,182.06777035946652
2026-01-01 18:00:00,11.331123214316545,3,0,1,225.98122678799675
2026-01-01 19:00:00,10.58295102669445,3,0,1,221.97653667293247
2026-01-01 20:00:00,5.326128628434187,3,0,1,316.44941357520094
2026-01-01 21:00:00,7.572808002799965,3,0,1,250.7559536156803
2026-01-01 22:00:00,7.785709650136919,3,0,1,236.1883064589505
2026-01-01 23:00:00,3.6307033459795033,3,0,1,316.6982492485792
2026-01-02 00:00:00,3.0471843003624843,4,0,0,376.3690815249389
2026-01-02 01:00:00,4.619650118663797,4,0,0,340.5706530806063
2026-01-02 02:00:00,1.995919570179447,4,0,0,418.2493873882918
2026-01-02 03:00:00,5.460036531229896,4,0,0,341.9947213514501
2026-01-02 04:00:00,3.512833148737848,4,0,0,410.6378631480685
2026-01-02 05:00:00,5.832414578333382,4,0,0,378.7653275430767
2026-01-02 06:00:00,4.228632974464106,4,0,0,419.2204221460378
2026-01-02 07:00:00,7.486721730953516,4,0,0,363.35553802117033
2026-01-02 08:00:00,11.373165774903205,4,0,0,284.35074996329377
2026-01-02 09:00:00,6.900987979089637,4,0,0,375.3226470394242
2026-01-02 10:00:00,13.857967400421927,4,0,0,260.4641064326293
2026-01-02 11:00:00,8.063932132180549,4,0,0,342.3869485737214
2026-01-02 12:00:00,12.936512547842037,4,0,0,263.057239560723
2026-01-02 13:00:00,15.058600856463073,4,0,0,243.27433002011475
2026-01-02 14:00:00,12.826923871410026,4,0,0,280.928086064962
2026-01-02 15:00:00,14.376995119689775,4,0,0,259.10673123861096
2026-01-02 16:00:00,15.724359153850513,4,0,0,241.4163547953539
2026-01-02 17:00:00,12.82271025087404,4,0,0,284.825001480536
2026-01-02 18:00:00,7.059423005326773,4,0,0,364.3502186132407
2026-01-02 19:00:00,11.160726048495183,4,0,0,282.62141470719615
2026-01-02 20:00:00,10.061100667906782,4,0,0,278.7873704431349
2026-01-02 21:00:00,6.683281600911191,4,0,0,322.14477312492414
2026-01-02 22:00:00,4.956293345333366,4,0,0,341.5062307273396
2026-01-02 23:00:00,3.8510407406063316,4,0,0,358.5067759515674
2026-01-03 00:00:00,-0.453658140958745,5,1,0,409.5611160627784
2026-01-03 01:00:00,1.4197238612990848,5,1,0,375.87754365654695
2026-01-03 02:00:00,5.401945410838437,5,1,0,301.70954037613626
2026-01-03 03:00:00,4.32710455273515,5,1,0,325.1947104656421
2026-01-03 04:00:00,4.195454725084356,5,1,0,338.04795039562606
2026-01-03 05:00:00,2.8853821723924216,5,1,0,386.7609422172356
2026-01-03 06:00:00,4.334116759396728,5,1,0,366.09649795849805
2026-01-03 07:00:00,7.651354856101783,5,1,0,305.75780913911046
2026-01-03 08:00:00,8.217577917829663,5,1,0,292.55613843727264
2026-01-03 09:00:00,9.626448127866553,5,1,0,262.7235507744724
2026-01-03 10:00:00,9.922073186808635,5,1,0,262.6549163665796
2026-01-03 11:00:00,13.240996461771832,5,1,0,210.29444456735212
2026-01-03 12:00:00,11.772248908792236,5,1,0,221.30314040560324
2026-01-03 13:00:00,13.32155301918017,5,1,0,203.98087355153984
2026-01-03 14:00:00,15.714238470514616,5,1,0,181.44095713160155
2026-01-03 15:00:00,10.030851164740774,5,1,0,262.49075557924704
2026-01-03 16:00:00,14.037562595087676,5,1,0,201.22411048157247
2026-01-03 17:00:00,10.104290013463912,5,1,0,262.2501334923922
2026-01-03 18:00:00,5.846282399456842,5,1,0,339.2829082210398
2026-01-03 19:00:00,7.103067386979477,5,1,0,309.70564913103095
2026-01-03 20:00:00,5.686496280279869,5,1,0,315.28076150149076
2026-01-03 21:00:00,8.309694271137285,5,1,0,250.06826709361974
2026-01-03 22:00:00,6.96851429574242,5,1,0,260.6826509326024
2026-01-03 23:00:00,8.209678052967519,5,1,0,237.9258779967011
2026-01-04 00:00:00,1.966839747343106,6,1,0,365.4283837492793
2026-01-04 01:00:00,1.5368896967280452,6,1,0,375.8678643568888
2026-01-04 02:00:00,1.70514626211437,6,1,0,375.6981813684167
2026-01-04 03:00:00,5.327060384990903,6,1,0,306.48993165238574
2026-01-04 04:00:00,4.173267569987694,6,1,0,344.83878529181686
2026-01-04 05:00:00,3.816284043140489,6,1,0,367.6967469548134
2026-01-04 06:00:00,3.2950501592134778,6,1,0,385.1411048855376
2026-01-04 07:00:00,10.409920061853661,6,1,0,257.2801055745858
2026-01-04 08:00:00,4.739602737244366,6,1,0,362.7302132579427
2026-01-04 09:00:00,9.082845622290277,6,1,0,273.8887764613813
2026-01-04 10:00:00,10.671857478278941,6,1,0,249.14883241236151
2026-01-04 11:00:00,13.559599913427707,6,1,0,205.113678257273
2026-01-04 12:00:00,10.580368185453343,6,1,0,241.815821462124
2026-01-04 13:00:00,16.503125035231353,6,1,0,176.912878547175
2026-01-04 14:00:00,13.742954697936486,6,1,0,203.06939521467297
2026-01-04 15:00:00,11.848996579935658,6,1,0,228.5076615406262
2026-01-04 16:00:00,11.80725485520519,6,1,0,227.0792878264473
2026-01-04 17:00:00,12.144957752413468,6,1,0,224.01000683627086
2026-01-04 18:00:00,9.840783478639812,6,1,0,257.13493634738245
2026-01-04 19:00:00,11.295126497883713,6,1,0,214.8102478242618
2026-01-04 20:00:00,6.059359480703126,6,1,0,318.07260349015894
2026-01-04 21:00:00,7.293804613151139,6,1,0,272.33995214005716
2026-01-04 22:00:00,8.94848900384439,6,1,0,228.05845331326998
2026-01-04 23:00:00,4.3702000687497184,6,1,0,308.15338793583487
2026-01-05 00:00:00,4.802371440640488,0,0,0,333.4115440935942
2026-01-05 01:00:00,3.9491172391437237,0,0,0,359.44450220218494
2026-01-05 02:00:00,-1.735960590015448,0,0,0,507.9050675821529
2026-01-05 03:00:00,4.665933221565491,0,0,0,364.32895638812676
2026-01-05 04:00:00,2.5468180270382845,0,0,0,441.7583162737921
2026-01-05 05:00:00,5.440772206616889,0,0,0,394.1754271848683
2026-01-05 06:00:00,7.209068111435288,0,0,0,362.28451127253396
2026-01-05 07:00:00,7.381456135375204,0,0,0,366.1150581812583
2026-01-05 08:00:00,8.410359845412074,0,0,0,341.6189758624226
2026-01-05 09:00:00,6.987429025952957,0,0,0,378.0826866441143
2026-01-05 10:00:00,12.623818212924288,0,0,0,273.98837527016485
2026-01-05 11:00:00,12.429645866030366,0,0,0,275.293153225044
2026-01-05 12:00:00,14.147394329466355,0,0,0,259.5547565294581
2026-01-05 13:00:00,15.776797338732091,0,0,0,233.70935368224133
2026-01-05 14:00:00,11.762479162990878,0,0,0,278.7624621348068
2026-01-05 15:00:00,15.781268976955655,0,0,0,244.91847808761227
2026-01-05 16:00:00,15.97473754496027,0,0,0,239.4428892774074
2026-01-05 17:00:00,11.478456367452914,0,0,0,291.91034248187367
2026-01-05 18:00:00,7.48818339470842,0,0,0,356.3991171468792
2026-01-05 19:00:00,13.766403801143664,0,0,0,240.4014223147233
2026-01-05 20:00:00,9.338978066008517,0,0,0,285.43165008922637
2026-01-05 21:00:00,7.429789769385071,0,0,0,310.26349343620944
2026-01-05 22:00:00,5.015348794666582,0,0,0,336.50566358521047
2026-01-05 23:00:00,2.521349138033811,0,0,0,392.2288579147902
2026-01-06 00:00:00,1.4934226708157938,1,0,1,369.74871697024895
2026-01-06 01:00:00,2.470024050253951,1,0,1,346.9626516642069
2026-01-06 02:00:00,2.1379227336222,1,0,1,368.702055415307
2026-01-06 03:00:00,1.496762385361457,1,0,1,394.7002777735657
2026-01-06 04:00:00,1.0041774638251075,1,0,1,406.9717828252039
2026-01-06 05:00:00,4.057516099871744,1,0,1,356.0463733475875
2026-01-06 06:00:00,2.689768471574106,1,0,1,393.8322381731192
2026-01-06 07:00:00,3.170910000463937,1,0,1,389.3050702720408
2026-01-06 08:00:00,5.123301505072508,1,0,1,346.97333684969146
2026-01-06 09:00:00,6.2204326995860715,1,0,1,318.4712529347864
2026-01-06 10:00:00,12.140636593308885,1,0,1,215.95940564632454
2026-01-06 11:00:00,10.660390071017046,1,0,1,231.9158156677516
2026-01-06 12:00:00,14.665618935809915,1,0,1,174.43491247167387
2026-01-06 13:00:00,14.48524348781833,1,0,1,181.92133937774685
2026-01-06 14:00:00,17.407541817773676,1,0,1,152.82556681090244
2026-01-06 15:00:00,15.181976162279348,1,0,1,171.93570455952855
2026-01-06 16:00:00,14.677655483598736,1,0,1,185.26627533642437
2026-01-06 17:00:00,11.06510593213144,1,0,1,221.42375961804404
2026-01-06 18:00:00,7.364513956177261,1,0,1,295.29711071141276
2026-01-06 19:00:00,10.758332288367907,1,0,1,215.43817976776552
2026-01-06 20:00:00,10.267105721260638,1,0,1,221.520166046033
2026-01-06 21:00:00,5.563921080270533,1,0,1,301.52605343781704
2026-01-06 22:00:00,3.8948011445651183,1,0,1,320.3199625957098
2026-01-06 23:00:00,2.9038230198034833,1,0,1,323.6820975662845
2026-01-07 00:00:00,1.3321421476373543,2,0,0,408.09240135376103
2026-01-07 01:00:00,4.495049924205547,2,0,0,349.027321493314
2026-01-07 02:00:00,1.6510750152691747,2,0,0,414.0825389077002
2026-01-07 03:00:00,3.67298128553419,2,0,0,381.5865445580605
2026-01-07 04:00:00,3.422976852362894,2,0,0,416.6732292442936
2026-01-07 05:00:00,1.9464567541935458,2,0,0,455.76779392784874
2026-01-07 06:00:00,8.762785262604918,2,0,0,331.4839823505311
2026-01-07 07:00:00,5.994307070541163,2,0,0,393.5882188792981
2026-01-07 08:00:00,6.389490171324808,2,0,0,378.9649172171415
2026-01-07 09:00:00,12.365603155132487,2,0,0,284.93118354022715
2026-01-07 10:00:00,12.296219411945946,2,0,0,278.63555858845433
2026-01-07 11:00:00,11.512908998480844,2,0,0,292.19538081705264
2026-01-07 12:00:00,11.15327607984611,2,0,0,295.78391138274014
2026-01-07 13:00:00,10.81341862305942,2,0,0,297.52924514052665
2026-01-07 14:00:00,12.006478932991877,2,0,0,284.52429658207416
2026-01-07 15:00:00,14.609881435754335,2,0,0,256.7305330159605
2026-01-07 16:00:00,11.366666738606135,2,0,0,303.0657620238417
2026-01-07 17:00:00,14.248118703880428,2,0,0,261.807708109804
2026-01-07 18:00:00,10.108186012049888,2,0,0,313.23861562806934
2026-01-07 19:00:00,11.205318940501778,2,0,0,281.40258190158363
2026-01-07 20:00:00,6.281096874718546,2,0,0,350.3795277737218
2026-01-07 21:00:00,6.7115057000781055,2,0,0,320.9281646126183
2026-01-07 22:00:00,5.1609548210602005,2,0,0,341.69102754138703
2026-01-07 23:00:00,3.432839295075386,2,0,0,373.94292138209784
2026-01-08 00:00:00,2.7664134176810884,3,0,0,376.4154765850074
2026-01-08 01:00:00,1.1957533002705196,3,0,0,417.80744929012053
2026-01-08 02:00:00,1.6603583363223415,3,0,0,420.5140635013341
2026-01-08 03:00:00,5.889667479520361,3,0,0,333.9588968083174
2026-01-08 04:00:00,3.254615875886237,3,0,0,420.89556923853894
2026-01-08 05:00:00,6.533643594560695,3,0,0,355.74793636016796
2026-01-08 06:00:00,7.840144524454641,3,0,0,347.1925454022915
2026-01-08 07:00:00,7.574295607648464,3,0,0,371.0951548624525
2026-01-08 08:00:00,10.456491225933057,3,0,0,310.4184901832587
2026-01-08 09:00:00,10.520301290937487,3,0,0,306.4825087517756
2026-01-08 10:00:00,11.06481810385774,3,0,0,296.0487145863641
2026-01-08 11:00:00,11.743484684987859,3,0,0,279.82481429225453
2026-01-08 12:00:00,11.865302947977707,3,0,0,274.28974039993074
2026-01-08 13:00:00,12.087555451075763,3,0,0,275.30248332522325
2026-01-08 14:00:00,17.874647236762698,3,0,0,229.07887543739483
2026-01-08 15:00:00,13.815690966491335,3,0,0,260.9231889624598
2026-01-08 16:00:00,13.317111947699736,3,0,0,272.61586007826924
2026-01-08 17:00:00,14.134546102655701,3,0,0,256.60824961937243
2026-01-08 18:00:00,5.259807797208973,3,0,0,404.50825616467944
2026-01-08 19:00:00,10.256334502597701,3,0,0,290.22247621070784
2026-01-08 20:00:00,8.530979357034258,3,0,0,306.575925570073
2026-01-08 21:00:00,6.658510157563422,3,0,0,331.1182407708268
2026-01-08 22:00:00,3.844603553705866,3,0,0,363.56006387590537
2026-01-08 23:00:00,2.946595261957512,3,0,0,375.72717163573185
2026-01-09 00:00:00,4.984419432579008,4,0,0,327.1554357076655
2026-01-09 01:00:00,5.0589881015487945,4,0,0,331.4027791912301
2026-01-09 02:00:00,3.3859617365713897,4,0,0,373.8646746332521
2026-01-09 03:00:00,2.5748459205512506,4,0,0,415.2357194175252
2026-01-09 04:00:00,3.018709802886651,4,0,0,421.49386299290956
2026-01-09 05:00:00,3.330933193903597,4,0,0,429.03047248759776
2026-01-09 06:00:00,2.7370306263176394,4,0,0,448.2476150884791
2026-01-09 07:00:00,7.0694002257929585,4,0,0,378.7709541719405
2026-01-09 08:00:00,6.395336860742436,4,0,0,387.5531761258762
2026-01-09 09:00:00,6.002579013306867,4,0,0,384.0810130923278
2026-01-09 10:00:00,10.723473813758849,4,0,0,300.03594943833747
2026-01-09 11:00:00,11.300892888355085,4,0,0,287.73917177514215
2026-01-09 12:00:00,12.568365278094088,4,0,0,275.26445993482264
2026-01-09 13:00:00,13.179257104298127,4,0,0,270.10275946015724
2026-01-09 14:00:00,11.398611105096158,4,0,0,296.53655469924286
2026-01-09 15:00:00,12.61930354664395,4,0,0,268.8746363853882
2026-01-09 16:00:00,11.882751265294086,4,0,0,282.56748559019184
2026-01-09 17:00:00,8.895221269772641,4,0,0,346.63374177524884
2026-01-09 18:00:00,11.639629624390285,4,0,0,286.8329546575877
2026-01-09 19:00:00,11.166078202900826,4,0,0,275.48244766689237
2026-01-09 20:00:00,7.523079977541985,4,0,0,322.513090617224
2026-01-09 21:00:00,5.931979986715957,4,0,0,348.23624056612766
2026-01-09 22:00:00,4.739886428148368,4,0,0,352.76950986024156
2026-01-09 23:00:00,4.0980129715651294,4,0,0,350.2652375401442
2026-01-10 00:00:00,0.39372908101397686,5,1,0,398.2516044697966
2026-01-10 01:00:00,1.975084891569201,5,1,0,363.50972298591535
2026-01-10 02:00:00,0.9413521515418362,5,1,0,402.8233309256171
2026-01-10 03:00:00,-0.021517939066733494,5,1,0,435.51292590090577
2026-01-10 04:00:00,2.2849229036891456,5,1,0,382.2769733649761
2026-01-10 05:00:00,1.7729020020519013,5,1,0,422.51389438663756
2026-01-10 06:00:00,4.077792310213404,5,1,0,369.5713150436237
2026-01-10 07:00:00,7.908606074393426,5,1,0,306.1509198075866
2026-01-10 08:00:00,11.294979442798317,5,1,0,244.3704429594028
2026-01-10 09:00:00,8.440648574711483,5,1,0,281.9209193775751
2026-01-10 10:00:00,8.400289981092849,5,1,0,290.3621718159249
2026-01-10 11:00:00,14.491158016253397,5,1,0,196.48919615161637
2026-01-10 12:00:00,11.00815264231135,5,1,0,235.88879330286838
2026-01-10 13:00:00,14.36367880837136,5,1,0,201.01795304140919
2026-01-10 14:00:00,14.038883751349479,5,1,0,194.51934150181745
2026-01-10 15:00:00,14.100615410300822,5,1,0,194.46155520529095
2026-01-10 16:00:00,12.529383271998217,5,1,0,221.77125472565467
2026-01-10 17:00:00,9.53889130380258,5,1,0,264.05903729599066
2026-01-10 18:00:00,12.328721187887313,5,1,0,213.6114069081479
2026-01-10 19:00:00,9.029627053616487,5,1,0,262.8783115114417
2026-01-10 20:00:00,5.972861093899116,5,1,0,311.98212370617216
2026-01-10 21:00:00,6.6992723880622105,5,1,0,280.12861274116096
2026-01-10 22:00:00,3.4068476355060917,5,1,0,342.6828522770307
2026-01-10 23:00:00,8.184325909342217,5,1,0,219.52824942196207
2026-01-11 00:00:00,3.831047909689514,6,1,0,322.93195769758756
2026-01-11 01:00:00,0.3184642253546235,6,1,0,403.80396616916147
2026-01-11 02:00:00,1.6335125644774802,6,1,0,377.31191241997084
2026-01-11 03:00:00,0.812265623105296,6,1,0,407.03592321153644
2026-01-11 04:00:00,0.9013355539346102,6,1,0,416.52512182071456
2026-01-11 05:00:00,1.9025590963128167,6,1,0,415.04396812424824
2026-01-11 06:00:00,4.310198970280887,6,1,0,377.4132914660923
2026-01-11 07:00:00,6.944404425320138,6,1,0,312.78260849516374
2026-01-11 08:00:00,7.852690869883493,6,1,0,299.0212978754294
2026-01-11 09:00:00,8.771333324568204,6,1,0,283.3520697009025
2026-01-11 10:00:00,11.631418494524308,6,1,0,239.6972280528763
2026-01-11 11:00:00,14.207631786738775,6,1,0,194.62831321448093
2026-01-11 12:00:00,12.098409812420886,6,1,0,217.30760559318068
2026-01-11 13:00:00,16.45582928763327,6,1,0,174.97983965858603
2026-01-11 14:00:00,16.896805611702042,6,1,0,173.76236775014905
2026-01-11 15:00:00,11.82768063032018,6,1,0,228.40380181372717
2026-01-11 16:00:00,13.378818524635841,6,1,0,210.21544877959917
2026-01-11 17:00:00,11.794425452098968,6,1,0,238.11535778220411
2026-01-11 18:00:00,11.998969692281998,6,1,0,218.5816631118982
2026-01-11 19:00:00,12.673459647286268,6,1,0,213.44423072191975
2026-01-11 20:00:00,9.85383699401449,6,1,0,234.74408030053573
2026-01-11 21:00:00,4.920484873963142,6,1,0,313.0629777080226
2026-01-11 22:00:00,6.145120398750165,6,1,0,279.3454889607507
2026-01-11 23:00:00,4.052524502664999,6,1,0,310.58640570067917
2026-01-12 00:00:00,6.5729013525474285,0,0,0,295.3956300199542
2026-01-12 01:00:00,2.4456921830452893,0,0,0,395.1437687454561
2026-01-12 02:00:00,1.3331172285317625,0,0,0,424.0394854610481
2026-01-12 03:00:00,2.5665308495925023,0,0,0,412.98504602843576
2026-01-12 04:00:00,2.7565054818358883,0,0,0,430.96099576053933
2026-01-12 05:00:00,1.478629401696042,0,0,0,470.4754259297107
2026-01-12 06:00:00,3.882913306583612,0,0,0,427.43366242239284
2026-01-12 07:00:00,4.875430600795181,0,0,0,416.00321481155714
2026-01-12 08:00:00,5.915783175745528,0,0,0,395.4257471904923
2026-01-12 09:00:00,7.238082761616991,0,0,0,372.8374703510688
2026-01-12 10:00:00,11.364266616512213,0,0,0,298.44399529706646
2026-01-12 11:00:00,12.424475843759721,0,0,0,269.07907762778257
2026-01-12 12:00:00,15.892898734567757,0,0,0,236.47915135942625
2026-01-12 13:00:00,11.968037917406278,0,0,0,277.83928426290254
2026-01-12 14:00:00,12.82388759867111,0,0,0,271.4782158116705
2026-01-12 15:00:00,12.813378046329014,0,0,0,277.75638954543473
2026-01-12 16:00:00,16.475308211096614,0,0,0,242.2559994934525
2026-01-12 17:00:00,11.802231064341395,0,0,0,296.79444771309403
2026-01-12 18:00:00,13.74660874551086,0,0,0,248.9669917799771
2026-01-12 19:00:00,3.940771944808323,0,0,0,420.4032254062896
2026-01-12 20:00:00,6.18096324022018,0,0,0,355.7989726595695
2026-01-12 21:00:00,10.919792404623777,0,0,0,242.79830148519875
2026-01-12 22:00:00,3.84667934012516,0,0,0,360.6029577507825
2026-01-12 23:00:00,5.630276504066451,0,0,0,315.3526172405539
2026-01-13 00:00:00,1.1180311486587198,1,0,0,420.3266947799825
2026-01-13 01:00:00,-0.5247157761188226,1,0,0,466.38489597695934
2026-01-13 02:00:00,2.960806480594419,1,0,0,384.10807296997575
2026-01-13 03:00:00,2.6007936763694093,1,0,0,409.21670056236667
2026-01-13 04:00:00,3.068808609727487,1,0,0,420.4072045692459
2026-01-13 05:00:00,8.145551144097428,1,0,0,328.17166505084754
2026-01-13 06:00:00,3.5430082495003345,1,0,0,444.0335935513989
2026-01-13 07:00:00,6.2473683543511624,1,0,0,391.3037827254538
2026-01-13 08:00:00,10.452742665278112,1,0,0,318.6458626674963
2026-01-13 09:00:00,12.248502543143857,1,0,0,288.66015287212673
2026-01-13 10:00:00,9.763547920659347,1,0,0,318.10116858066283
2026-01-13 11:00:00,13.592463702003158,1,0,0,261.49347376831224
2026-01-13 12:00:00,13.661521036258758,1,0,0,257.40427720751234
2026-01-13 13:00:00,11.506399322455977,1,0,0,286.40554023994844
2026-01-13 14:00:00,15.802859241553888,1,0,0,228.47519731123253
2026-01-13 15:00:00,13.382213651547856,1,0,0,267.5905339299178
2026-01-13 16:00:00,12.62316722786732,1,0,0,282.81802859691635
2026-01-13 17:00:00,11.756768636092541,1,0,0,288.76459093864844
2026-01-13 18:00:00,12.42771620043351,1,0,0,270.17375574509765
2026-01-13 19:00:00,5.902914649470858,1,0,0,376.0140867198337
2026-01-13 20:00:00,8.403027645931154,1,0,0,309.6409245538346
2026-01-13 21:00:00,5.200394825320043,1,0,0,355.15678577416435
2026-01-13 22:00:00,2.2940445994803365,1,0,0,402.2908220097569
2026-01-13 23:00:00,2.6274850132444234,1,0,0,375.59761464869865
2026-01-14 00:00:00,2.401978322049366,2,0,0,394.3732946005134
2026-01-14 01:00:00,2.144776147277716,2,0,0,394.12729614473506
2026-01-14 02:00:00,-0.18184900340682164,2,0,0,471.8350000723694
2026-01-14 03:00:00,2.5638249498654764,2,0,0,412.7918843044244
2026-01-14 04:00:00,2.239521781043756,2,0,0,440.76891597075956
2026-01-14 05:00:00,0.940057984054949,2,0,0,493.51372590408107
2026-01-14 06:00:00,4.825730373811127,2,0,0,407.6943298653695
2026-01-14 07:00:00,6.9187413479032855,2,0,0,377.0199009718901
2026-01-14 08:00:00,5.827943068754013,2,0,0,399.75346433164486
2026-01-14 09:00:00,12.179017398134592,2,0,0,281.47741726353826
2026-01-14 10:00:00,14.3633669012481,2,0,0,256.41148289415673
2026-01-14 11:00:00,7.335276259631926,2,0,0,363.5845141309406
2026-01-14 12:00:00,12.95342083452243,2,0,0,266.8847683632152
2026-01-14 13:00:00,11.348742524647882,2,0,0,295.3293765531031
2026-01-14 14:00:00,11.027161802446935,2,0,0,305.2067369252213
2026-01-14 15:00:00,15.50153085848942,2,0,0,248.2421286636011
2026-01-14 16:00:00,12.644909508969535,2,0,0,275.9505035853883
2026-01-14 17:00:00,11.399091905848309,2,0,0,296.9619996065281
2026-01-14 18:00:00,11.936491603612147,2,0,0,282.13275773998987
2026-01-14 19:00:00,8.861171354252617,2,0,0,319.8710592658092
2026-01-14 20:00:00,4.940786670504972,2,0,0,376.01533082418456
2026-01-14 21:00:00,5.470195913984721,2,0,0,352.171905251895
2026-01-14 22:00:00,7.470782260802127,2,0,0,292.1794444044112
2026-01-14 23:00:00,3.6856326642168926,2,0,0,362.99917959493007
2026-01-15 00:00:00,4.122421678715528,3,0,0,349.285702945608
2026-01-15 01:00:00,1.7980644031518898,3,0,0,417.09329266754764
2026-01-15 02:00:00,-1.3183184582803045,3,0,0,492.8097881388998
2026-01-15 03:00:00,-0.6344943741310547,3,0,0,493.0628930431548
2026-01-15 04:00:00,3.9526143821856152,3,0,0,400.1921203086757
2026-01-15 05:00:00,4.702525004341805,3,0,0,402.5106942080886
2026-01-15 06:00:00,8.663138513408423,3,0,0,328.5864678416758
2026-01-15 07:00:00,8.530093947488085,3,0,0,339.3403457686845
2026-01-15 08:00:00,7.8010961807827135,3,0,0,357.26963712531045
2026-01-15 09:00:00,11.89365412712444,3,0,0,291.31440023310194
2026-01-15 10:00:00,6.478463167201794,3,0,0,377.36032238804427
2026-01-15 11:00:00,10.654354725573123,3,0,0,302.0269566641615
2026-01-15 12:00:00,11.926335605002642,3,0,0,278.17329118027595
2026-01-15 13:00:00,9.137498002271116,3,0,0,335.4427942084289
2026-01-15 14:00:00,14.077101445104274,3,0,0,258.0102605054526
2026-01-15 15:00:00,11.490615817945075,3,0,0,288.8836558878595
2026-01-15 16:00:00,12.962038711406807,3,0,0,277.3334768726497
2026-01-15 17:00:00,13.952472092816492,3,0,0,250.36527259561518
2026-01-15 18:00:00,9.007959875050021,3,0,0,331.8013268182485
2026-01-15 19:00:00,8.518095885737829,3,0,0,318.53244835353337
2026-01-15 20:00:00,9.357514714552456,3,0,0,285.7617544169324
2026-01-15 21:00:00,3.913164392668612,3,0,0,384.24879930300756
2026-01-15 22:00:00,7.544791270040298,3,0,0,292.4654525870309
2026-01-15 23:00:00,3.6433110800184325,3,0,0,374.1760170516291
2026-01-16 00:00:00,-0.5621994873686784,4,0,0,467.12940308357395
2026-01-16 01:00:00,1.5235916874985334,4,0,0,418.2390825703269
2026-01-16 02:00:00,4.346896991625707,4,0,0,359.81447242559
2026-01-16 03:00:00,0.15266190199566765,4,0,0,475.9885282497418
2026-01-16 04:00:00,4.504181080830534,4,0,0,390.5216302745878
2026-01-16 05:00:00,2.358935775216501,4,0,0,443.7296235814183
2026-01-16 06:00:00,2.966014498400236,4,0,0,460.3486619911351
2026-01-16 07:00:00,6.60722368232637,4,0,0,373.73537547731536
2026-01-16 08:00:00,10.20998544338443,4,0,0,304.9177951510754
2026-01-16 09:00:00,7.662464410616202,4,0,0,358.3208085172454
2026-01-16 10:00:00,7.578468323089609,4,0,0,363.3630910606376
2026-01-16 11:00:00,13.129240267183716,4,0,0,259.6885608933491
2026-01-16 12:00:00,14.56480071938703,4,0,0,248.30579633976686
2026-01-16 13:00:00,14.433063642094007,4,0,0,243.23830719661626
2026-01-16 14:00:00,15.48910919532104,4,0,0,244.61345467381634
2026-01-16 15:00:00,13.505819241848812,4,0,0,259.57545959396987
2026-01-16 16:00:00,11.83636783137617,4,0,0,287.78704417865157
2026-01-16 17:00:00,11.510409588739963,4,0,0,295.55784892663
2026-01-16 18:00:00,14.068201152914744,4,0,0,248.68091876822245
2026-01-16 19:00:00,9.027068519040059,4,0,0,319.1839064840069
2026-01-16 20:00:00,8.347230447036095,4,0,0,307.0585913279345
2026-01-16 21:00:00,7.570215111634276,4,0,0,310.05602148867007
2026-01-16 22:00:00,7.011814136891495,4,0,0,303.57709849452914
2026-01-16 23:00:00,2.0123541856976916,4,0,0,398.5410456030847
2026-01-17 00:00:00,2.07082453222204,5,1,0,372.49966098349773
2026-01-17 01:00:00,0.5642056125845651,5,1,0,393.7395154388958
2026-01-17 02:00:00,5.125703029276483,5,1,0,299.062037021405
2026-01-17 03:00:00,1.9999348239592558,5,1,0,385.7264058140897
2026-01-17 04:00:00,1.82154869934846,5,1,0,404.1451344860297
2026-01-17 05:00:00,5.996964807219918,5,1,0,315.14542359356926
2026-01-17 06:00:00,4.402494343191337,5,1,0,358.65213742841735
2026-01-17 07:00:00,7.2149956590463145,5,1,0,310.12285360517933
2026-01-17 08:00:00,11.267326359354648,5,1,0,242.65975549831367
2026-01-17 09:00:00,12.090798769486458,5,1,0,228.92884733237454
2026-01-17 10:00:00,14.454923511737537,5,1,0,197.70282848167645
2026-01-17 11:00:00,10.86612569432412,5,1,0,247.10117350104457
2026-01-17 12:00:00,12.119327425203103,5,1,0,223.51864290289836
2026-01-17 13:00:00,14.20097626231707,5,1,0,197.30326359256202
2026-01-17 14:00:00,14.860158547625593,5,1,0,187.5076428243382
2026-01-17 15:00:00,11.031897566116264,5,1,0,242.4038056470992
2026-01-17 16:00:00,12.97140706226714,5,1,0,215.77727910100046
2026-01-17 17:00:00,15.339954502278356,5,1,0,192.77186774683463
2026-01-17 18:00:00,11.258582952753654,5,1,0,233.43178656394136
2026-01-17 19:00:00,8.168688093393266,5,1,0,284.1716421424547
2026-01-17 20:00:00,7.230563898704242,5,1,0,287.7125470197867
2026-01-17 21:00:00,3.7240833931156327,5,1,0,342.995392135036
2026-01-17 22:00:00,7.300035656926874,5,1,0,263.8014037821803
2026-01-17 23:00:00,5.334588635363838,5,1,0,287.6670916456191
2026-01-18 00:00:00,-0.7076118615237839,6,1,0,436.0363218943674
2026-01-18 01:00:00,3.682395175984903,6,1,0,331.23341058805136
2026-01-18 02:00:00,3.7123101471853825,6,1,0,335.45117425519624
2026-01-18 03:00:00,4.59441777746092,6,1,0,323.61707489600536
2026-01-18 04:00:00,-0.6071988412558316,6,1,0,459.6477058177591
2026-01-18 05:00:00,6.518123712412964,6,1,0,305.8684899478044
2026-01-18 06:00:00,7.483933061003498,6,1,0,302.11462417254893
2026-01-18 07:00:00,6.594818775480386,6,1,0,325.9664197667312
2026-01-18 08:00:00,7.438260205090913,6,1,0,306.2580529727387
2026-01-18 09:00:00,7.814136965228606,6,1,0,298.4592204196342
2026-01-18 10:00:00,7.087559480635775,6,1,0,306.7109974146232
2026-01-18 11:00:00,14.07155666668319,6,1,0,196.83039725134876
2026-01-18 12:00:00,7.559223257582271,6,1,0,296.1793142729364
2026-01-18 13:00:00,13.548299074698177,6,1,0,202.73273591425567
2026-01-18 14:00:00,15.408009778601507,6,1,0,188.44206666444381
2026-01-18 15:00:00,13.867228536375361,6,1,0,200.58445240940148
2026-01-18 16:00:00,14.751409483052283,6,1,0,194.99695135514273
2026-01-18 17:00:00,12.038221448746528,6,1,0,216.80400863495387
2026-01-18 18:00:00,9.330984481114454,6,1,0,270.26524015144054
2026-01-18 19:00:00,8.229070167651498,6,1,0,272.8755746816501
2026-01-18 20:00:00,5.624403467138826,6,1,0,324.16100261321554
2026-01-18 21:00:00,5.843842153029562,6,1,0,304.5905893144892
2026-01-18 22:00:00,3.1571533274252346,6,1,0,348.3172808925586
2026-01-18 23:00:00,5.81712412951322,6,1,0,281.01537783773324
2026-01-19 00:00:00,0.3350337727217654,0,0,0,439.6005267346569
2026-01-19 01:00:00,1.8884654376827084,0,0,0,400.1380174748891
2026-01-19 02:00:00,2.765003538768136,0,0,0,393.6485050212104
2026-01-19 03:00:00,2.7195528038745707,0,0,0,414.6692648398089
2026-01-19 04:00:00,4.842142306488459,0,0,0,381.14183154729244
2026-01-19 05:00:00,0.6308780465169681,0,0,0,494.8330578199785
2026-01-19 06:00:00,2.646024529900764,0,0,0,469.5849247610173
2026-01-19 07:00:00,4.428879442707714,0,0,0,433.6223226903579
2026-01-19 08:00:00,9.850568671868508,0,0,0,318.91249217455265
2026-01-19 09:00:00,9.386475203103995,0,0,0,324.50418931096027
2026-01-19 10:00:00,10.269222207560922,0,0,0,301.93886264695084
2026-01-19 11:00:00,13.872710125605721,0,0,0,249.35669462399454
2026-01-19 12:00:00,13.890252634331244,0,0,0,247.97283738548944
2026-01-19 13:00:00,10.576255141959491,0,0,0,298.09384497905984
2026-01-19 14:00:00,13.866580020759056,0,0,0,254.86744591011677
2026-01-19 15:00:00,14.280619316329293,0,0,0,255.14305770786058
2026-01-19 16:00:00,16.320015994714588,0,0,0,245.38656650463773
2026-01-19 17:00:00,13.332179109674453,0,0,0,266.54072515706497
2026-01-19 18:00:00,11.657560369914291,0,0,0,272.4970082714821
2026-01-19 19:00:00,10.081124624064927,0,0,0,296.8695893138932
2026-01-19 20:00:00,5.8877106086192565,0,0,0,369.62464004299585
2026-01-19 21:00:00,3.2571116344778113,0,0,0,398.4588532528335
2026-01-19 22:00:00,2.96280676883916,0,0,0,392.21402948619783
2026-01-19 23:00:00,6.518400816661266,0,0,0,305.4541921026951
2026-01-20 00:00:00,2.6092255788649603,1,0,0,385.9278609319241
2026-01-20 01:00:00,1.8588414002536724,1,0,0,407.9796789877583
2026-01-20 02:00:00,-3.486765734747628,1,0,0,556.3040416135383
2026-01-20 03:00:00,1.482796726974701,1,0,0,434.38386086097455
2026-01-20 04:00:00,1.8869859565233105,1,0,0,452.7543079368251
2026-01-20 05:00:00,1.2681580143665787,1,0,0,479.44161856289264
2026-01-20 06:00:00,3.259389094026442,1,0,0,443.1512026836976
2026-01-20 07:00:00,7.799919027460747,1,0,0,355.47716084000217
2026-01-20 08:00:00,7.388242959820816,1,0,0,365.1238091074069
2026-01-20 09:00:00,6.673842793322041,1,0,0,380.62023955272184
2026-01-20 10:00:00,10.025240189835861,1,0,0,309.437045660719
2026-01-20 11:00:00,11.818957045008576,1,0,0,288.45780133020907
2026-01-20 12:00:00,11.897013868568898,1,0,0,289.65899801625716
2026-01-20 13:00:00,13.962050353446045,1,0,0,256.2901527959223
2026-01-20 14:00:00,16.215830722526345,1,0,0,235.54701149325038
2026-01-20 15:00:00,14.703048026853557,1,0,0,248.96411728542313
2026-01-20 16:00:00,9.143061827667843,1,0,0,329.00275896404156
2026-01-20 17:00:00,9.764764156556945,1,0,0,319.92075042011265
2026-01-20 18:00:00,10.069506866469792,1,0,0,309.02579505056906
2026-01-20 19:00:00,10.514611786750962,1,0,0,294.55696639146555
2026-01-20 20:00:00,10.0647602202323,1,0,0,272.59790200423197
2026-01-20 21:00:00,7.023547327204971,1,0,0,320.06026819841696
2026-01-20 22:00:00,4.153969989626137,1,0,0,363.53987715646826
2026-01-20 23:00:00,5.7972190889564015,1,0,0,311.12211384679745
2026-01-21 00:00:00,6.300184163500198,2,0,0,299.699726545554
2026-01-21 01:00:00,-0.3270279979824582,2,0,0,467.021869443506
2026-01-21 02:00:00,1.0556217140303086,2,0,0,440.90420509129785
2026-01-21 03:00:00,2.4969623367158764,2,0,0,412.044115198144
2026-01-21 04:00:00,2.902878897470569,2,0,0,415.6088185283166
2026-01-21 05:00:00,4.3467633959195435,2,0,0,407.2220598634335
2026-01-21 06:00:00,7.069497353933702,2,0,0,358.9211063188813
2026-01-21 07:00:00,6.4832250320946265,2,0,0,388.7331398284029
2026-01-21 08:00:00,6.211284586301713,2,0,0,393.9285044225665
2026-01-21 09:00:00,11.634356279928927,2,0,0,290.78377362566755
2026-01-21 10:00:00,11.494864849665252,2,0,0,292.71553183987345
2026-01-21 11:00:00,13.755975331833332,2,0,0,261.2885088809145
2026-01-21 12:00:00,9.206745646946345,2,0,0,333.4991542479704
2026-01-21 13:00:00,12.410152142697637,2,0,0,272.784485684364
2026-01-21 14:00:00,18.851680036727906,2,0,0,221.1055065697022
2026-01-21 15:00:00,11.002616347097401,2,0,0,302.37593694899573
2026-01-21 16:00:00,9.594473709470458,2,0,0,329.57789158126025
2026-01-21 17:00:00,12.231353924357176,2,0,0,279.93275006787457
2026-01-21 18:00:00,12.966966558934152,2,0,0,262.01695962301284
2026-01-21 19:00:00,6.9019340786865735,2,0,0,349.2321690658365
2026-01-21 20:00:00,7.447814116028287,2,0,0,329.66564674554286
2026-01-21 21:00:00,6.794113024954827,2,0,0,321.7187037801471
2026-01-21 22:00:00,5.015252109791459,2,0,0,342.7524534108045
2026-01-21 23:00:00,5.220820879572587,2,0,0,319.8708784059694
2026-01-22 00:00:00,6.760142079313914,3,0,0,289.52880103280916
2026-01-22 01:00:00,2.8763914217982824,3,0,0,383.37576222883223
2026-01-22 02:00:00,1.9008720890198547,3,0,0,415.8506091240873
2026-01-22 03:00:00,5.593459997974183,3,0,0,356.78537498018954
2026-01-22 04:00:00,5.403267717691142,3,0,0,367.57170145291593
2026-01-22 05:00:00,2.8654291078363396,3,0,0,442.5499812075571
2026-01-22 06:00:00,5.212939224269024,3,0,0,399.1905047238533
2026-01-22 07:00:00,7.39230603449134,3,0,0,379.4585049351283
2026-01-22 08:00:00,10.861955066620737,3,0,0,306.17647069484315
2026-01-22 09:00:00,11.377064068538534,3,0,0,294.0124818515711
2026-01-22 10:00:00,10.747114954242946,3,0,0,304.14085129421034
2026-01-22 11:00:00,13.284274812946384,3,0,0,259.65740007816197
2026-01-22 12:00:00,11.364784100495175,3,0,0,289.4539113217053
2026-01-22 13:00:00,13.264924318961576,3,0,0,261.96730778605524
2026-01-22 14:00:00,15.911604039333184,3,0,0,227.36664023233314
2026-01-22 15:00:00,13.455912021345517,3,0,0,266.1644514998285
2026-01-22 16:00:00,14.103220234079377,3,0,0,257.7684777496378
2026-01-22 17:00:00,14.422449630048018,3,0,0,251.6499199136541
2026-01-22 18:00:00,9.87953469999877,3,0,0,324.32290571322807
2026-01-22 19:00:00,13.03498713355112,3,0,0,252.4198127866728
2026-01-22 20:00:00,4.032151429949705,3,0,0,405.286749169342
2026-01-22 21:00:00,4.783110319576715,3,0,0,365.1610228676773
2026-01-22 22:00:00,7.18085970619782,3,0,0,288.6578002250378
2026-01-22 23:00:00,5.834577427946185,3,0,0,318.5149753767051
2026-01-23 00:00:00,1.3810323687642234,4,0,0,414.1366958092226
2026-01-23 01:00:00,-1.2042876253704424,4,0,0,477.3953369779957
2026-01-23 02:00:00,3.341527856353399,4,0,0,381.51901720224566
2026-01-23 03:00:00,2.7701946990954114,4,0,0,406.3890980190148
2026-01-23 04:00:00,1.0759704644181234,4,0,0,469.99615084712013
2026-01-23 05:00:00,4.191196220240223,4,0,0,410.1704862770542
2026-01-23 06:00:00,6.658162331653579,4,0,0,369.3691023416191
2026-01-23 07:00:00,4.046897633212889,4,0,0,442.14149328573785
2026-01-23 08:00:00,5.04425118346351,4,0,0,414.7675602139073
2026-01-23 09:00:00,10.221483366936766,4,0,0,321.9956351403529
2026-01-23 10:00:00,12.395573543466684,4,0,0,280.32839370689527
2026-01-23 11:00:00,17.39105529797164,4,0,0,227.1731832990903
2026-01-23 12:00:00,12.330831953221592,4,0,0,274.96994438347383
2026-01-23 13:00:00,16.847792399400827,4,0,0,223.33429500904288
2026-01-23 14:00:00,14.824995755291335,4,0,0,251.26436923053623
2026-01-23 15:00:00,14.605277536120084,4,0,0,251.9406819135416
2026-01-23 16:00:00,14.435279333648356,4,0,0,253.26594421769843
2026-01-23 17:00:00,14.041929348535977,4,0,0,254.9584672976036
2026-01-23 18:00:00,10.180960044798113,4,0,0,304.0188399366067
2026-01-23 19:00:00,9.861898490493822,4,0,0,297.99102272537084
2026-01-23 20:00:00,8.254675292494785,4,0,0,309.52271688965243
2026-01-23 21:00:00,3.0894770044362088,4,0,0,398.75326218759506
2026-01-23 22:00:00,8.237265806309956,4,0,0,284.9046675389566
2026-01-23 23:00:00,4.4103694801977085,4,0,0,350.32879619930003
2026-01-24 00:00:00,0.4170658336350006,5,1,0,399.41099436768604
2026-01-24 01:00:00,3.1979652784455155,5,1,0,334.90114429009543
2026-01-24 02:00:00,-1.0509090297928427,5,1,0,450.88993356938215
2026-01-24 03:00:00,0.6975336393819658,5,1,0,414.89067215011903
2026-01-24 04:00:00,2.599050287220417,5,1,0,383.1955850436816
2026-01-24 05:00:00,5.6545866080143465,5,1,0,334.5368800287471
2026-01-24 06:00:00,6.916860827862644,5,1,0,313.9400396356855
2026-01-24 07:00:00,6.764739567920722,5,1,0,315.88702102522035
2026-01-24 08:00:00,8.460493906908436,5,1,0,287.43084943185215
2026-01-24 09:00:00,9.116124498830143,5,1,0,276.9727582959922
2026-01-24 10:00:00,13.308063009485318,5,1,0,213.01627071960414
2026-01-24 11:00:00,13.028926439480063,5,1,0,214.0205625418611
2026-01-24 12:00:00,13.850782203059124,5,1,0,199.66455939068402
2026-01-24 13:00:00,13.644077039910119,5,1,0,199.90149228165365
2026-01-24 14:00:00,13.462449813617429,5,1,0,208.3508612047607
2026-01-24 15:00:00,15.634754049183014,5,1,0,191.23460071864483
2026-01-24 16:00:00,13.933143013768985,5,1,0,212.39976807112828
2026-01-24 17:00:00,11.912742823836092,5,1,0,234.51565886210705
2026-01-24 18:00:00,8.201035784052134,5,1,0,279.10921091240766
2026-01-24 19:00:00,10.355105242285596,5,1,0,242.38683972416538
2026-01-24 20:00:00,9.810358605145902,5,1,0,234.24177501426124
2026-01-24 21:00:00,4.169732451547027,5,1,0,336.1827824125342
2026-01-24 22:00:00,0.4557801687876495,5,1,0,406.33220919422854
2026-01-24 23:00:00,4.397613802172862,5,1,0,303.39682845473305
2026-01-25 00:00:00,2.7146378841523164,6,1,0,344.9827640280496
2026-01-25 01:00:00,2.3959533060483507,6,1,0,351.46360634316187
2026-01-25 02:00:00,3.068589463460037,6,1,0,344.26559303450205
2026-01-25 03:00:00,4.787561219989791,6,1,0,319.3758639914509
2026-01-25 04:00:00,0.8762081826989663,6,1,0,422.8307374825877
2026-01-25 05:00:00,2.5452349480415846,6,1,0,404.8616550722537
2026-01-25 06:00:00,2.1056263940991675,6,1,0,422.12148238344065
2026-01-25 07:00:00,7.224522830571455,6,1,0,309.97546281290863
2026-01-25 08:00:00,7.557534103583168,6,1,0,299.80627163483103
2026-01-25 09:00:00,8.402699141443684,6,1,0,290.3209576348237
2026-01-25 10:00:00,11.161440238003165,6,1,0,240.37454932590308
2026-01-25 11:00:00,8.3800919967813,6,1,0,290.5302595740313
2026-01-25 12:00:00,13.857220469836466,6,1,0,194.75972724987375
2026-01-25 13:00:00,14.739712831400993,6,1,0,185.30159324975918
2026-01-25 14:00:00,16.157793114256062,6,1,0,181.24066458045297
2026-01-25 15:00:00,17.04755935472251,6,1,0,168.35057182049795
2026-01-25 16:00:00,14.465324838912654,6,1,0,200.8395261669429
2026-01-25 17:00:00,10.810481440025752,6,1,0,247.38848781718568
2026-01-25 18:00:00,9.992540801399322,6,1,0,258.92558608128894
2026-01-25 19:00:00,12.200251955294842,6,1,0,210.04835386313255
2026-01-25 20:00:00,3.9243683779351315,6,1,0,360.5095407304771
2026-01-25 21:00:00,7.585882288681057,6,1,0,267.32698435599696
2026-01-25 22:00:00,5.28250286935994,6,1,0,302.50202349894766
2026-01-25 23:00:00,3.512245431647283,6,1,0,336.45147084056
2026-01-26 00:00:00,-0.40642285729434935,0,0,0,455.4761919811127
2026-01-26 01:00:00,-2.06770195509052,0,0,0,508.48190827078497
2026-01-26 02:00:00,4.945237850947198,0,0,0,341.468161807166
2026-01-26 03:00:00,6.615304750063059,0,0,0,328.2302291999829
2026-01-26 04:00:00,3.6938944313329882,0,0,0,411.00509605379926
2026-01-26 05:00:00,5.347734607074846,0,0,0,376.11768953428117
2026-01-26 06:00:00,2.9388983117126175,0,0,0,454.1765072917291
2026-01-26 07:00:00,5.482578094230931,0,0,0,408.4142349751932
2026-01-26 08:00:00,8.106174504719267,0,0,0,355.4084757616953
2026-01-26 09:00:00,9.52232037581416,0,0,0,317.0655316849536
2026-01-26 10:00:00,9.90488516827932,0,0,0,317.7983289410674
2026-01-26 11:00:00,10.17329364772883,0,0,0,317.38990083636253
2026-01-26 12:00:00,10.974537863294108,0,0,0,302.1257226409297
2026-01-26 13:00:00,15.932488837747881,0,0,0,245.17279257488195
2026-01-26 14:00:00,15.5373149585105,0,0,0,240.97776220343354
2026-01-26 15:00:00,15.679107340823546,0,0,0,241.92435262974388
2026-01-26 16:00:00,15.105085575188966,0,0,0,252.0337792674319
2026-01-26 17:00:00,14.855360927092624,0,0,0,258.87102346281984
2026-01-26 18:00:00,9.713318692780426,0,0,0,316.8380346672852
2026-01-26 19:00:00,11.650720228112833,0,0,0,267.55928378385397
2026-01-26 20:00:00,6.55896872304647,0,0,0,349.8213665756264
2026-01-26 21:00:00,6.574912559345247,0,0,0,332.0988004295023
2026-01-26 22:00:00,7.454573222034316,0,0,0,292.8440557818685
2026-01-26 23:00:00,5.011109040741918,0,0,0,333.8931981111986
2026-01-27 00:00:00,2.45273427048008,1,0,0,385.6454304404633
2026-01-27 01:00:00,4.404209267149939,1,0,0,342.39638879216756
2026-01-27 02:00:00,3.587953062962834,1,0,0,374.35034637115854
2026-01-27 03:00:00,-0.17787887997715401,1,0,0,478.0149823949704
2026-01-27 04:00:00,2.493508642237147,1,0,0,437.7784919264809
2026-01-27 05:00:00,-0.12280936363672934,1,0,0,519.2763918615075
2026-01-27 06:00:00,2.2057450646222403,1,0,0,461.9072860278574
2026-01-27 07:00:00,5.779278456704967,1,0,0,395.9230232906771
2026-01-27 08:00:00,6.182849598858439,1,0,0,396.69765867692786
2026-01-27 09:00:00,11.605649114946917,1,0,0,296.75627378815983
2026-01-27 10:00:00,13.153330228633392,1,0,0,265.61612795420933
2026-01-27 11:00:00,11.112159564654117,1,0,0,294.7837465034062
2026-01-27 12:00:00,13.134922825079567,1,0,0,267.4227775322748
2026-01-27 13:00:00,16.831483004246685,1,0,0,228.84078455929597
2026-01-27 14:00:00,16.909029603095636,1,0,0,236.29191759808654
2026-01-27 15:00:00,13.677077128710149,1,0,0,261.6940958093142
2026-01-27 16:00:00,14.644939490272195,1,0,0,264.53903152474135
2026-01-27 17:00:00,12.792403944223045,1,0,0,278.27353915051754
2026-01-27 18:00:00,15.103641409714317,1,0,0,239.39742012700754
2026-01-27 19:00:00,12.64953518233606,1,0,0,257.35358784647104
2026-01-27 20:00:00,8.06476871336582,1,0,0,316.4494136402697
2026-01-27 21:00:00,7.329261367422241,1,0,0,316.3647054195241
2026-01-27 22:00:00,5.20383811252548,1,0,0,339.3967797106982
2026-01-27 23:00:00,4.034909906939047,1,0,0,350.45057232059446
2026-01-28 00:00:00,1.3091779959218413,2,0,0,414.3249153416429
2026-01-28 01:00:00,0.004953592132826312,2,0,0,443.9064650531882
2026-01-28 02:00:00,1.2703025258258696,2,0,0,425.5109461582643
2026-01-28 03:00:00,3.2908472697732964,2,0,0,392.56310209689633
2026-01-28 04:00:00,0.01509667301181139,2,0,0,491.3683006189202
2026-01-28 05:00:00,1.8974775069058332,2,0,0,469.54478974294244
2026-01-28 06:00:00,4.35896538844195,2,0,0,424.43715009886967
2026-01-28 07:00:00,3.7246220186305146,2,0,0,446.89677012092903
2026-01-28 08:00:00,10.273521206115875,2,0,0,319.7317994910656
2026-01-28 09:00:00,10.846877255409359,2,0,0,295.67400685420415
2026-01-28 10:00:00,12.487083275327992,2,0,0,284.23179895422743
2026-01-28 11:00:00,10.662330672778577,2,0,0,289.32702297096955
2026-01-28 12:00:00,11.04641960792408,2,0,0,293.4448878542889
2026-01-28 13:00:00,12.431409331090563,2,0,0,270.33384679966724
2026-01-28 14:00:00,14.708567696487364,2,0,0,243.3630892207494
2026-01-28 15:00:00,12.18441387211759,2,0,0,280.9896173909635
2026-01-28 16:00:00,14.74581296439346,2,0,0,261.2926070795907
2026-01-28 17:00:00,12.685169358847116,2,0,0,273.4714338854604
2026-01-28 18:00:00,12.671717505973644,2,0,0,271.2034194401731
2026-01-28 19:00:00,9.267672802495401,2,0,0,311.5730784581123
2026-01-28 20:00:00,9.550820071499986,2,0,0,286.431456994555
2026-01-28 21:00:00,8.163691295458756,2,0,0,296.69972741325734
2026-01-28 22:00:00,7.455723952785792,2,0,0,292.34721530031317
2026-01-28 23:00:00,1.6783672887605454,2,0,0,416.0335298836084
2026-01-29 00:00:00,-0.15249303539079584,3,0,0,443.1623951263287
2026-01-29 01:00:00,0.6023181954616903,3,0,0,431.5248063410944
2026-01-29 02:00:00,4.523579251832755,3,0,0,350.61729375658086
2026-01-29 03:00:00,1.7611965258683513,3,0,0,436.40688796974194
2026-01-29 04:00:00,5.057355701027129,3,0,0,385.22334829222996
2026-01-29 05:00:00,4.3360206190597586,3,0,0,417.8941540575916
2026-01-29 06:00:00,6.661712241285491,3,0,0,366.17563571267084
2026-01-29 07:00:00,8.825684094560371,3,0,0,337.79768547730805
2026-01-29 08:00:00,6.641291951668823,3,0,0,381.12756396161603
2026-01-29 09:00:00,9.12180080225544,3,0,0,327.9015183149544
2026-01-29 10:00:00,12.40895008182341,3,0,0,281.86125956505504
2026-01-29 11:00:00,13.511177426568688,3,0,0,263.2235339588548
2026-01-29 12:00:00,10.799704866851469,3,0,0,293.558539736161
2026-01-29 13:00:00,15.745505548158311,3,0,0,235.9569094285344
2026-01-29 14:00:00,10.53365337413206,3,0,0,305.1602219657649
2026-01-29 15:00:00,13.623014834480516,3,0,0,267.50816592083197
2026-01-29 16:00:00,12.942084217156205,3,0,0,269.81020220353787
2026-01-29 17:00:00,14.20811932134435,3,0,0,256.2141115624718
2026-01-29 18:00:00,12.874484348876758,3,0,0,272.8331767881045
2026-01-29 19:00:00,10.10514058732504,3,0,0,293.5165382497975
2026-01-29 20:00:00,10.50984895936202,3,0,0,266.9692715065991
2026-01-29 21:00:00,6.972139743624418,3,0,0,312.2064512877269
2026-01-29 22:00:00,2.51077914118392,3,0,0,396.254862844054
2026-01-29 23:00:00,2.3678668383274193,3,0,0,394.4498569473717
2026-01-30 00:00:00,4.708644935115738,4,0,0,333.3320370422448
2026-01-30 01:00:00,3.307168046065064,4,0,0,362.24043182610217
2026-01-30 02:00:00,3.0724784833648764,4,0,0,390.885721007386
2026-01-30 03:00:00,4.223018060522882,4,0,0,372.3737029019958
2026-01-30 04:00:00,3.4155098904721464,4,0,0,410.50469243007734
2026-01-30 05:00:00,1.1255904484697057,4,0,0,487.25354318189545
2026-01-30 06:00:00,7.160872225185774,4,0,0,367.5937005240715
2026-01-30 07:00:00,10.716305343798085,4,0,0,306.63732884270047
2026-01-30 08:00:00,10.454453045880706,4,0,0,305.22508000690965
2026-01-30 09:00:00,7.903958707522611,4,0,0,354.6214300592956
2026-01-30 10:00:00,9.543071243343238,4,0,0,323.2231489036225
2026-01-30 11:00:00,9.563455450590885,4,0,0,325.95615853117346
2026-01-30 12:00:00,14.319775590928858,4,0,0,245.15622646292823
2026-01-30 13:00:00,14.376292642700426,4,0,0,245.24226935679658
2026-01-30 14:00:00,12.299511731671187,4,0,0,281.6626756635685
2026-01-30 15:00:00,14.903375472073579,4,0,0,247.61261056738704
2026-01-30 16:00:00,12.067768482405182,4,0,0,283.5033026171696
2026-01-30 17:00:00,12.948732799907768,4,0,0,267.8304275818494
2026-01-30 18:00:00,12.738594329578163,4,0,0,271.3649457328366
2026-01-30 19:00:00,6.859110675121263,4,0,0,360.9982319905669
2026-01-30 20:00:00,13.180752424151692,4,0,0,227.661621113132
2026-01-30 21:00:00,3.4832289115026556,4,0,0,390.50885433838323
2026-01-30 22:00:00,4.378873492466894,4,0,0,359.3124900507027
2026-01-30 23:00:00,5.634464919692429,4,0,0,316.77202739618855
2026-01-31 00:00:00,0.9376655415593336,5,1,0,389.4036688744594
2026-01-31 01:00:00,0.73535069966732,5,1,0,397.12500123388753
2026-01-31 02:00:00,3.991992778491088,5,1,0,316.7681878005832
2026-01-31 03:00:00,2.910192005179751,5,1,0,357.88257202697264
2026-01-31 04:00:00,1.3992367384755582,5,1,0,409.11224139210094
2026-01-31 05:00:00,2.513955151631943,5,1,0,405.6602768230825
2026-01-31 06:00:00,7.523681828985861,5,1,0,299.3509864253245
2026-01-31 07:00:00,10.396378416960003,5,1,0,243.81877669179275
2026-01-31 08:00:00,11.106229912354348,5,1,0,254.02715015907702
2026-01-31 09:00:00,6.136427186378921,5,1,0,342.97716606738123
2026-01-31 10:00:00,10.067582574865984,5,1,0,257.5515250858481
2026-01-31 11:00:00,8.048397436103489,5,1,0,294.6119042265921
2026-01-31 12:00:00,11.36144865856533,5,1,0,234.81821686300222
2026-01-31 13:00:00,13.104879627916528,5,1,0,213.24059679576357
2026-01-31 14:00:00,15.28259670661614,5,1,0,185.2267109347754
2026-01-31 15:00:00,17.007293962462427,5,1,0,181.59615274212018
2026-01-31 16:00:00,11.06967270932984,5,1,0,244.71858543728052
2026-01-31 17:00:00,10.77632578799177,5,1,0,254.8202680330765
2026-01-31 18:00:00,10.740833993427762,5,1,0,244.33367521176473
2026-01-31 19:00:00,12.497186929388135,5,1,0,202.65348289111975
2026-01-31 20:00:00,5.320438229484837,5,1,0,327.7310477590685
2026-01-31 21:00:00,4.638735289468178,5,1,0,323.7573061361115
2026-01-31 22:00:00,5.547573025179977,5,1,0,286.6217150019464
2026-01-31 23:00:00,8.056875277039826,5,1,0,223.17731156223016
2026-02-01 00:00:00,0.987162960035568,6,1,0,393.7921187182458
2026-02-01 01:00:00,3.7978813091601404,6,1,0,316.6469111653897
2026-02-01 02:00:00,0.423173932475986,6,1,0,413.72998409544124
2026-02-01 03:00:00,4.196247676708651,6,1,0,329.2131988945233
2026-02-01 04:00:00,1.4481374833343148,6,1,0,416.9966680186749
2026-02-01 05:00:00,3.664022875121417,6,1,0,378.8786340136279
2026-02-01 06:00:00,4.065444894647484,6,1,0,376.5138233217668
2026-02-01 07:00:00,7.983875234878643,6,1,0,302.7537183653573
2026-02-01 08:00:00,7.725436373623388,6,1,0,308.1665988539046
2026-02-01 09:00:00,12.473904581268078,6,1,0,225.86755456580778
2026-02-01 10:00:00,11.86045864380738,6,1,0,230.9440818906303
2026-02-01 11:00:00,10.355091815139707,6,1,0,254.29896869559232
2026-02-01 12:00:00,14.74687837387612,6,1,0,186.59288474290057
2026-02-01 13:00:00,10.79186436258756,6,1,0,243.77187203850667
2026-02-01 14:00:00,12.41666915115939,6,1,0,217.1341491371361
2026-02-01 15:00:00,13.527972303929422,6,1,0,207.38097715580088
2026-02-01 16:00:00,9.17611128100036,6,1,0,269.15490048866815
2026-02-01 17:00:00,13.122368824707449,6,1,0,217.0036287322943
2026-02-01 18:00:00,9.107259399286065,6,1,0,273.78632040696806
2026-02-01 19:00:00,9.199209984280943,6,1,0,254.95086317363925
2026-02-01 20:00:00,5.496946340519512,6,1,0,328.57631727796047
2026-02-01 21:00:00,9.0813696491374,6,1,0,234.40970493611297
2026-02-01 22:00:00,3.256766732878498,6,1,0,340.85957371607503
2026-02-01 23:00:00,1.4116717540812562,6,1,0,372.03460953079343
2026-02-02 00:00:00,4.692118701601306,0,0,0,335.3553634760765
2026-02-02 01:00:00,0.8290209279018605,0,0,0,430.3816943225874
2026-02-02 02:00:00,-1.0295954630232433,0,0,0,491.9113592923331
2026-02-02 03:00:00,1.4174748773237709,0,0,0,435.24293780811655
2026-02-02 04:00:00,4.799932979430433,0,0,0,377.6140648767551
2026-02-02 05:00:00,3.258831356932448,0,0,0,437.7132762785722
2026-02-02 06:00:00,3.568182722887168,0,0,0,446.00446622003545
2026-02-02 07:00:00,5.707567256425472,0,0,0,391.97212731737716
2026-02-02 08:00:00,6.682792143427976,0,0,0,377.89773823536035
2026-02-02 09:00:00,6.799638262439232,0,0,0,377.19723451780766
2026-02-02 10:00:00,13.949063613095456,0,0,0,259.1128940139154
2026-02-02 11:00:00,11.653966831985358,0,0,0,279.4590716698759
2026-02-02 12:00:00,15.018235471311026,0,0,0,234.71136011491575
2026-02-02 13:00:00,15.280283265754226,0,0,0,226.95078862762128
2026-02-02 14:00:00,11.87741694881652,0,0,0,279.0857248836307
2026-02-02 15:00:00,13.793472353625473,0,0,0,255.98517377254674
2026-02-02 16:00:00,12.601910549460086,0,0,0,284.8753405434808
2026-02-02 17:00:00,11.292730171960145,0,0,0,298.7080282849547
2026-02-02 18:00:00,11.392291239912845,0,0,0,290.1713313032939
2026-02-02 19:00:00,7.651508188938697,0,0,0,337.0548643876798
2026-02-02 20:00:00,3.9915907770354515,0,0,0,396.1221281762572
2026-02-02 21:00:00,7.991539359586479,0,0,0,302.57769200733094
2026-02-02 22:00:00,4.362224569762568,0,0,0,356.49151918895876
2026-02-02 23:00:00,2.718056940299448,0,0,0,389.0283283829017
2026-02-03 00:00:00,0.3446976180443988,1,0,0,437.8845932357465
2026-02-03 01:00:00,0.8987122758146413,1,0,0,421.93315803028577
2026-02-03 02:00:00,4.264350145838929,1,0,0,356.23584001600545
2026-02-03 03:00:00,-0.11450322873783403,1,0,0,480.97983534060387
2026-02-03 04:00:00,4.6691905462332866,1,0,0,380.685614441446
2026-02-03 05:00:00,5.130044987298209,1,0,0,392.71663978493217
2026-02-03 06:00:00,9.781521206796434,1,0,0,306.8064236661285
2026-02-03 07:00:00,6.486744857914822,1,0,0,388.9868067383772
2026-02-03 08:00:00,8.85933692313323,1,0,0,341.86330978028946
2026-02-03 09:00:00,5.674973852332343,1,0,0,404.36795037216825
2026-02-03 10:00:00,11.675722771043302,1,0,0,286.5752754685756
2026-02-03 11:00:00,14.029529543025227,1,0,0,247.63187132963614
2026-02-03 12:00:00,15.559652098751348,1,0,0,233.3714576864253
2026-02-03 13:00:00,16.522960656804063,1,0,0,213.7620305486252
2026-02-03 14:00:00,14.19469350321022,1,0,0,256.15554789418763
2026-02-03 15:00:00,14.958526136943748,1,0,0,241.86723963296234
2026-02-03 16:00:00,10.64886601502553,1,0,0,311.10577935872124
2026-02-03 17:00:00,9.976835503749612,1,0,0,314.85604655197375
2026-02-03 18:00:00,12.112875751128328,1,0,0,276.1596220515732
2026-02-03 19:00:00,9.804510473556999,1,0,0,293.0872865976431
2026-02-03 20:00:00,8.890954035065832,1,0,0,300.49991415725964
2026-02-03 21:00:00,7.654448193040379,1,0,0,310.0393696976108
2026-02-03 22:00:00,3.7594066015411203,1,0,0,374.5113560241661
2026-02-03 23:00:00,-0.6213031480374758,1,0,0,463.78266723391044
2026-02-04 00:00:00,4.616969100153501,2,0,0,331.6588655752634
2026-02-04 01:00:00,0.011164926464632963,2,0,0,454.08755230250307
2026-02-04 02:00:00,2.5287424143611217,2,0,0,401.29038610942
2026-02-04 03:00:00,3.847844651999886,2,0,0,379.7964699773595
2026-02-04 04:00:00,0.8827387296861637,2,0,0,467.07844409386405
2026-02-04 05:00:00,2.1533217284786,2,0,0,458.1213494761992
2026-02-04 06:00:00,5.163148602604568,2,0,0,408.63895099065854
2026-02-04 07:00:00,5.88936285814641,2,0,0,407.3214057910153
2026-02-04 08:00:00,12.416200621469837,2,0,0,280.26008390316014
2026-02-04 09:00:00,12.529459650078932,2,0,0,276.16335522794446
2026-02-04 10:00:00,8.768350355010346,2,0,0,334.5067949409824
2026-02-04 11:00:00,14.997931081482562,2,0,0,242.14541886951417
2026-02-04 12:00:00,13.06006656213369,2,0,0,267.70431343806604
2026-02-04 13:00:00,14.944061498489505,2,0,0,244.90079296775156
2026-02-04 14:00:00,13.242926516307806,2,0,0,256.4501237828226
2026-02-04 15:00:00,15.363038692158394,2,0,0,246.0025839601467
2026-02-04 16:00:00,19.1601117254313,2,0,0,228.33990395416598
2026-02-04 17:00:00,11.608895994042173,2,0,0,288.9311432690986
2026-02-04 18:00:00,6.179493695901135,2,0,0,378.5680537373608
2026-02-04 19:00:00,10.22831669439977,2,0,0,299.82962082229955
2026-02-04 20:00:00,6.75096247952649,2,0,0,341.7434530141931
2026-02-04 21:00:00,7.53856520963986,2,0,0,313.74577891545175
2026-02-04 22:00:00,5.8137444181570395,2,0,0,331.90976590284254
2026-02-04 23:00:00,3.3046079679507385,2,0,0,366.9950536465155
2026-02-05 00:00:00,3.190544546101914,3,0,0,369.7460792260444
2026-02-05 01:00:00,6.633614182714222,3,0,0,304.5719470977449
2026-02-05 02:00:00,2.14443442348127,3,0,0,402.2885696418735
2026-02-05 03:00:00,-0.40547388616899793,3,0,0,480.97222228309323
2026-02-05 04:00:00,3.8115462204566137,3,0,0,410.5518520294401
2026-02-05 05:00:00,2.905292935268676,3,0,0,433.2119812202266
2026-02-05 06:00:00,4.806448811249957,3,0,0,422.0619232544941
2026-02-05 07:00:00,4.52937606695426,3,0,0,425.0813757767322
2026-02-05 08:00:00,10.646166226192568,3,0,0,311.3877224765237
2026-02-05 09:00:00,10.634702307744568,3,0,0,303.7016515633373
2026-02-05 10:00:00,8.796864344526503,3,0,0,336.27846038371405
2026-02-05 11:00:00,8.771142275735174,3,0,0,332.63096487319183
2026-02-05 12:00:00,13.910114696069162,3,0,0,249.95518130232819
2026-02-05 13:00:00,12.949257659100441,3,0,0,258.80154645091284
2026-02-05 14:00:00,13.982075940574541,3,0,0,255.83272224676554
2026-02-05 15:00:00,13.279606187671224,3,0,0,272.0709952741754
2026-02-05 16:00:00,10.664790413472861,3,0,0,303.8246766034232
2026-02-05 17:00:00,13.566959290820765,3,0,0,263.9286026317471
2026-02-05 18:00:00,10.497436012945716,3,0,0,297.7531282865789
2026-02-05 19:00:00,9.026975402665196,3,0,0,303.7627854113574
2026-02-05 20:00:00,9.906908284131669,3,0,0,279.41657401121205
2026-02-05 21:00:00,8.102591407264686,3,0,0,297.5396805897984
2026-02-05 22:00:00,2.613375487973277,3,0,0,397.5984446266861
2026-02-05 23:00:00,5.969798809951202,3,0,0,322.91444996068736
2026-02-06 00:00:00,7.181268817737619,4,0,0,284.4785504494763
2026-02-06 01:00:00,0.5881762967934971,4,0,0,441.6874399016293
2026-02-06 02:00:00,3.4057616233040875,4,0,0,385.9151584240283
2026-02-06 03:00:00,6.2325092117630545,4,0,0,325.9176773339701
2026-02-06 04:00:00,-1.056057983295179,4,0,0,525.4081780446154
2026-02-06 05:00:00,2.4248609388118396,4,0,0,452.2609376554654
2026-02-06 06:00:00,4.673987258061038,4,0,0,413.68726676987114
2026-02-06 07:00:00,6.757074155307464,4,0,0,370.90480905413995
2026-02-06 08:00:00,7.1562877880401565,4,0,0,379.2048792009944
2026-02-06 09:00:00,11.455119821212154,4,0,0,301.70620395125957
2026-02-06 10:00:00,10.057354437545834,4,0,0,313.35974168818353
2026-02-06 11:00:00,14.496721795129751,4,0,0,241.27689817883018
2026-02-06 12:00:00,8.943236364100265,4,0,0,334.83536201331003
2026-02-06 13:00:00,14.184607987693965,4,0,0,253.52559113553497
2026-02-06 14:00:00,14.180415794907463,4,0,0,256.48663621082267
2026-02-06 15:00:00,16.19703199135222,4,0,0,232.67076518523405
2026-02-06 16:00:00,12.164313540545656,4,0,0,291.4063418219714
2026-02-06 17:00:00,14.42286753363364,4,0,0,260.8401078477469
2026-02-06 18:00:00,12.390965241812955,4,0,0,271.76681355304436
2026-02-06 19:00:00,11.057946397077911,4,0,0,285.0045191456104
2026-02-06 20:00:00,6.487630593778286,4,0,0,344.97420090160267
2026-02-06 21:00:00,9.710519432109164,4,0,0,262.7238198953555
2026-02-06 22:00:00,3.003597920824056,4,0,0,383.66417340889745
2026-02-06 23:00:00,11.79612534513971,4,0,0,202.9815671640833
2026-02-07 00:00:00,-0.020089728638803095,5,1,0,417.37097204680043
2026-02-07 01:00:00,-0.6199050141081681,5,1,0,431.42529709173823
2026-02-07 02:00:00,2.9655690929789262,5,1,0,348.69962966743304
2026-02-07 03:00:00,4.449566557445097,5,1,0,327.2848346960669
2026-02-07 04:00:00,4.841524061833951,5,1,0,328.780988377496
2026-02-07 05:00:00,4.423184826151843,5,1,0,353.5404159268931
2026-02-07 06:00:00,4.586468245238834,5,1,0,361.43512866828814
2026-02-07 07:00:00,4.623682685548495,5,1,0,367.1322304257443
2026-02-07 08:00:00,10.230884413937254,5,1,0,259.3334012620709
2026-02-07 09:00:00,11.975356825640688,5,1,0,229.1686515729299
2026-02-07 10:00:00,11.010503572568265,5,1,0,239.63056270482687
2026-02-07 11:00:00,12.035186129178252,5,1,0,222.95147588670787
2026-02-07 12:00:00,13.060024477120471,5,1,0,213.01194446970322
2026-02-07 13:00:00,14.221613346229244,5,1,0,194.24090944237616
2026-02-07 14:00:00,16.419030015581022,5,1,0,173.14847296470572
2026-02-07 15:00:00,12.92030420362561,5,1,0,211.9404580967753
2026-02-07 16:00:00,12.639190998239034,5,1,0,223.41595568319886
2026-02-07 17:00:00,10.418941524942316,5,1,0,257.26199652007796
2026-02-07 18:00:00,13.174044595105286,5,1,0,206.7814925057097
2026-02-07 19:00:00,9.18346140254342,5,1,0,259.8808481937593
2026-02-07 20:00:00,8.374751129525828,5,1,0,271.3567413210638
2026-02-07 21:00:00,11.109005657448655,5,1,0,205.97072403348957
2026-02-07 22:00:00,5.603569573042044,5,1,0,292.77096112090175
2026-02-07 23:00:00,5.028092961806216,5,1,0,299.40199360618425
2026-02-08 00:00:00,5.4429458119079275,6,1,0,286.36743190805765
2026-02-08 01:00:00,2.041095631115091,6,1,0,355.53677401970833
2026-02-08 02:00:00,3.9172979295645387,6,1,0,329.0048148704822
2026-02-08 03:00:00,5.154524902452525,6,1,0,313.0928777571532
2026-02-08 04:00:00,2.131030606317455,6,1,0,392.50181551174757
2026-02-08 05:00:00,4.3707191387442315,6,1,0,361.3764842169875
2026-02-08 06:00:00,5.914267962418506,6,1,0,325.3752775203699
2026-02-08 07:00:00,9.338215224534263,6,1,0,287.79368680374193
2026-02-08 08:00:00,8.4344533372764,6,1,0,289.5746599010246
2026-02-08 09:00:00,13.515780641803676,6,1,0,208.49840694906007
2026-02-08 10:00:00,11.992698090779005,6,1,0,220.7131893367218
2026-02-08 11:00:00,16.585830545271886,6,1,0,176.12985716449182
2026-02-08 12:00:00,11.719150260617397,6,1,0,220.24628389432402
2026-02-08 13:00:00,14.590013729515139,6,1,0,184.09841314736897
2026-02-08 14:00:00,12.528955798021041,6,1,0,219.25925065305984
2026-02-08 15:00:00,15.24073369030095,6,1,0,191.27195438135251
2026-02-08 16:00:00,13.024311584983147,6,1,0,204.08224488196504
2026-02-08 17:00:00,16.137351995020733,6,1,0,187.99324403811525
2026-02-08 18:00:00,11.337408875753402,6,1,0,234.9311831769315
2026-02-08 19:00:00,11.07196513054562,6,1,0,227.85707935149148
2026-02-08 20:00:00,6.930759431885537,6,1,0,292.6904117608954
2026-02-08 21:00:00,4.94883125036773,6,1,0,320.532192593325
2026-02-08 22:00:00,5.056959269799836,6,1,0,305.20486383376584
2026-02-08 23:00:00,5.22803566009343,6,1,0,292.88399549554384
2026-02-09 00:00:00,3.6313218884772964,0,0,0,351.49643539435283
2026-02-09 01:00:00,1.276489136384172,0,0,0,417.22245098352806
2026-02-09 02:00:00,2.293707306858129,0,0,0,408.42966854602395
2026-02-09 03:00:00,-1.2317731903518196,0,0,0,508.32214895283494
2026-02-09 04:00:00,1.5166703087106077,0,0,0,463.6790239441662
2026-02-09 05:00:00,4.588619518940404,0,0,0,398.8328511542619
2026-02-09 06:00:00,5.826137816233799,0,0,0,386.93356554470824
2026-02-09 07:00:00,8.307313666305326,0,0,0,347.9232045940015
2026-02-09 08:00:00,3.737357306115208,0,0,0,449.1823854634943
2026-02-09 09:00:00,7.613120882432865,0,0,0,360.50589149977986
2026-02-09 10:00:00,9.236365862352766,0,0,0,328.3653421931996
2026-02-09 11:00:00,11.113790572810595,0,0,0,300.1791028412763
2026-02-09 12:00:00,11.946509429338105,0,0,0,282.11695079704214
2026-02-09 13:00:00,15.497379248953784,0,0,0,235.34323509274085
2026-02-09 14:00:00,14.106373890132575,0,0,0,257.58541778708945
2026-02-09 15:00:00,13.885376486297913,0,0,0,260.49204370357995
2026-02-09 16:00:00,15.130247446664882,0,0,0,252.7660902892444
2026-02-09 17:00:00,12.98966581610981,0,0,0,266.8425884418049
2026-02-09 18:00:00,13.064579550788942,0,0,0,257.79962112637213
2026-02-09 19:00:00,10.08209578042932,0,0,0,284.56130940742105
2026-02-09 20:00:00,6.0486112922562665,0,0,0,367.0467259451478
2026-02-09 21:00:00,7.934515644419403,0,0,0,297.27602541453047
2026-02-09 22:00:00,3.669616272542556,0,0,0,379.1137856690881
2026-02-09 23:00:00,1.2651870004176353,0,0,0,422.0447892633259
2026-02-10 00:00:00,4.198302140508877,1,0,0,346.01048789000083
2026-02-10 01:00:00,4.766805282962322,1,0,0,332.3021926638807
2026-02-10 02:00:00,-3.9347796148022907,1,0,0,565.6977952267328
2026-02-10 03:00:00,5.173961956565483,1,0,0,354.02951035723675
2026-02-10 04:00:00,-0.4586352510845946,1,0,0,504.4762627591473
2026-02-10 05:00:00,1.7615110607194386,1,0,0,472.4372196577425
2026-02-10 06:00:00,5.023777315017828,1,0,0,404.8400993140874
2026-02-10 07:00:00,6.674128682661791,1,0,0,381.51852693103154
2026-02-10 08:00:00,6.696155761589962,1,0,0,387.01400838246246
2026-02-10 09:00:00,8.43830500258095,1,0,0,342.3712834089596
2026-02-10 10:00:00,9.781855248839907,1,0,0,318.917685012651
2026-02-10 11:00:00,11.72301067059102,1,0,0,279.18530140186493
2026-02-10 12:00:00,13.131631469710113,1,0,0,269.4054377154837
2026-02-10 13:00:00,16.29816042977935,1,0,0,224.97487967439724
2026-02-10 14:00:00,12.519092296004889,1,0,0,279.40825650107917
2026-02-10 15:00:00,13.712981106128257,1,0,0,260.3346422971509
2026-02-10 16:00:00,12.671469053093396,1,0,0,275.73311700379867
2026-02-10 17:00:00,10.363861927500455,1,0,0,315.632578433644
2026-02-10 18:00:00,11.10650369452172,1,0,0,291.5430209047387
2026-02-10 19:00:00,13.026001968118909,1,0,0,248.17630354474508
2026-02-10 20:00:00,6.029275219159587,1,0,0,365.127260500674
2026-02-10 21:00:00,7.772105635315782,1,0,0,299.931229849048
2026-02-10 22:00:00,4.856563934609552,1,0,0,352.69218824309087
2026-02-10 23:00:00,2.784565701300229,1,0,0,377.58285817979527
2026-02-11 00:00:00,-0.13770679444876555,2,0,0,454.57620177974894
2026-02-11 01:00:00,1.1066481518590132,2,0,0,432.1959618928194
2026-02-11 02:00:00,-1.431458493908572,2,0,0,499.61674774714294
2026-02-11 03:00:00,1.359833708337005,2,0,0,442.35759349854095
2026-02-11 04:00:00,7.447691493016392,2,0,0,326.5703505793625
2026-02-11 05:00:00,1.9403622620333951,2,0,0,464.72482834528273
2026-02-11 06:00:00,4.14133519508551,2,0,0,420.29123823059797
2026-02-11 07:00:00,8.948088034195772,2,0,0,335.981962651258
2026-02-11 08:00:00,9.287268851573227,2,0,0,334.1799666322783
2026-02-11 09:00:00,6.434789827541079,2,0,0,388.85033840705904
2026-02-11 10:00:00,5.620442011953147,2,0,0,399.6168039895125
2026-02-11 11:00:00,10.468162687685139,2,0,0,307.3802792667984
2026-02-11 12:00:00,13.606186058801773,2,0,0,257.9965650458389
2026-02-11 13:00:00,15.489196780950786,2,0,0,223.33535452471247
2026-02-11 14:00:00,17.477792972732082,2,0,0,222.17197898668996
2026-02-11 15:00:00,17.675388410017398,2,0,0,231.74152278817434
2026-02-11 16:00:00,13.576620782772324,2,0,0,259.2289795658569
2026-02-11 17:00:00,10.612979329027867,2,0,0,307.58736572347357
2026-02-11 18:00:00,14.449647783390644,2,0,0,242.12081833819158
2026-02-11 19:00:00,9.24183080365387,2,0,0,306.3956416362961
2026-02-11 20:00:00,6.8768109306647425,2,0,0,331.9686469496076
2026-02-11 21:00:00,7.294486875908731,2,0,0,318.1713484530191
2026-02-11 22:00:00,2.7301377393416666,2,0,0,395.4406890363107
2026-02-11 23:00:00,4.51480133075684,2,0,0,335.2966294168988
2026-02-12 00:00:00,-1.9447101217453264,3,0,0,500.01879597551647
2026-02-12 01:00:00,1.075516301244931,3,0,0,427.183690106489
2026-02-12 02:00:00,1.596070722140114,3,0,0,421.36717716553096
2026-02-12 03:00:00,0.36759149473341446,3,0,0,462.41256032744894
2026-02-12 04:00:00,1.9375972405402657,3,0,0,438.5515003558768
2026-02-12 05:00:00,0.8157896221982908,3,0,0,491.4569280395056
2026-02-12 06:00:00,5.291520708587638,3,0,0,400.50707399101515
2026-02-12 07:00:00,1.6051224128096795,3,0,0,490.8369043638917
2026-02-12 08:00:00,6.666389470376152,3,0,0,370.6639080360153
2026-02-12 09:00:00,8.413484475089295,3,0,0,351.2015429058009
2026-02-12 10:00:00,12.529724800883587,3,0,0,268.55757946654796
2026-02-12 11:00:00,8.153461144715328,3,0,0,342.35756062021915
2026-02-12 12:00:00,10.872264019937571,3,0,0,301.7847280376178
2026-02-12 13:00:00,11.855712824837305,3,0,0,286.1410461872057
2026-02-12 14:00:00,13.847935410375026,3,0,0,255.90642802927613
2026-02-12 15:00:00,12.044159558422898,3,0,0,286.87566708391796
2026-02-12 16:00:00,12.748596337502297,3,0,0,279.1047122519366
2026-02-12 17:00:00,13.328811329584306,3,0,0,268.185500747564
2026-02-12 18:00:00,8.689144426556334,3,0,0,336.6761788770959
2026-02-12 19:00:00,11.683191790251389,3,0,0,267.7704959285919
2026-02-12 20:00:00,6.836085703897194,3,0,0,338.3624818632106
2026-02-12 21:00:00,9.330225240167923,3,0,0,283.4965048608047
2026-02-12 22:00:00,3.15910201132328,3,0,0,374.79710545407016
2026-02-12 23:00:00,-1.4351808165467625,3,0,0,487.5564198308688
2026-02-13 00:00:00,0.5603510628314115,4,0,0,428.0313439831556
2026-02-13 01:00:00,3.075596693409606,4,0,0,379.46236405502594
2026-02-13 02:00:00,2.047521594395216,4,0,0,408.9241061054799
2026-02-13 03:00:00,4.503948605994149,4,0,0,381.12066436744425
2026-02-13 04:00:00,3.795726508994445,4,0,0,405.9095740796631
2026-02-13 05:00:00,5.533484771506717,4,0,0,384.80914144107356
2026-02-13 06:00:00,4.506870388800494,4,0,0,414.90448331147337
2026-02-13 07:00:00,8.289613496179626,4,0,0,349.45643492948415
2026-02-13 08:00:00,3.61373197501217,4,0,0,443.5683445367723
2026-02-13 09:00:00,10.610611436735987,4,0,0,313.76986021986687
2026-02-13 10:00:00,9.584429963402584,4,0,0,323.8859725230339
2026-02-13 11:00:00,15.080138042133356,4,0,0,246.34845784322968
2026-02-13 12:00:00,12.911024582334761,4,0,0,263.4979144948201
2026-02-13 13:00:00,14.24581078268819,4,0,0,259.6214398524604
2026-02-13 14:00:00,9.41693573154614,4,0,0,320.56481175128744
2026-02-13 15:00:00,14.865127706406227,4,0,0,259.3258223702045
2026-02-13 16:00:00,13.54375671146496,4,0,0,266.5946659918972
2026-02-13 17:00:00,10.63103498668902,4,0,0,311.9289344493595
2026-02-13 18:00:00,7.237116620397471,4,0,0,363.45583224287634
2026-02-13 19:00:00,7.119737693162129,4,0,0,343.6209586915993
2026-02-13 20:00:00,9.55397506499465,4,0,0,287.3977833054132
2026-02-13 21:00:00,4.505043072051088,4,0,0,368.0368168124049
2026-02-13 22:00:00,5.670129991739912,4,0,0,330.25707900643147
2026-02-13 23:00:00,3.1828491494629443,4,0,0,382.7284517337621
2026-02-14 00:00:00,-0.6634685438051964,5,1,0,425.6421708936663
2026-02-14 01:00:00,0.6476669132752355,5,1,0,389.77928150207754
2026-02-14 02:00:00,2.043660456539885,5,1,0,372.6170659496295
2026-02-14 03:00:00,5.592230909820966,5,1,0,302.33146345774566
2026-02-14 04:00:00,1.6916321593777737,5,1,0,403.0652117460672
2026-02-14 05:00:00,3.150209213733984,5,1,0,387.7388691908867
2026-02-14 06:00:00,6.964140554825122,5,1,0,298.2505801518902
2026-02-14 07:00:00,5.867097918251739,5,1,0,338.97199773714703
2026-02-14 08:00:00,8.643933338051221,5,1,0,283.3019083301658
2026-02-14 09:00:00,10.154831223947122,5,1,0,258.8964403035727
2026-02-14 10:00:00,15.078420999898103,5,1,0,191.3701993502861
2026-02-14 11:00:00,13.434252116528794,5,1,0,204.11719781462696
2026-02-14 12:00:00,11.342736128477492,5,1,0,240.63127397088905
2026-02-14 13:00:00,12.960279700276997,5,1,0,208.37145594169317
2026-02-14 14:00:00,13.829883957633596,5,1,0,206.47136876667992
2026-02-14 15:00:00,17.615552446750005,5,1,0,168.45961388310238
2026-02-14 16:00:00,13.026792525512494,5,1,0,217.13167787536244
2026-02-14 17:00:00,17.199893481452563,5,1,0,175.06937616854844
2026-02-14 18:00:00,10.633244951808118,5,1,0,252.85197346790147
2026-02-14 19:00:00,11.05141291966222,5,1,0,221.3138216152667
2026-02-14 20:00:00,7.165733610547662,5,1,0,284.35239640987913
2026-02-14 21:00:00,4.345727952817986,5,1,0,332.3705736595347
2026-02-14 22:00:00,3.687242478419514,5,1,0,335.6746820739022
2026-02-14 23:00:00,6.785540527229299,5,1,0,266.54999265736683
2026-02-15 00:00:00,4.004725189041097,6,1,0,322.1987503907943
2026-02-15 01:00:00,1.3187653045366108,6,1,0,382.99551666268866
2026-02-15 02:00:00,2.934478454207674,6,1,0,349.6973683029129
2026-02-15 03:00:00,0.49071613645464107,6,1,0,422.6486604232764
2026-02-15 04:00:00,-0.31585888668196604,6,1,0,451.974788746527
2026-02-15 05:00:00,5.222062966873609,6,1,0,327.63942369885314
2026-02-15 06:00:00,5.881021353840632,6,1,0,335.34349979851805
2026-02-15 07:00:00,9.123299069097706,6,1,0,275.5404377980148
2026-02-15 08:00:00,9.269059382182862,6,1,0,283.806920964737
2026-02-15 09:00:00,13.046928928075964,6,1,0,216.72045075925638
2026-02-15 10:00:00,8.433177706480933,6,1,0,275.00255678883195
2026-02-15 11:00:00,11.098985897769174,6,1,0,242.21450865718978
2026-02-15 12:00:00,13.63707792530571,6,1,0,202.97129357569855
2026-02-15 13:00:00,15.107186810591191,6,1,0,185.77966746222708
2026-02-15 14:00:00,10.233649671300412,6,1,0,263.06092402405835
2026-02-15 15:00:00,16.845165494692548,6,1,0,172.00519886895637
2026-02-15 16:00:00,15.100308049139528,6,1,0,182.37984677572445
2026-02-15 17:00:00,11.817464629042957,6,1,0,238.1530244073103
2026-02-15 18:00:00,10.858505488327236,6,1,0,240.25702584659967
2026-02-15 19:00:00,7.227347503067673,6,1,0,300.72185100882774
2026-02-15 20:00:00,10.282675724466781,6,1,0,227.7884887658552
2026-02-15 21:00:00,6.307727120715542,6,1,0,294.23317702785846
2026-02-15 22:00:00,3.474819421923166,6,1,0,337.7945307804983
2026-02-15 23:00:00,5.13311990188131,6,1,0,287.4624998399053
2026-02-16 00:00:00,-0.4078166755257788,0,0,0,461.42132519213243
2026-02-16 01:00:00,2.737286220280088,0,0,0,379.4017370646707
2026-02-16 02:00:00,2.3644283478181998,0,0,0,405.339322213908
2026-02-16 03:00:00,4.02927549280092,0,0,0,374.5921226591077
2026-02-16 04:00:00,3.076830287532909,0,0,0,421.7293922843622
2026-02-16 05:00:00,3.0138931529209247,0,0,0,444.7500044998525
2026-02-16 06:00:00,4.786914745433771,0,0,0,417.2761956914274
2026-02-16 07:00:00,8.985184178519061,0,0,0,341.4371556772509
2026-02-16 08:00:00,7.718169262284328,0,0,0,362.8924002276603
2026-02-16 09:00:00,10.111810939695266,0,0,0,312.09476497111854
2026-02-16 10:00:00,5.252783991815335,0,0,0,398.8151027863142
2026-02-16 11:00:00,12.526327737881438,0,0,0,271.1877111876608
2026-02-16 12:00:00,14.274148012163257,0,0,0,248.6975725475025
2026-02-16 13:00:00,11.661072322372048,0,0,0,291.9753564038456
2026-02-16 14:00:00,14.278497253298605,0,0,0,251.68442068597705
2026-02-16 15:00:00,12.975856997852663,0,0,0,277.1249828428054
2026-02-16 16:00:00,10.312263926904963,0,0,0,305.58717118188326
2026-02-16 17:00:00,10.644273235264134,0,0,0,311.31050114440626
2026-02-16 18:00:00,15.902337075843615,0,0,0,232.69671996239154
2026-02-16 19:00:00,7.818727782026679,0,0,0,336.2309508235121
2026-02-16 20:00:00,5.4193313678530615,0,0,0,360.19007880537487
2026-02-16 21:00:00,6.484209186958697,0,0,0,331.7952197389612
2026-02-16 22:00:00,2.22924599901198,0,0,0,411.1526146068309
2026-02-16 23:00:00,5.02753059540805,0,0,0,329.98328375630894
2026-02-17 00:00:00,4.0130951288397485,1,0,0,356.16534421083037
2026-02-17 01:00:00,1.075267827565189,1,0,0,422.75347647807996
2026-02-17 02:00:00,0.49365107743220604,1,0,0,447.3039323271627
2026-02-17 03:00:00,3.318130607491232,1,0,0,394.88320578478255
2026-02-17 04:00:00,3.501999371617866,1,0,0,413.6039211673859
2026-02-17 05:00:00,3.6170370234699685,1,0,0,424.12306865492917
2026-02-17 06:00:00,4.011296988321277,1,0,0,424.19121907683007
2026-02-17 07:00:00,5.705009279438174,1,0,0,399.0670743171519
2026-02-17 08:00:00,4.277912712919463,1,0,0,436.2313058010239
2026-02-17 09:00:00,11.305375821021027,1,0,0,290.3342564795202
2026-02-17 10:00:00,14.777469550722383,1,0,0,244.1471765178237
2026-02-17 11:00:00,11.104831811903022,1,0,0,290.172370400896
2026-02-17 12:00:00,11.85166704180706,1,0,0,284.5577841235164
2026-02-17 13:00:00,12.478949287650803,1,0,0,265.2348236360516
2026-02-17 14:00:00,15.45746632341485,1,0,0,242.97622051227262
2026-02-17 15:00:00,16.0760406451647,1,0,0,234.60835337576296
2026-02-17 16:00:00,12.648189592268537,1,0,0,285.48167890953187
2026-02-17 17:00:00,9.440342078721418,1,0,0,333.00528190492673
2026-02-17 18:00:00,11.612365747274458,1,0,0,287.4269081250284
2026-02-17 19:00:00,9.01536643401303,1,0,0,314.78656979689345
2026-02-17 20:00:00,7.272755528743373,1,0,0,328.4306866635531
2026-02-17 21:00:00,6.4832314475622494,1,0,0,328.18125994476884
2026-02-17 22:00:00,7.527747193763377,1,0,0,292.89613368104415
2026-02-17 23:00:00,4.082068791204474,1,0,0,355.53802494691695
2026-02-18 00:00:00,1.8564604985691369,2,0,0,393.6350631246115
2026-02-18 01:00:00,2.073293211374204,2,0,0,398.9574615273058
2026-02-18 02:00:00,1.8943989072963894,2,0,0,401.5767824565001
2026-02-18 03:00:00,1.1882733507443501,2,0,0,451.45455164730544
2026-02-18 04:00:00,2.392270131454441,2,0,0,439.00758631638473
2026-02-18 05:00:00,5.1788922909105715,2,0,0,391.2704381207069
2026-02-18 06:00:00,5.694052997571344,2,0,0,397.41115198860473
2026-02-18 07:00:00,9.40441625763693,2,0,0,320.94281603315466
2026-02-18 08:00:00,6.276492269053565,2,0,0,391.8663968609529
2026-02-18 09:00:00,7.25809265946066,2,0,0,375.77139609064955
2026-02-18 10:00:00,10.26471022644417,2,0,0,310.60533506000934
2026-02-18 11:00:00,10.654420245210671,2,0,0,304.88393281740167
2026-02-18 12:00:00,17.281853797966193,2,0,0,219.14438854348123
2026-02-18 13:00:00,11.879897961920188,2,0,0,276.3950266646868
2026-02-18 14:00:00,10.400313571224945,2,0,0,315.61684132896204
2026-02-18 15:00:00,16.916040873089454,2,0,0,233.0211172275839
2026-02-18 16:00:00,11.356049508073763,2,0,0,296.6645452360326
2026-02-18 17:00:00,15.00644275678374,2,0,0,246.49689253460076
2026-02-18 18:00:00,12.934084369369156,2,0,0,265.0142331980367
2026-02-18 19:00:00,7.976375196717215,2,0,0,333.31893664552905
2026-02-18 20:00:00,4.8591867202671475,2,0,0,385.0747092359017
2026-02-18 21:00:00,6.55562255539988,2,0,0,327.0051493764292
2026-02-18 22:00:00,4.254419256103194,2,0,0,354.77643599887324
2026-02-18 23:00:00,3.2306286410992784,2,0,0,371.14010389628237
2026-02-19 00:00:00,2.013452809115338,3,0,0,389.6264010945412
2026-02-19 01:00:00,0.5447092129751463,3,0,0,439.06861430547366
2026-02-19 02:00:00,-0.15032724477925452,3,0,0,457.57330749670695
2026-02-19 03:00:00,2.085650149683093,3,0,0,426.84764175859385
2026-02-19 04:00:00,5.679356804010522,3,0,0,370.1590523108441
2026-02-19 05:00:00,6.104031147581129,3,0,0,365.5723608411216
2026-02-19 06:00:00,5.244272125429808,3,0,0,403.77838766258236
2026-02-19 07:00:00,7.7391778444689345,3,0,0,363.90774779733744
2026-02-19 08:00:00,9.350022681616172,3,0,0,335.389170030589
2026-02-19 09:00:00,11.778443231899798,3,0,0,283.71300024579614
2026-02-19 10:00:00,8.771912240463342,3,0,0,342.3166182984279
2026-02-19 11:00:00,12.88476064708426,3,0,0,266.30860258723806
2026-02-19 12:00:00,11.602108667072464,3,0,0,292.5947811383835
2026-02-19 13:00:00,14.568130165075052,3,0,0,250.8808867161895
2026-02-19 14:00:00,13.721061929955754,3,0,0,252.3269568301199
2026-02-19 15:00:00,13.006626206173472,3,0,0,273.16982820364774
2026-02-19 16:00:00,9.979521394690401,3,0,0,319.96967037412
2026-02-19 17:00:00,10.194752477370317,3,0,0,315.3090512377495
2026-02-19 18:00:00,10.880471198566786,3,0,0,292.330045490172
2026-02-19 19:00:00,6.456698173348947,3,0,0,366.2078717856378
2026-02-19 20:00:00,7.374712943765041,3,0,0,334.5837018169411
2026-02-19 21:00:00,8.913160253893711,3,0,0,276.6947304583971
2026-02-19 22:00:00,6.6958321599873365,3,0,0,302.25853153848254
2026-02-19 23:00:00,3.1161970446487057,3,0,0,373.32580368612
2026-02-20 00:00:00,1.2234466980450187,4,0,0,411.2230236520077
2026-02-20 01:00:00,4.764188174310091,4,0,0,335.7893054131717
2026-02-20 02:00:00,1.9625887846690293,4,0,0,410.5798348637626
2026-02-20 03:00:00,3.816175302951475,4,0,0,379.6370076521066
2026-02-20 04:00:00,1.2232734942456156,4,0,0,458.6282702614595
2026-02-20 05:00:00,2.9823190933729435,4,0,0,438.77103980162474
2026-02-20 06:00:00,4.955854094783917,4,0,0,408.4201075813322
2026-02-20 07:00:00,7.923879679286421,4,0,0,358.2231984696328
2026-02-20 08:00:00,10.244156810608848,4,0,0,317.1313314550131
2026-02-20 09:00:00,11.79122092067912,4,0,0,295.31744615888755
2026-02-20 10:00:00,10.669695872484324,4,0,0,306.6440531844089
2026-02-20 11:00:00,11.225398910879452,4,0,0,290.51045044633383
2026-02-20 12:00:00,15.43466058543805,4,0,0,237.04529092659027
2026-02-20 13:00:00,14.719006837424107,4,0,0,244.20947334810185
2026-02-20 14:00:00,14.336881028329735,4,0,0,252.92278454726707
2026-02-20 15:00:00,13.796287521481322,4,0,0,262.0981224477501
2026-02-20 16:00:00,14.509367844590587,4,0,0,258.98254247938314
2026-02-20 17:00:00,11.730194063530986,4,0,0,293.4751691111275
2026-02-20 18:00:00,11.400293024800746,4,0,0,296.9759743286423
2026-02-20 19:00:00,13.570650660173715,4,0,0,244.43882846892987
2026-02-20 20:00:00,6.4658735961706855,4,0,0,340.0124624997721
2026-02-20 21:00:00,7.8304585754619564,4,0,0,298.7165177414457
2026-02-20 22:00:00,5.7598085833089385,4,0,0,327.00439032749654
2026-02-20 23:00:00,5.1750940377313634,4,0,0,318.21792167567247
2026-02-21 00:00:00,0.8683210774810974,5,1,0,392.36555873916575
2026-02-21 01:00:00,-0.2769594193629725,5,1,0,420.4192345925012
2026-02-21 02:00:00,4.527895273931831,5,1,0,312.6765888428026
2026-02-21 03:00:00,-0.6500182349600636,5,1,0,449.01039274344936
2026-02-21 04:00:00,3.280297604626538,5,1,0,372.70600951631224
2026-02-21 05:00:00,3.583797960512568,5,1,0,382.3131922273863
2026-02-21 06:00:00,5.031823135240661,5,1,0,351.9679669173814
2026-02-21 07:00:00,7.820915721150186,5,1,0,301.63435929396144
2026-02-21 08:00:00,10.794620471538867,5,1,0,250.5993950863293
2026-02-21 09:00:00,11.754118525455885,5,1,0,226.29411819051614
2026-02-21 10:00:00,10.064664711234819,5,1,0,263.175197154923
2026-02-21 11:00:00,10.625803628950028,5,1,0,250.15881697212694
2026-02-21 12:00:00,14.14624975785129,5,1,0,195.68351777737556
2026-02-21 13:00:00,13.491293632411937,5,1,0,195.78550655143633
2026-02-21 14:00:00,12.474506471293074,5,1,0,227.05338001399826
2026-02-21 15:00:00,13.179598386246768,5,1,0,218.44131561226914
2026-02-21 16:00:00,10.7445271421141,5,1,0,254.57775526628876
2026-02-21 17:00:00,11.632342150908494,5,1,0,228.1360950324379
2026-02-21 18:00:00,9.63361538715128,5,1,0,263.8840403329565
2026-02-21 19:00:00,11.534483992608992,5,1,0,225.36677559789885
2026-02-21 20:00:00,5.5648006520611935,5,1,0,318.3215355143658
2026-02-21 21:00:00,6.698819117459307,5,1,0,277.37881492110125
2026-02-21 22:00:00,8.463507165650542,5,1,0,237.42060314596773
2026-02-21 23:00:00,2.251481609093263,5,1,0,360.7551074042109
2026-02-22 00:00:00,3.119055994880954,6,1,0,341.6370069499983
2026-02-22 01:00:00,1.1726808031514562,6,1,0,376.98488135988595
2026-02-22 02:00:00,1.2667467309784939,6,1,0,389.9394653379309
2026-02-22 03:00:00,0.7248754907835806,6,1,0,413.1309511587564
2026-02-22 04:00:00,1.6151648417608553,6,1,0,404.35618909344674
2026-02-22 05:00:00,4.466348683700136,6,1,0,347.05478215868783
2026-02-22 06:00:00,1.9146558532884002,6,1,0,434.1659804514
2026-02-22 07:00:00,5.557824044968876,6,1,0,344.07850710461753
2026-02-22 08:00:00,8.479895227319245,6,1,0,283.6132140888634
2026-02-22 09:00:00,6.862567262475119,6,1,0,323.75634757158366
2026-02-22 10:00:00,13.700515898855102,6,1,0,210.0312710392252
2026-02-22 11:00:00,14.711766406396805,6,1,0,197.32160152043738
2026-02-22 12:00:00,10.480827813548004,6,1,0,254.88634781350535
2026-02-22 13:00:00,14.892583106411049,6,1,0,183.6074891546905
2026-02-22 14:00:00,16.641964079041664,6,1,0,163.52406033957857
2026-02-22 15:00:00,14.321514430862413,6,1,0,200.1993940783853
2026-02-22 16:00:00,12.597261036773029,6,1,0,223.62490526431247
2026-02-22 17:00:00,10.29923621445833,6,1,0,256.6612769880984
2026-02-22 18:00:00,9.803960916635445,6,1,0,257.8041227028171
2026-02-22 19:00:00,7.328408769194928,6,1,0,292.3442404062301
2026-02-22 20:00:00,6.776692160323236,6,1,0,295.10034967327283
2026-02-22 21:00:00,6.074686784208323,6,1,0,294.55651766928577
2026-02-22 22:00:00,7.398361714303069,6,1,0,259.93485114774074
2026-02-22 23:00:00,4.25478520779452,6,1,0,319.30565264385285
2026-02-23 00:00:00,5.103427041945617,0,0,0,315.9953258704565
2026-02-23 01:00:00,4.0048602869609145,0,0,0,363.115307032917
2026-02-23 02:00:00,1.881927523882523,0,0,0,408.9340419169128
2026-02-23 03:00:00,4.436874526642081,0,0,0,370.1907704987809
2026-02-23 04:00:00,5.55725508371485,0,0,0,367.18974543261663
2026-02-23 05:00:00,3.5850665414688736,0,0,0,429.89159117762796
2026-02-23 06:00:00,0.7853928813426041,0,0,0,502.4374869861991
2026-02-23 07:00:00,6.598017919365768,0,0,0,378.443054963158
2026-02-23 08:00:00,8.006818881652151,0,0,0,355.8624150775592
2026-02-23 09:00:00,8.987381965468996,0,0,0,336.371251773237
2026-02-23 10:00:00,8.936999676879527,0,0,0,333.95909463893554
2026-02-23 11:00:00,10.384795810007004,0,0,0,304.86767347812435
2026-02-23 12:00:00,13.042010391227658,0,0,0,263.05493160137604
2026-02-23 13:00:00,13.855060708504796,0,0,0,258.0652371146335
2026-02-23 14:00:00,13.548760594348078,0,0,0,261.18670316010554
2026-02-23 15:00:00,10.697746664688635,0,0,0,328.863205196743
2026-02-23 16:00:00,13.289817131697069,0,0,0,272.1602266885644
2026-02-23 17:00:00,13.095258526594847,0,0,0,278.789352956562
2026-02-23 18:00:00,13.723121279227286,0,0,0,264.84120856158574
2026-02-23 19:00:00,8.523063710743644,0,0,0,324.1693349839095
2026-02-23 20:00:00,7.646676399566978,0,0,0,325.745449709255
2026-02-23 21:00:00,8.655030977796816,0,0,0,288.1969798123451
2026-02-23 22:00:00,7.767038977221111,0,0,0,287.12721177735494
2026-02-23 23:00:00,2.269713578132831,0,0,0,395.4484567988216
2026-02-24 00:00:00,4.333068989870512,1,0,0,344.8527358236459
2026-02-24 01:00:00,-0.7833626036556005,1,0,0,465.2888040400308
2026-02-24 02:00:00,2.8070996909392654,1,0,0,397.43480831693194
2026-02-24 03:00:00,0.3131635485714439,1,0,0,468.41864172181437
2026-02-24 04:00:00,2.9483560341422477,1,0,0,423.77088477774157
2026-02-24 05:00:00,4.417814636259588,1,0,0,398.59586878315326
2026-02-24 06:00:00,0.5112241983482528,1,0,0,515.5730255407574
2026-02-24 07:00:00,5.872985725307907,1,0,0,399.1720985237678
2026-02-24 08:00:00,7.856181652864023,1,0,0,356.45185523376284
2026-02-24 09:00:00,11.12423809688883,1,0,0,308.6072923952329
2026-02-24 10:00:00,11.689083801929012,1,0,0,281.2777474472787
2026-02-24 11:00:00,12.36671621142257,1,0,0,266.1937583385691
2026-02-24 12:00:00,15.048314599209261,1,0,0,239.98634651121282
2026-02-24 13:00:00,12.997490593784855,1,0,0,270.55254156446887
2026-02-24 14:00:00,14.67113448558069,1,0,0,246.0471619234231
2026-02-24 15:00:00,11.13713251565018,1,0,0,302.67775254117277
2026-02-24 16:00:00,13.548335318158422,1,0,0,268.386715693217
2026-02-24 17:00:00,11.137855809749224,1,0,0,300.68555139436165
2026-02-24 18:00:00,13.26997358042253,1,0,0,257.5523183271994
2026-02-24 19:00:00,8.190009119698507,1,0,0,326.1022723354101
2026-02-24 20:00:00,9.235383021876624,1,0,0,288.87329731024244
2026-02-24 21:00:00,6.94831852146539,1,0,0,318.692822232982
2026-02-24 22:00:00,7.303143382948657,1,0,0,297.6079514427792
2026-02-24 23:00:00,8.28858497449372,1,0,0,261.7316576600721
2026-02-25 00:00:00,4.476000111375774,2,0,0,334.1218759824945
2026-02-25 01:00:00,-0.6455588052062087,2,0,0,465.79154113285546
2026-02-25 02:00:00,2.4703200150150657,2,0,0,407.11461365609944
2026-02-25 03:00:00,1.6850939779792982,2,0,0,439.3100532970307
2026-02-25 04:00:00,6.422321849567206,2,0,0,344.6244602330637
2026-02-25 05:00:00,2.840130061355527,2,0,0,440.0290226713679
2026-02-25 06:00:00,1.8213363359700931,2,0,0,480.845126065554
2026-02-25 07:00:00,4.742244633759793,2,0,0,426.5327592598781
2026-02-25 08:00:00,8.136105358366544,2,0,0,349.9702503904317
2026-02-25 09:00:00,10.165295445283213,2,0,0,316.17522231291923
2026-02-25 10:00:00,12.23069590937043,2,0,0,282.90770138350916
2026-02-25 11:00:00,12.380435764192265,2,0,0,273.18119116587377
2026-02-25 12:00:00,13.563751657124826,2,0,0,266.4481930863482
2026-02-25 13:00:00,14.883169339902025,2,0,0,250.68063289862533
2026-02-25 14:00:00,16.849765773778095,2,0,0,237.70755795605064
2026-02-25 15:00:00,16.818774763980315,2,0,0,231.04861507781592
2026-02-25 16:00:00,14.915887677105802,2,0,0,251.15939032806904
2026-02-25 17:00:00,12.458862062811143,2,0,0,280.05212842863733
2026-02-25 18:00:00,10.499127173433468,2,0,0,291.7409976075662
2026-02-25 19:00:00,10.077357601239388,2,0,0,301.17925643992936
2026-02-25 20:00:00,9.20977598295129,2,0,0,299.87921201022795
2026-02-25 21:00:00,6.899435482344231,2,0,0,318.6879339330263
2026-02-25 22:00:00,4.487317954487517,2,0,0,345.0637011722642
2026-02-25 23:00:00,1.4671340478369386,2,0,0,418.14355321685457
2026-02-26 00:00:00,3.720353539291856,3,0,0,358.2466482683965
2026-02-26 01:00:00,2.4655653529363097,3,0,0,384.1836217655383
2026-02-26 02:00:00,-0.9988612083402866,3,0,0,489.05311161118004
2026-02-26 03:00:00,2.309130506922094,3,0,0,428.8758238066828
2026-02-26 04:00:00,4.508104714869443,3,0,0,392.63681411478126
2026-02-26 05:00:00,-0.5987385709557271,3,0,0,522.6066961853062
2026-02-26 06:00:00,2.738349177845752,3,0,0,461.72268658598057
2026-02-26 07:00:00,7.400817350700228,3,0,0,364.69831143958413
2026-02-26 08:00:00,8.486340792568045,3,0,0,344.5108091603394
2026-02-26 09:00:00,13.463795929406007,3,0,0,268.11556109000406
2026-02-26 10:00:00,9.49718664094794,3,0,0,313.1675658109253
2026-02-26 11:00:00,12.94256562253178,3,0,0,275.6945550871795
2026-02-26 12:00:00,13.063249047763547,3,0,0,271.6818420139774
2026-02-26 13:00:00,8.540656258638446,3,0,0,335.12071728285855
2026-02-26 14:00:00,11.15532575183584,3,0,0,300.5933974414208
2026-02-26 15:00:00,14.135623241017331,3,0,0,258.07224473305695
2026-02-26 16:00:00,13.481559595669761,3,0,0,271.32937821402703
2026-02-26 17:00:00,10.274469719741171,3,0,0,308.7718204170869
2026-02-26 18:00:00,11.995931687326662,3,0,0,282.0687983686128
2026-02-26 19:00:00,10.229120585239171,3,0,0,291.5698883666975
2026-02-26 20:00:00,4.41976728240626,3,0,0,392.85137558204286
2026-02-26 21:00:00,6.314381156746528,3,0,0,335.74294516895566
2026-02-26 22:00:00,3.7986269807747424,3,0,0,372.1925249526546
2026-02-26 23:00:00,0.5800137840315407,3,0,0,432.2610665644099
2026-02-27 00:00:00,4.978214084939886,4,0,0,328.64403581060145
2026-02-27 01:00:00,0.9409909192076271,4,0,0,418.75269797540176
2026-02-27 02:00:00,2.9309853003111077,4,0,0,393.47838594856427
2026-02-27 03:00:00,-0.1544100354427731,4,0,0,481.11714577879127
2026-02-27 04:00:00,3.1728938673275895,4,0,0,419.2490927319918
2026-02-27 05:00:00,6.48883707543353,4,0,0,366.6210370101981
2026-02-27 06:00:00,5.083083571356263,4,0,0,403.97369491797673
2026-02-27 07:00:00,7.304484649276418,4,0,0,366.01840623322823
2026-02-27 08:00:00,6.40352328568072,4,0,0,380.8411719236084
2026-02-27 09:00:00,9.36359522753362,4,0,0,324.08985078048306
2026-02-27 10:00:00,13.19548714016028,4,0,0,275.52794147656476
2026-02-27 11:00:00,9.497027977987504,4,0,0,323.68516410147674
2026-02-27 12:00:00,16.349828750181437,4,0,0,234.08205842875495
2026-02-27 13:00:00,15.110678914256134,4,0,0,246.70271948080227
2026-02-27 14:00:00,16.99335431745908,4,0,0,237.53137041605132
2026-02-27 15:00:00,15.857957843479166,4,0,0,237.14495379266722
2026-02-27 16:00:00,13.906306524711521,4,0,0,269.8285470266523
2026-02-27 17:00:00,12.012591461579623,4,0,0,280.71879347242515
2026-02-27 18:00:00,10.898576679095537,4,0,0,294.23674096447735
2026-02-27 19:00:00,8.132507396874008,4,0,0,332.4388309233053
2026-02-27 20:00:00,5.845362547728105,4,0,0,353.8426124783023
2026-02-27 21:00:00,4.850582453550585,4,0,0,366.32159821749946
2026-02-27 22:00:00,5.91310542419405,4,0,0,323.7854812583195
2026-02-27 23:00:00,2.0149218970576026,4,0,0,397.1223246729134
2026-02-28 00:00:00,2.4617705292862073,5,1,0,349.77770114020444
2026-02-28 01:00:00,3.193365954646201,5,1,0,335.58718210118855
2026-02-28 02:00:00,2.448262743931747,5,1,0,357.1221962353289
2026-02-28 03:00:00,2.2982500976648637,5,1,0,376.74080120206
2026-02-28 04:00:00,0.06862423358163294,5,1,0,449.0633687089482
2026-02-28 05:00:00,9.280194784426676,5,1,0,258.53629528832465
2026-02-28 06:00:00,5.979393313579935,5,1,0,338.4110545050525
2026-02-28 07:00:00,6.434128245162224,5,1,0,328.90705548124885
2026-02-28 08:00:00,9.404846302865042,5,1,0,268.49468537792416
2026-02-28 09:00:00,7.9222998741874475,5,1,0,295.13008419640323
2026-02-28 10:00:00,10.918506716700893,5,1,0,240.49354097047174
2026-02-28 11:00:00,12.703496202758089,5,1,0,217.8975808695091
2026-02-28 12:00:00,13.58650193180391,5,1,0,193.26619064984584
2026-02-28 13:00:00,8.644984685383223,5,1,0,277.03234107259215
2026-02-28 14:00:00,14.793052696342468,5,1,0,187.91808245625649
2026-02-28 15:00:00,14.10815983597943,5,1,0,199.61870191966776
2026-02-28 16:00:00,9.90645028865592,5,1,0,269.2799921655971
2026-02-28 17:00:00,10.455245198141846,5,1,0,252.83906981327578
2026-02-28 18:00:00,9.702290555717221,5,1,0,259.88704904848925
2026-02-28 19:00:00,10.680514963502139,5,1,0,235.4133742681778
2026-02-28 20:00:00,6.562753429002976,5,1,0,289.63386155071765
2026-02-28 21:00:00,2.1017101520648245,5,1,0,383.26276636982476
2026-02-28 22:00:00,5.365401633327716,5,1,0,301.40023489273784
2026-02-28 23:00:00,2.771833524382257,5,1,0,336.4403122209239
2026-03-01 00:00:00,4.302219315257397,6,1,0,313.2168266451962
2026-03-01 01:00:00,0.7968340326174044,6,1,0,393.8006171954453
2026-03-01 02:00:00,-0.18112798505482042,6,1,0,422.6542107902546
2026-03-01 03:00:00,4.397781509418477,6,1,0,329.13254759434653
2026-03-01 04:00:00,0.19586859096765874,6,1,0,442.3717174343734
2026-03-01 05:00:00,3.9295453885388425,6,1,0,368.6240411537191
2026-03-01 06:00:00,4.070923188909332,6,1,0,371.51917578575615
2026-03-01 07:00:00,7.673881841239453,6,1,0,293.33458676871174
2026-03-01 08:00:00,7.493138359347111,6,1,0,305.5536572611949
2026-03-01 09:00:00,10.84145885918662,6,1,0,252.3299136734248
2026-03-01 10:00:00,11.199391229051228,6,1,0,240.77513452258788
2026-03-01 11:00:00,12.07185762148121,6,1,0,225.51919997242393
2026-03-01 12:00:00,13.740377682332644,6,1,0,205.294065247105
2026-03-01 13:00:00,12.389328128787483,6,1,0,212.11613831284586
2026-03-01 14:00:00,14.8639623913387,6,1,0,190.15292390470353
2026-03-01 15:00:00,9.046130951976343,6,1,0,275.06476606054315
2026-03-01 16:00:00,9.837324907535743,6,1,0,272.0858898303487
2026-03-01 17:00:00,15.650395024270733,6,1,0,181.03591700858294
2026-03-01 18:00:00,12.391019095836649,6,1,0,225.14587046843008
2026-03-01 19:00:00,8.564163745140329,6,1,0,276.1507030169523
2026-03-01 20:00:00,12.6552028510115,6,1,0,189.50022559586526
2026-03-01 21:00:00,3.9202439191750567,6,1,0,335.27773586735753
2026-03-01 22:00:00,5.399586127350796,6,1,0,290.3339607558441
2026-03-01 23:00:00,3.187842300711191,6,1,0,337.52285649414046
2026-03-02 00:00:00,5.217637038088844,0,0,0,318.855908096433
2026-03-02 01:00:00,2.6502129875243705,0,0,0,388.60675767202525
2026-03-02 02:00:00,2.4089387719455697,0,0,0,399.3519631793303
2026-03-02 03:00:00,5.545603296981078,0,0,0,344.34764648404365
2026-03-02 04:00:00,2.5661915784586395,0,0,0,433.65145851875525
2026-03-02 05:00:00,2.2343594092494383,0,0,0,459.7906614668315
2026-03-02 06:00:00,5.593565454202826,0,0,0,397.6557798434253
2026-03-02 07:00:00,2.29470945020302,0,0,0,476.1504716730526
2026-03-02 08:00:00,9.916326972137643,0,0,0,321.1347224851488
2026-03-02 09:00:00,10.062356340398505,0,0,0,330.62828662792845
2026-03-02 10:00:00,12.781626124128989,0,0,0,267.23188345090045
2026-03-02 11:00:00,13.63779399617847,0,0,0,254.55540454433617
2026-03-02 12:00:00,12.763557600376195,0,0,0,270.1197047445476
2026-03-02 13:00:00,13.280926516805968,0,0,0,253.43455155658765
2026-03-02 14:00:00,13.623843780292596,0,0,0,254.97724697979564
2026-03-02 15:00:00,14.245306781052156,0,0,0,254.11311886686266
2026-03-02 16:00:00,14.398562089064807,0,0,0,257.65919100759965
2026-03-02 17:00:00,13.003355293988978,0,0,0,268.91106482246397
2026-03-02 18:00:00,9.325041436084927,0,0,0,325.72038578243183
2026-03-02 19:00:00,11.826695518402078,0,0,0,265.7226476090391
2026-03-02 20:00:00,10.19149107728272,0,0,0,274.4262187528384
2026-03-02 21:00:00,4.675380790982311,0,0,0,372.8522674784058
2026-03-02 22:00:00,6.112328391034447,0,0,0,323.15038170873356
2026-03-02 23:00:00,2.810202824429093,0,0,0,379.5268384259977
2026-03-03 00:00:00,3.3397522528173704,1,0,0,358.55027075068557
2026-03-03 01:00:00,4.12237344646706,1,0,0,341.9224821719121
2026-03-03 02:00:00,2.4932944241593553,1,0,0,401.2351904402009
2026-03-03 03:00:00,1.80294125329387,1,0,0,440.5495568622362
2026-03-03 04:00:00,0.28268752080754345,1,0,0,490.8676188568517
2026-03-03 05:00:00,3.0029721569452246,1,0,0,436.23603731687786
2026-03-03 06:00:00,1.7351258693349263,1,0,0,481.56567248126447
2026-03-03 07:00:00,6.960068391898536,1,0,0,369.9441026599264
2026-03-03 08:00:00,6.803179554711825,1,0,0,377.03841316362906
2026-03-03 09:00:00,10.747266544511097,1,0,0,310.65165802834406
2026-03-03 10:00:00,12.774280613053568,1,0,0,271.63497139047877
2026-03-03 11:00:00,13.20989774126849,1,0,0,264.34739083879947
2026-03-03 12:00:00,12.531426856158983,1,0,0,265.11548058865435
2026-03-03 13:00:00,12.945443040365696,1,0,0,268.7331008783976
2026-03-03 14:00:00,11.89419883139922,1,0,0,282.74543345382614
2026-03-03 15:00:00,12.792340238992699,1,0,0,275.1737145413867
2026-03-03 16:00:00,15.200324163694834,1,0,0,249.7804946355068
2026-03-03 17:00:00,12.091293553052912,1,0,0,284.90451687181536
2026-03-03 18:00:00,8.339811209539748,1,0,0,339.1637779719005
2026-03-03 19:00:00,8.946639143287202,1,0,0,321.0771763757515
2026-03-03 20:00:00,6.269538308990179,1,0,0,352.7366890555759
2026-03-03 21:00:00,3.422704444053593,1,0,0,402.9361446326979
2026-03-03 22:00:00,3.666661120935544,1,0,0,368.35484925076463
2026-03-03 23:00:00,2.8564238187226567,1,0,0,378.03180223507644
2026-03-04 00:00:00,2.318527611860832,2,0,0,387.45460410986584
2026-03-04 01:00:00,1.7701395392861778,2,0,0,400.19979760545425
2026-03-04 02:00:00,-0.27025338473877136,2,0,0,470.0148048739993
2026-03-04 03:00:00,5.62031121229187,2,0,0,339.9308220397286
2026-03-04 04:00:00,3.365881366141842,2,0,0,415.96662974344184
2026-03-04 05:00:00,2.5341191879835323,2,0,0,444.927924812893
2026-03-04 06:00:00,3.7108703955643607,2,0,0,442.23461057218395
2026-03-04 07:00:00,6.501985943881925,2,0,0,387.2700159384988
2026-03-04 08:00:00,9.62137857953517,2,0,0,317.2905550706871
2026-03-04 09:00:00,12.541916026613002,2,0,0,273.8311677332646
2026-03-04 10:00:00,11.598863924046848,2,0,0,289.88906352219107
2026-03-04 11:00:00,11.34074014198134,2,0,0,298.5929859385074
2026-03-04 12:00:00,14.400141867400176,2,0,0,238.8591734668164
2026-03-04 13:00:00,13.836482605673632,2,0,0,254.73830141614755
2026-03-04 14:00:00,17.379224331575937,2,0,0,237.41858403231944
2026-03-04 15:00:00,11.94653189528964,2,0,0,289.0227487719627
2026-03-04 16:00:00,11.895508778942885,2,0,0,290.47818175371907
2026-03-04 17:00:00,8.557514054596247,2,0,0,340.68507424544714
2026-03-04 18:00:00,10.104165406789715,2,0,0,308.78081942525785
2026-03-04 19:00:00,9.705774552065924,2,0,0,300.39871949215285
2026-03-04 20:00:00,9.274443109165341,2,0,0,289.3819427326932
2026-03-04 21:00:00,6.252290359054338,2,0,0,334.9021784261993
2026-03-04 22:00:00,3.724528985276115,2,0,0,370.783575163225
2026-03-04 23:00:00,3.1815155576110308,2,0,0,376.64612739980055
2026-03-05 00:00:00,1.2670600199271087,3,0,0,409.99991290807657
2026-03-05 01:00:00,2.619616954715079,3,0,0,382.20125872645906
2026-03-05 02:00:00,1.3149572839960169,3,0,0,420.56681962455696
2026-03-05 03:00:00,4.269868640873073,3,0,0,371.2284290480192
2026-03-05 04:00:00,2.8376222149472303,3,0,0,426.84804462027785
2026-03-05 05:00:00,3.4383589657361835,3,0,0,430.15518324643983
2026-03-05 06:00:00,1.5850392642774218,3,0,0,491.72878502086934
2026-03-05 07:00:00,4.996286091173113,3,0,0,418.6336185249006
2026-03-05 08:00:00,10.723335893822192,3,0,0,306.29998766514416
2026-03-05 09:00:00,8.315963919506729,3,0,0,349.0523337676451
2026-03-05 10:00:00,11.300399936052214,3,0,0,285.34010984282577
2026-03-05 11:00:00,10.61289348441098,3,0,0,297.19660915842644
2026-03-05 12:00:00,10.995672011942947,3,0,0,283.18205760174635
2026-03-05 13:00:00,19.73809072258623,3,0,0,230.22089401662518
2026-03-05 14:00:00,11.091607243400489,3,0,0,298.4801054881733
2026-03-05 15:00:00,12.32039746567469,3,0,0,283.3577149915383
2026-03-05 16:00:00,12.816126847705187,3,0,0,282.5825521317777
2026-03-05 17:00:00,11.005353871541255,3,0,0,287.5953430930198
2026-03-05 18:00:00,10.842964358187889,3,0,0,309.5174797043098
2026-03-05 19:00:00,14.211668659620997,3,0,0,227.98393582616117
2026-03-05 20:00:00,4.740200748671315,3,0,0,392.20573388222175
2026-03-05 21:00:00,4.983722324917803,3,0,0,363.1082689847479
2026-03-05 22:00:00,3.770705273193172,3,0,0,360.2887075663608
2026-03-05 23:00:00,2.8155708205076477,3,0,0,388.11070033663134
2026-03-06 00:00:00,2.8124831885904977,4,0,0,376.5903843666653
2026-03-06 01:00:00,2.0274343019294965,4,0,0,393.83712024833477
2026-03-06 02:00:00,1.172286074039946,4,0,0,433.5418676985638
2026-03-06 03:00:00,-0.1989052963000093,4,0,0,478.57595225464377
2026-03-06 04:00:00,5.247707252010276,4,0,0,374.4483491664538
2026-03-06 05:00:00,2.919886333791063,4,0,0,446.5610931414722
2026-03-06 06:00:00,8.125044140279261,4,0,0,335.69697352616055
2026-03-06 07:00:00,8.104833253758848,4,0,0,355.56962559891286
2026-03-06 08:00:00,6.496954994472754,4,0,0,388.15069539925236
2026-03-06 09:00:00,10.645023658779774,4,0,0,313.71834555721586
2026-03-06 10:00:00,16.689313893016248,4,0,0,233.28325094560904
2026-03-06 11:00:00,12.920910758247311,4,0,0,269.49404219773714
2026-03-06 12:00:00,13.128892688255418,4,0,0,273.8134649567507
2026-03-06 13:00:00,12.116844600771518,4,0,0,281.6116865436
2026-03-06 14:00:00,15.391810531781937,4,0,0,236.42085574569603
2026-03-06 15:00:00,11.461969774074642,4,0,0,296.4094396728274
2026-03-06 16:00:00,12.118881099013011,4,0,0,285.4625238796
2026-03-06 17:00:00,13.518665508637579,4,0,0,261.2794844832198
2026-03-06 18:00:00,10.839550822250978,4,0,0,292.360606768549
2026-03-06 19:00:00,11.172586783079513,4,0,0,276.40087847649625
2026-03-06 20:00:00,7.364256573156995,4,0,0,327.3744065200258
2026-03-06 21:00:00,10.99807604965994,4,0,0,243.78995095221487
2026-03-06 22:00:00,3.837678084731854,4,0,0,364.4095454710386
2026-03-06 23:00:00,4.24784413230181,4,0,0,353.87205159737994
2026-03-07 00:00:00,1.904972681430889,5,1,0,369.9676474422589
2026-03-07 01:00:00,3.8201374876445744,5,1,0,321.253440682455
2026-03-07 02:00:00,2.017599856374066,5,1,0,372.11319732061065
2026-03-07 03:00:00,2.228260953815764,5,1,0,382.66256415860585
2026-03-07 04:00:00,1.9327934492879968,5,1,0,395.10051581955565
2026-03-07 05:00:00,2.5002913799676465,5,1,0,409.8397665367189
2026-03-07 06:00:00,4.217641558956992,5,1,0,356.2745785177214
2026-03-07 07:00:00,7.095861905972503,5,1,0,318.8302725808684
2026-03-07 08:00:00,7.610464741757907,5,1,0,306.8274699456007
2026-03-07 09:00:00,9.654540274268125,5,1,0,264.00949421754126
2026-03-07 10:00:00,8.694839729511099,5,1,0,281.751842249073
2026-03-07 11:00:00,9.875542960603855,5,1,0,253.33303986618623
2026-03-07 12:00:00,15.323081439960898,5,1,0,179.8116340775569
2026-03-07 13:00:00,14.367051711898995,5,1,0,192.24399496101236
2026-03-07 14:00:00,13.14837828424276,5,1,0,210.52279506758583
2026-03-07 15:00:00,12.58079802721469,5,1,0,221.88735839440446
2026-03-07 16:00:00,15.473816577411922,5,1,0,195.31409543201985
2026-03-07 17:00:00,14.454192740153998,5,1,0,188.50834375890452
2026-03-07 18:00:00,11.476729131459333,5,1,0,235.48748813953227
2026-03-07 19:00:00,10.449139197669272,5,1,0,244.2044000532606
2026-03-07 20:00:00,9.656362973152842,5,1,0,240.69451612321447
2026-03-07 21:00:00,9.447097888241258,5,1,0,222.6248496080826
2026-03-07 22:00:00,8.816561022054906,5,1,0,227.76462806938915
2026-03-07 23:00:00,5.105161287631912,5,1,0,289.39324385922134
2026-03-08 00:00:00,-1.0682413892712836,6,1,0,441.7550186732584
2026-03-08 01:00:00,2.83157896096002,6,1,0,343.45722699692897
2026-03-08 02:00:00,-0.4087401619425681,6,1,0,436.29593947873485
2026-03-08 03:00:00,-1.090320911444088,6,1,0,459.194463485833
2026-03-08 04:00:00,3.2107584238268436,6,1,0,376.22451157484755
2026-03-08 05:00:00,4.375722464138549,6,1,0,352.2913733137396
2026-03-08 06:00:00,4.552740452531349,6,1,0,357.21567426516793
2026-03-08 07:00:00,7.103028835091072,6,1,0,317.6171374160046
2026-03-08 08:00:00,7.315513602333597,6,1,0,317.9230780256578
2026-03-08 09:00:00,9.082333473811975,6,1,0,275.4498063660118
2026-03-08 10:00:00,13.277003317049765,6,1,0,202.65032503721636
2026-03-08 11:00:00,12.917932862404571,6,1,0,196.62525906962745
2026-03-08 12:00:00,17.159782577531498,6,1,0,163.99448116382504
2026-03-08 13:00:00,18.57783454083407,6,1,0,162.16998775118591
2026-03-08 14:00:00,15.979894682567348,6,1,0,180.93000571650245
2026-03-08 15:00:00,11.062742505922968,6,1,0,238.2921368718634
2026-03-08 16:00:00,15.636240226491312,6,1,0,186.3470331377325
2026-03-08 17:00:00,14.891035413665895,6,1,0,190.07797099879502
2026-03-08 18:00:00,8.98288323596152,6,1,0,266.9689309136022
2026-03-08 19:00:00,10.51796550141253,6,1,0,236.71725776106595
2026-03-08 20:00:00,7.752049796121393,6,1,0,277.0046413702391
2026-03-08 21:00:00,8.161915233382807,6,1,0,246.08571147898408
2026-03-08 22:00:00,4.944882833496315,6,1,0,310.1159985628486
2026-03-08 23:00:00,4.761180713721837,6,1,0,301.45625049565496
2026-03-09 00:00:00,3.0653282136057225,0,0,0,369.81538328071775
2026-03-09 01:00:00,-0.06364107675322606,0,0,0,465.1469558917935
2026-03-09 02:00:00,3.4939998523423874,0,0,0,382.2773475327544
2026-03-09 03:00:00,2.7791724831255045,0,0,0,412.3250402869859
2026-03-09 04:00:00,2.508917144414712,0,0,0,437.8651942683513
2026-03-09 05:00:00,1.9826263222324634,0,0,0,472.1929895282607
2026-03-09 06:00:00,5.958622634024236,0,0,0,391.2108003077527
2026-03-09 07:00:00,7.710966902977273,0,0,0,356.45756858415393
2026-03-09 08:00:00,8.408181368605451,0,0,0,343.03332938800173
2026-03-09 09:00:00,10.537198222287056,0,0,0,308.70831693866927
2026-03-09 10:00:00,12.092430285772705,0,0,0,283.66912933589754
2026-03-09 11:00:00,10.501068821173758,0,0,0,308.6631165268351
2026-03-09 12:00:00,10.52411198683225,0,0,0,297.447812147104
2026-03-09 13:00:00,13.719419918790319,0,0,0,262.10790349898446
2026-03-09 14:00:00,15.836521823787487,0,0,0,243.16534948632162
2026-03-09 15:00:00,15.60627039897665,0,0,0,240.65492279582367
2026-03-09 16:00:00,11.288151100197165,0,0,0,300.7660129895344
2026-03-09 17:00:00,9.920119863490278,0,0,0,312.4201597732052
2026-03-09 18:00:00,8.725053672613685,0,0,0,339.4825164804503
2026-03-09 19:00:00,11.460551196259843,0,0,0,276.2973335837259
2026-03-09 20:00:00,9.325699963881577,0,0,0,288.22673693618606
2026-03-09 21:00:00,3.9864360504575136,0,0,0,371.6209090427782
2026-03-09 22:00:00,7.529042941969189,0,0,0,292.480640352984
2026-03-09 23:00:00,0.9262510466710476,0,0,0,421.9678049794873
2026-03-10 00:00:00,5.814522764046281,1,0,0,308.1815152255376
2026-03-10 01:00:00,2.0248638657496105,1,0,0,407.6244161021461
2026-03-10 02:00:00,2.476371243368528,1,0,0,403.8708780977243
2026-03-10 03:00:00,2.067750586426498,1,0,0,418.49603157650074
2026-03-10 04:00:00,4.688040129553891,1,0,0,387.8614748256377
2026-03-10 05:00:00,-2.036288820398557,1,0,0,563.3299647950776
2026-03-10 06:00:00,4.122085655220787,1,0,0,433.5350142702132
2026-03-10 07:00:00,8.168808769487766,1,0,0,358.8923374401433
2026-03-10 08:00:00,5.164822604055535,1,0,0,407.92057506560144
2026-03-10 09:00:00,10.709494860474663,1,0,0,301.9031928081782
2026-03-10 10:00:00,8.467161646924207,1,0,0,342.8971945385587
2026-03-10 11:00:00,12.816660800126792,1,0,0,272.58412657604214
2026-03-10 12:00:00,12.314036657323447,1,0,0,271.625468453436
2026-03-10 13:00:00,11.280619266432627,1,0,0,286.25202665761566
2026-03-10 14:00:00,11.22466682676821,1,0,0,299.79159316573026
2026-03-10 15:00:00,13.587370484468513,1,0,0,269.7288942489259
2026-03-10 16:00:00,12.025447485364493,1,0,0,286.0934818648731
2026-03-10 17:00:00,11.197216788800295,1,0,0,297.0690086792134
2026-03-10 18:00:00,11.985792782235388,1,0,0,276.6619953552824
2026-03-10 19:00:00,10.443096920525587,1,0,0,288.67405865790204
2026-03-10 20:00:00,8.329971425953499,1,0,0,307.3028939527329
2026-03-10 21:00:00,6.744964058987277,1,0,0,307.64467375349625
2026-03-10 22:00:00,6.7415625715297764,1,0,0,308.9901997350972
2026-03-10 23:00:00,3.998466807266966,1,0,0,345.561180183318
2026-03-11 00:00:00,-0.2083521722475017,2,0,0,451.38335584874216
2026-03-11 01:00:00,3.517909561737934,2,0,0,356.93942290886406
2026-03-11 02:00:00,3.112562058778555,2,0,0,388.9153619581437
2026-03-11 03:00:00,2.682991014080981,2,0,0,412.0859475993889
2026-03-11 04:00:00,3.6988480095048666,2,0,0,403.4007223138962
2026-03-11 05:00:00,4.823898891598959,2,0,0,393.22125849151166
2026-03-11 06:00:00,4.123377193643981,2,0,0,426.32538231952077
2026-03-11 07:00:00,4.939236076504387,2,0,0,421.08052390882597
2026-03-11 08:00:00,6.411404704757608,2,0,0,376.6401435847072
2026-03-11 09:00:00,11.166129952147926,2,0,0,287.7105548854072
2026-03-11 10:00:00,9.493520884969634,2,0,0,319.91916816103674
2026-03-11 11:00:00,10.99344853359082,2,0,0,292.1185148584073
2026-03-11 12:00:00,14.78585133401278,2,0,0,246.81599858412804
2026-03-11 13:00:00,15.12484768206142,2,0,0,246.9629110557652
2026-03-11 14:00:00,10.1673567708745,2,0,0,304.0047436580784
2026-03-11 15:00:00,15.487479314627272,2,0,0,244.62671683254214
2026-03-11 16:00:00,13.457019488601045,2,0,0,262.74388445557764
2026-03-11 17:00:00,11.791488391402158,2,0,0,291.65782894747144
2026-03-11 18:00:00,9.109369221296477,2,0,0,325.9902010242946
2026-03-11 19:00:00,8.687451946555088,2,0,0,321.931601577422
2026-03-11 20:00:00,7.003135366845141,2,0,0,335.20142559829424
2026-03-11 21:00:00,6.480022603404157,2,0,0,325.2789401331241
2026-03-11 22:00:00,3.7215438421996736,2,0,0,372.13486387414633
2026-03-11 23:00:00,2.2733851143776143,2,0,0,405.6610322005486
2026-03-12 00:00:00,3.5549896666956378,3,0,0,364.9108302641188
2026-03-12 01:00:00,1.7752260422372814,3,0,0,407.40062820135233
2026-03-12 02:00:00,0.9828322993805441,3,0,0,436.41899484208534
2026-03-12 03:00:00,5.072827744798661,3,0,0,355.9819917605324
2026-03-12 04:00:00,-0.38038153994711754,3,0,0,502.6525253628106
2026-03-12 05:00:00,4.5820201013505235,3,0,0,407.4856713865191
2026-03-12 06:00:00,7.522151357986994,3,0,0,355.15454749713535
2026-03-12 07:00:00,11.47600582453395,3,0,0,300.9441104854225
2026-03-12 08:00:00,6.234323076038182,3,0,0,390.39401631738883
2026-03-12 09:00:00,10.163416221816998,3,0,0,309.1251360324219
2026-03-12 10:00:00,11.359086822787765,3,0,0,294.128308005259
2026-03-12 11:00:00,10.040253188380554,3,0,0,314.15380315616136
2026-03-12 12:00:00,14.611194862330617,3,0,0,242.34071258283177
2026-03-12 13:00:00,13.460195415063074,3,0,0,269.47667298531485
2026-03-12 14:00:00,13.914743217551612,3,0,0,253.89131784839537
2026-03-12 15:00:00,16.047438448801696,3,0,0,235.70836857905337
2026-03-12 16:00:00,10.67286410859511,3,0,0,307.54249125449434
2026-03-12 17:00:00,11.384200554392129,3,0,0,293.68754518267554
2026-03-12 18:00:00,6.1016906494206316,3,0,0,386.9414863753629
2026-03-12 19:00:00,11.309718853009208,3,0,0,268.0188682212709
2026-03-12 20:00:00,4.467991096430282,3,0,0,393.57611441630485
2026-03-12 21:00:00,8.245250691106005,3,0,0,302.3212705055889
2026-03-12 22:00:00,4.668215374090658,3,0,0,349.0431857648393
2026-03-12 23:00:00,1.8675352362078452,3,0,0,412.9569677663352
2026-03-13 00:00:00,3.339085554572209,4,0,0,358.1270311885749
2026-03-13 01:00:00,1.8429613149132205,4,0,0,411.63824350845215
2026-03-13 02:00:00,2.102447467851701,4,0,0,410.7635135742608
2026-03-13 03:00:00,3.483024973195648,4,0,0,390.68510592864675
2026-03-13 04:00:00,2.842148364824933,4,0,0,424.9634460148296
2026-03-13 05:00:00,5.74151984580804,4,0,0,386.0019846835979
2026-03-13 06:00:00,4.641211032680206,4,0,0,427.73812124974125
2026-03-13 07:00:00,6.019908030292194,4,0,0,390.04712036098545
2026-03-13 08:00:00,7.35653449277272,4,0,0,363.4391292541754
2026-03-13 09:00:00,10.894781971549463,4,0,0,306.327762215585
2026-03-13 10:00:00,12.739055451342729,4,0,0,265.9487178236189
2026-03-13 11:00:00,14.994419611551242,4,0,0,245.74317758319745
2026-03-13 12:00:00,11.932024768466924,4,0,0,273.2488561493376
2026-03-13 13:00:00,16.967910504448025,4,0,0,230.91011908435493
2026-03-13 14:00:00,14.646586951198161,4,0,0,250.99637238385236
2026-03-13 15:00:00,14.065012774754248,4,0,0,256.0092146654657
2026-03-13 16:00:00,14.604962460736377,4,0,0,254.59088250395297
2026-03-13 17:00:00,15.3196978861573,4,0,0,241.77084765898564
2026-03-13 18:00:00,10.19860921667828,4,0,0,307.38789702601724
2026-03-13 19:00:00,7.474219270666452,4,0,0,335.7424669901045
2026-03-13 20:00:00,11.699149212365944,4,0,0,259.25088080499324
2026-03-13 21:00:00,9.271147186414446,4,0,0,272.4094439044824
2026-03-13 22:00:00,5.836097782656816,4,0,0,322.1429371434416
2026-03-13 23:00:00,2.6535509416924086,4,0,0,386.5721334173871
2026-03-14 00:00:00,2.762488979473395,5,1,0,342.2345198756883
2026-03-14 01:00:00,3.048362454468133,5,1,0,341.9696522390663
2026-03-14 02:00:00,0.4243984627760655,5,1,0,415.25344378017775
2026-03-14 03:00:00,2.123511966302206,5,1,0,380.93027964786563
2026-03-14 04:00:00,0.9012442684587103,5,1,0,419.42163820861794
2026-03-14 05:00:00,2.4158408058972345,5,1,0,395.4283135530989
2026-03-14 06:00:00,2.993138672023753,5,1,0,393.1007722350609
2026-03-14 07:00:00,5.702389590400298,5,1,0,343.0975059362468
2026-03-14 08:00:00,9.050294193096335,5,1,0,282.4478206674717
2026-03-14 09:00:00,12.55975500304037,5,1,0,227.43454504713694
2026-03-14 10:00:00,11.21912236724966,5,1,0,241.78681997148314
2026-03-14 11:00:00,8.9135864990618,5,1,0,283.91213873496594
2026-03-14 12:00:00,17.31788622036288,5,1,0,169.426295776613
2026-03-14 13:00:00,10.576843849427176,5,1,0,249.39704929366218
2026-03-14 14:00:00,10.60405056799003,5,1,0,252.40898047214606
2026-03-14 15:00:00,17.42004951467853,5,1,0,174.5972225299809
2026-03-14 16:00:00,10.354216253284704,5,1,0,253.40074409816867
2026-03-14 17:00:00,10.678544466363785,5,1,0,257.2199968656686
2026-03-14 18:00:00,9.745423334189011,5,1,0,265.73287726709816
2026-03-14 19:00:00,3.843207841361875,5,1,0,362.4673911797921
2026-03-14 20:00:00,5.967293271960765,5,1,0,301.56186320243563
2026-03-14 21:00:00,4.309834048450357,5,1,0,336.5285975256247
2026-03-14 22:00:00,2.1157425000652927,5,1,0,359.7408886116643
2026-03-14 23:00:00,3.603045088303281,5,1,0,328.05328988805417
2026-03-15 00:00:00,2.3854106996176823,6,1,0,352.1094758879182
2026-03-15 01:00:00,2.5383795803012017,6,1,0,341.2359623493042
2026-03-15 02:00:00,2.0826773355161254,6,1,0,365.0977669088726
2026-03-15 03:00:00,1.4354974152006537,6,1,0,406.256984739498
2026-03-15 04:00:00,4.566039947659073,6,1,0,336.10953426954575
2026-03-15 05:00:00,3.705832061914568,6,1,0,377.95159288881047
2026-03-15 06:00:00,7.922772791258769,6,1,0,293.67512952917934
2026-03-15 07:00:00,7.867127970398499,6,1,0,301.86507090597513
2026-03-15 08:00:00,7.862049128159993,6,1,0,306.4826314490972
2026-03-15 09:00:00,6.742452797407765,6,1,0,322.5869794867079
2026-03-15 10:00:00,10.669270958063915,6,1,0,247.19921564504907
2026-03-15 11:00:00,5.4329186249932535,6,1,0,343.5437360972238
2026-03-15 12:00:00,12.09571124170756,6,1,0,222.5835467827731
2026-03-15 13:00:00,14.364344402106218,6,1,0,188.77269737293352
2026-03-15 14:00:00,15.05424621215717,6,1,0,186.40349951251602
2026-03-15 15:00:00,12.168527622464712,6,1,0,230.46195351328052
2026-03-15 16:00:00,12.946284353189707,6,1,0,219.9469712273407
2026-03-15 17:00:00,11.13434422429211,6,1,0,233.77399783845172
2026-03-15 18:00:00,12.230338736472007,6,1,0,210.45607214182644
2026-03-15 19:00:00,13.79468746852216,6,1,0,187.6524856613313
2026-03-15 20:00:00,7.099925169844165,6,1,0,287.643813603128
2026-03-15 21:00:00,4.900852922583796,6,1,0,328.2404478587023
2026-03-15 22:00:00,4.744317928184585,6,1,0,297.62386757814346
2026-03-15 23:00:00,3.976722136911863,6,1,0,313.44629912497675
2026-03-16 00:00:00,3.6411960217462287,0,0,0,349.6653163501598
2026-03-16 01:00:00,2.959658629492233,0,0,0,379.60304063928436
2026-03-16 02:00:00,6.05994024214108,0,0,0,324.16402810826986
2026-03-16 03:00:00,1.4266057438286546,0,0,0,438.87756606613357
2026-03-16 04:00:00,1.4825960297441794,0,0,0,458.07191134709325
2026-03-16 05:00:00,4.183979270983811,0,0,0,410.693214606321
2026-03-16 06:00:00,2.3681484984010073,0,0,0,471.45182175924333
2026-03-16 07:00:00,7.025399840154785,0,0,0,377.37284985753587
2026-03-16 08:00:00,5.126897429211294,0,0,0,408.94856423448437
2026-03-16 09:00:00,9.404263165115422,0,0,0,331.10273336712066
2026-03-16 10:00:00,10.000088024531122,0,0,0,315.1349714154487
2026-03-16 11:00:00,15.415311114161673,0,0,0,239.4319544344688
2026-03-16 12:00:00,10.094104679633409,0,0,0,299.52149148709043
2026-03-16 13:00:00,16.64163283736336,0,0,0,229.89451423140116
2026-03-16 14:00:00,11.957283381571646,0,0,0,281.5174497249161
2026-03-16 15:00:00,11.962586123579987,0,0,0,291.95942930291466
2026-03-16 16:00:00,16.79145066206683,0,0,0,234.94456037081488
2026-03-16 17:00:00,15.953128378307799,0,0,0,236.53164950185044
2026-03-16 18:00:00,10.03087445709994,0,0,0,311.54606539494165
2026-03-16 19:00:00,8.362541824763065,0,0,0,328.1065328712411
2026-03-16 20:00:00,5.304901465094407,0,0,0,373.77642271367824
2026-03-16 21:00:00,9.871197925374076,0,0,0,261.9930587256952
2026-03-16 22:00:00,3.5185779758719438,0,0,0,376.9790111426348
2026-03-16 23:00:00,3.2572221600982885,0,0,0,366.30809314205123
2026-03-17 00:00:00,3.340462396678789,1,0,0,361.3980234314528
2026-03-17 01:00:00,1.7891169721657696,1,0,0,404.2998898183981
2026-03-17 02:00:00,-0.12622366399419915,1,0,0,461.0875408927883
2026-03-17 03:00:00,2.4685821158275814,1,0,0,416.3802210342832
2026-03-17 04:00:00,1.114133440748127,1,0,0,462.6146120838631
2026-03-17 05:00:00,0.45899411969559756,1,0,0,506.75182634801683
2026-03-17 06:00:00,9.035394479367545,1,0,0,329.625275590018
2026-03-17 07:00:00,5.393243024531209,1,0,0,407.99396243650335
2026-03-17 08:00:00,6.76135388539883,1,0,0,381.1530498922665
2026-03-17 09:00:00,11.595598187865235,1,0,0,298.6111013131755
2026-03-17 10:00:00,9.697096343389674,1,0,0,310.07156107136944
2026-03-17 11:00:00,13.384333601248224,1,0,0,258.3556814558247
2026-03-17 12:00:00,13.86607733727445,1,0,0,251.65635851308375
2026-03-17 13:00:00,11.618904655940261,1,0,0,284.12008924345116
2026-03-17 14:00:00,16.02474166697366,1,0,0,233.65895984446533
2026-03-17 15:00:00,14.819855570736461,1,0,0,243.08595192625714
2026-03-17 16:00:00,16.787095140309916,1,0,0,238.41830640342337
2026-03-17 17:00:00,13.801191318239495,1,0,0,265.79759935115095
2026-03-17 18:00:00,9.668036540528808,1,0,0,316.4330467512019
2026-03-17 19:00:00,13.214998945614996,1,0,0,241.35063977552622
2026-03-17 20:00:00,7.8725487180530225,1,0,0,315.0765187662791
2026-03-17 21:00:00,10.658104762627769,1,0,0,251.76849255672784
2026-03-17 22:00:00,6.2757795896713935,1,0,0,310.3990046739461
2026-03-17 23:00:00,3.2217645152806247,1,0,0,365.49425609686375
2026-03-18 00:00:00,3.299099377971097,2,0,0,365.4328680724403
2026-03-18 01:00:00,6.163453317456526,2,0,0,306.19376253968454
2026-03-18 02:00:00,0.7597802072409179,2,0,0,447.34442590354365
2026-03-18 03:00:00,2.24014715715354,2,0,0,424.7838536142973
2026-03-18 04:00:00,2.944779892496215,2,0,0,429.9188861761189
2026-03-18 05:00:00,3.5842215752188538,2,0,0,428.9961338267564
2026-03-18 06:00:00,6.090537906678774,2,0,0,385.4135472764391
2026-03-18 07:00:00,8.979405209854946,2,0,0,335.50753953491017
2026-03-18 08:00:00,7.286674237714308,2,0,0,367.64118955388244
2026-03-18 09:00:00,7.874367006525085,2,0,0,362.41486128041015
2026-03-18 10:00:00,8.0996238824664,2,0,0,341.69546882358003
2026-03-18 11:00:00,10.1894276618631,2,0,0,309.8488895156497
2026-03-18 12:00:00,12.14274329967298,2,0,0,277.252011995156
2026-03-18 13:00:00,11.321297808455027,2,0,0,294.94094257043514
2026-03-18 14:00:00,16.94821199696104,2,0,0,232.07569947056055
2026-03-18 15:00:00,14.545363500390858,2,0,0,250.22751322666608
2026-03-18 16:00:00,15.772887778517159,2,0,0,252.81557364378475
2026-03-18 17:00:00,11.80619217002057,2,0,0,295.1958596869747
2026-03-18 18:00:00,10.47650839178175,2,0,0,301.6696151594071
2026-03-18 19:00:00,11.401381802307297,2,0,0,281.2494325155056
2026-03-18 20:00:00,8.84877539110152,2,0,0,296.0346621929447
2026-03-18 21:00:00,4.803473959617757,2,0,0,362.7115882612302
2026-03-18 22:00:00,4.87532044276426,2,0,0,340.2226543485364
2026-03-18 23:00:00,1.154576510977583,2,0,0,427.67023997132145
2026-03-19 00:00:00,1.2684461563841403,3,0,1,378.49487784590514
2026-03-19 01:00:00,3.2344819914206493,3,0,1,327.390730184705
2026-03-19 02:00:00,-1.1801852411756375,3,0,1,448.6239520020139
2026-03-19 03:00:00,4.505007578589321,3,0,1,315.67035119772515
2026-03-19 04:00:00,-0.9809910925728751,3,0,1,470.7447930869274
2026-03-19 05:00:00,7.272697512201484,3,0,1,282.6848446275515
2026-03-19 06:00:00,5.686434045243658,3,0,1,330.3338822760056
2026-03-19 07:00:00,3.8342651280127726,3,0,1,373.39805699339996
2026-03-19 08:00:00,7.240368691770552,3,0,1,296.77923859391706
2026-03-19 09:00:00,5.9426196921197905,3,0,1,330.22013140361827
2026-03-19 10:00:00,10.463987082568758,3,0,1,238.5909850713194
2026-03-19 11:00:00,12.287191479781136,3,0,1,207.41665233849372
2026-03-19 12:00:00,10.55321752393221,3,0,1,224.5660446679434
2026-03-19 13:00:00,12.733469087490496,3,0,1,200.13307801574072
2026-03-19 14:00:00,13.675278592565064,3,0,1,190.19705333118515
2026-03-19 15:00:00,13.737627943916552,3,0,1,191.8722478300102
2026-03-19 16:00:00,14.095123476213915,3,0,1,206.27059736453978
2026-03-19 17:00:00,13.606706455814981,3,0,1,199.87246709453953
2026-03-19 18:00:00,9.085994434746798,3,0,1,248.20701672048432
2026-03-19 19:00:00,10.974859858893543,3,0,1,215.4388250210657
2026-03-19 20:00:00,11.485388177559111,3,0,1,196.0267429210998
2026-03-19 21:00:00,5.164139923095128,3,0,1,306.9947818147619
2026-03-19 22:00:00,7.776854558243018,3,0,1,244.77061626022532
2026-03-19 23:00:00,2.042484145435994,3,0,1,363.32427178216204
2026-03-20 00:00:00,2.4545726706573934,4,0,0,385.1746082932916
2026-03-20 01:00:00,2.823223170426153,4,0,0,383.5369304063009
2026-03-20 02:00:00,2.950794045606579,4,0,0,395.65090965662296
2026-03-20 03:00:00,4.068980785031268,4,0,0,378.2105139952767
2026-03-20 04:00:00,2.530184542084517,4,0,0,426.11622755027696
2026-03-20 05:00:00,1.5989834825810432,4,0,0,474.75272242746735
2026-03-20 06:00:00,2.924038540189672,4,0,0,447.2192145542527
2026-03-20 07:00:00,7.447300824066124,4,0,0,360.37639576996736
2026-03-20 08:00:00,6.642619490487821,4,0,0,383.778772279353
2026-03-20 09:00:00,9.831642069823335,4,0,0,323.41837836823316
2026-03-20 10:00:00,7.863399585502227,4,0,0,354.2524919304803
2026-03-20 11:00:00,11.781951754352562,4,0,0,281.1053154145097
2026-03-20 12:00:00,12.591711899055072,4,0,0,265.6115402599049
2026-03-20 13:00:00,13.638155439720103,4,0,0,252.79900871994076
2026-03-20 14:00:00,14.819946269323237,4,0,0,250.65883378788055
2026-03-20 15:00:00,12.293887523886779,4,0,0,285.01743339352714
2026-03-20 16:00:00,13.046421565759603,4,0,0,265.5470431212668
2026-03-20 17:00:00,9.170236303586014,4,0,0,339.45707838652214
2026-03-20 18:00:00,10.184495460699328,4,0,0,311.30730797926765
2026-03-20 19:00:00,8.836317679570364,4,0,0,313.66276100718494
2026-03-20 20:00:00,9.918024805752957,4,0,0,284.199992159812
2026-03-20 21:00:00,7.837486105228539,4,0,0,306.5850351540248
2026-03-20 22:00:00,4.917627435564638,4,0,0,350.36017412471256
2026-03-20 23:00:00,3.653297376691603,4,0,0,365.31892944650826
2026-03-21 00:00:00,4.398463475922108,5,1,0,311.75881622875687
2026-03-21 01:00:00,3.626597440966166,5,1,0,329.05767614512973
2026-03-21 02:00:00,4.7821736938456185,5,1,0,302.4630187991936
2026-03-21 03:00:00,1.3293821628966005,5,1,0,411.337409094809
2026-03-21 04:00:00,1.6538000819288352,5,1,0,412.5130159894978
2026-03-21 05:00:00,8.305029802965588,5,1,0,283.678289576676
2026-03-21 06:00:00,3.99523768460571,5,1,0,363.59345730624796
2026-03-21 07:00:00,7.329164733161131,5,1,0,304.4642303553693
2026-03-21 08:00:00,7.4444227324865055,5,1,0,311.75282356547143
2026-03-21 09:00:00,9.022681233996277,5,1,0,269.64167070138814
2026-03-21 10:00:00,11.24560994506373,5,1,0,238.0623389830676
2026-03-21 11:00:00,13.048092127030746,5,1,0,208.7114998999888
2026-03-21 12:00:00,12.929100942500485,5,1,0,211.36903440215747
2026-03-21 13:00:00,11.932529614034951,5,1,0,230.9735141877641
2026-03-21 14:00:00,13.637535419190042,5,1,0,207.85875904131
2026-03-21 15:00:00,11.483049422776746,5,1,0,236.15499778597572
2026-03-21 16:00:00,16.38988729226412,5,1,0,188.87783901291255
2026-03-21 17:00:00,13.040773929614295,5,1,0,221.95685878721477
2026-03-21 18:00:00,11.668676175285324,5,1,0,229.01611986163263
2026-03-21 19:00:00,12.033741401402688,5,1,0,209.2296499983951
2026-03-21 20:00:00,7.599224946623606,5,1,0,279.188229851418
2026-03-21 21:00:00,7.694975587106201,5,1,0,260.0606379437625
2026-03-21 22:00:00,3.236495221650798,5,1,0,349.9486969132274
2026-03-21 23:00:00,3.459971902086805,5,1,0,329.63620654384937
2026-03-22 00:00:00,2.404152633566081,6,1,0,352.67751201615454
2026-03-22 01:00:00,2.0869801710230007,6,1,0,362.14506414269687
2026-03-22 02:00:00,2.0741541454903967,6,1,0,376.1723943678271
2026-03-22 03:00:00,4.279663311957212,6,1,0,330.74670778689796
2026-03-22 04:00:00,3.4222045611760015,6,1,0,365.1224162874071
2026-03-22 05:00:00,1.6658106422774233,6,1,0,426.1862607962938
2026-03-22 06:00:00,1.7166719159675732,6,1,0,423.95113575407674
2026-03-22 07:00:00,5.116696944985572,6,1,0,363.9876435368035
2026-03-22 08:00:00,3.9847187242661413,6,1,0,390.520834963245
2026-03-22 09:00:00,6.878993698177328,6,1,0,316.370643186258
2026-03-22 10:00:00,12.848512209422708,6,1,0,213.48711192282607
2026-03-22 11:00:00,10.7211355753007,6,1,0,250.58280018302545
2026-03-22 12:00:00,15.507842098136948,6,1,0,181.19201977979398
2026-03-22 13:00:00,12.92572908497087,6,1,0,210.91827469129396
2026-03-22 14:00:00,14.913823772429387,6,1,0,188.68032878367023
2026-03-22 15:00:00,9.455160601403335,6,1,0,275.3052568889046
2026-03-22 16:00:00,15.363038376694355,6,1,0,188.46093863756522
2026-03-22 17:00:00,10.775749335279292,6,1,0,254.51792973151834
2026-03-22 18:00:00,12.408222821129156,6,1,0,211.6088074986762
2026-03-22 19:00:00,10.592272082698987,6,1,0,232.2569059272488
2026-03-22 20:00:00,8.431307761049778,6,1,0,265.4113898937972
2026-03-22 21:00:00,6.031082699670925,6,1,0,298.11285068584726
2026-03-22 22:00:00,3.3128234731572928,6,1,0,338.35091645631013
2026-03-22 23:00:00,3.4802687826934955,6,1,0,321.1460359409825
2026-03-23 00:00:00,-0.42892293223398337,0,0,0,451.39347263796253
2026-03-23 01:00:00,3.873045924824433,0,0,0,360.1787860118435
2026-03-23 02:00:00,2.792489410756749,0,0,0,396.7401834453357
2026-03-23 03:00:00,1.2382261847667362,0,0,0,446.3707473577803
2026-03-23 04:00:00,2.604918750040188,0,0,0,435.0612696398104
2026-03-23 05:00:00,0.38822695411758934,0,0,0,505.0301850297656
2026-03-23 06:00:00,4.972897742958655,0,0,0,405.90145882327755
2026-03-23 07:00:00,6.372416216589121,0,0,0,386.1737600164103
2026-03-23 08:00:00,5.020269319556568,0,0,0,417.7508259970987
2026-03-23 09:00:00,9.114236702702287,0,0,0,330.5360505192619
2026-03-23 10:00:00,6.9534547063640515,0,0,0,372.2253997632695
2026-03-23 11:00:00,11.185455909857213,0,0,0,286.93989418947456
2026-03-23 12:00:00,13.431591581927186,0,0,0,254.04467750701104
2026-03-23 13:00:00,11.726439102522509,0,0,0,286.0438311004885
2026-03-23 14:00:00,18.16230785068505,0,0,0,226.08697628980406
2026-03-23 15:00:00,7.974290357241492,0,0,0,356.830145163848
2026-03-23 16:00:00,13.09899445720153,0,0,0,275.03901365479396
2026-03-23 17:00:00,13.445099935149715,0,0,0,264.17731304436745
2026-03-23 18:00:00,10.267305325327186,0,0,0,310.65755505982236
2026-03-23 19:00:00,12.456426114945923,0,0,0,252.65385158990017
2026-03-23 20:00:00,6.94989069481478,0,0,0,335.4885207188117
2026-03-23 21:00:00,7.679306087039186,0,0,0,308.1759580354453
2026-03-23 22:00:00,4.074144843411567,0,0,0,364.37971549204696
2026-03-23 23:00:00,5.745988590965871,0,0,0,324.3957420625033
2026-03-24 00:00:00,1.7693521473146063,1,0,0,411.8461928267092
2026-03-24 01:00:00,1.8544635461260786,1,0,0,401.6926382931568
2026-03-24 02:00:00,2.9739161971966594,1,0,0,391.4363354362918
2026-03-24 03:00:00,4.716142031829321,1,0,0,364.97559408001376
2026-03-24 04:00:00,3.7114191254173816,1,0,0,403.1324216503664
2026-03-24 05:00:00,3.0522954372624813,1,0,0,439.4841235880748
2026-03-24 06:00:00,3.9061643520888825,1,0,0,435.0920571631421
2026-03-24 07:00:00,6.754027396795419,1,0,0,377.5345421408023
2026-03-24 08:00:00,9.53310527789656,1,0,0,321.3650274968977
2026-03-24 09:00:00,11.903354486009738,1,0,0,287.58465928890325
2026-03-24 10:00:00,11.867635012028215,1,0,0,277.1945372111472
2026-03-24 11:00:00,14.818189399425224,1,0,0,242.2248377281055
2026-03-24 12:00:00,12.259021120167018,1,0,0,271.79605390333785
2026-03-24 13:00:00,11.935023031099293,1,0,0,274.08431775875783
2026-03-24 14:00:00,14.197238326644737,1,0,0,254.54027702727356
2026-03-24 15:00:00,10.412123272700242,1,0,0,316.2980770965777
2026-03-24 16:00:00,12.770906058205851,1,0,0,283.5070816588235
2026-03-24 17:00:00,13.894225286186419,1,0,0,264.6748948990852
2026-03-24 18:00:00,12.315497262377667,1,0,0,274.424188161215
2026-03-24 19:00:00,7.104496649188434,1,0,0,347.8088047893074
2026-03-24 20:00:00,9.272599383423552,1,0,0,295.18559241932763
2026-03-24 21:00:00,4.772781437769568,1,0,0,366.3070642976226
2026-03-24 22:00:00,4.487246890115544,1,0,0,355.02243704726675
2026-03-24 23:00:00,6.040626606780827,1,0,0,312.35527221531623
2026-03-25 00:00:00,3.9944175999575995,2,0,0,352.3753428428524
2026-03-25 01:00:00,-0.014750554978076202,2,0,0,460.1783107941814
2026-03-25 02:00:00,5.101515594387988,2,0,0,346.029309696517
2026-03-25 03:00:00,1.4847221630594296,2,0,0,456.09519022392004
2026-03-25 04:00:00,0.07850435915384413,2,0,0,491.403959706888
2026-03-25 05:00:00,2.530288076115018,2,0,0,445.51127735933443
2026-03-25 06:00:00,2.1194173730124155,2,0,0,478.58449300429595
2026-03-25 07:00:00,7.455874237797403,2,0,0,364.5329822825268
2026-03-25 08:00:00,9.932092055126951,2,0,0,315.83214634893375
2026-03-25 09:00:00,13.085381460502198,2,0,0,280.90670265574863
2026-03-25 10:00:00,12.15704106379628,2,0,0,277.9366367965757
2026-03-25 11:00:00,9.56207220043336,2,0,0,323.9741209368125
2026-03-25 12:00:00,12.103633569613937,2,0,0,268.5400203963431
2026-03-25 13:00:00,14.876817264726743,2,0,0,242.60892497662104
2026-03-25 14:00:00,16.358689767021154,2,0,0,243.30658823683942
2026-03-25 15:00:00,8.917058609501254,2,0,0,330.9200124450331
2026-03-25 16:00:00,12.061911389964877,2,0,0,286.9141292033091
2026-03-25 17:00:00,12.559572918109215,2,0,0,279.26397432746774
2026-03-25 18:00:00,11.46517722759298,2,0,0,284.38139401594736
2026-03-25 19:00:00,12.644539130990719,2,0,0,260.2526433524187
2026-03-25 20:00:00,10.098297003462267,2,0,0,277.07318087529734
2026-03-25 21:00:00,5.197664886487998,2,0,0,349.67662777309556
2026-03-25 22:00:00,4.921904588851033,2,0,0,351.0646254084498
2026-03-25 23:00:00,3.5349081673469147,2,0,0,370.25093904498937
2026-03-26 00:00:00,0.4963294401592795,3,0,0,426.3041061566067
2026-03-26 01:00:00,-0.9409360156728104,3,0,0,475.8050857505804
2026-03-26 02:00:00,2.812730676588435,3,0,0,392.04733270983286
2026-03-26 03:00:00,4.949565388053701,3,0,0,361.198363172037
2026-03-26 04:00:00,3.5579323373547798,3,0,0,408.94643500317073
2026-03-26 05:00:00,2.4750240272839603,3,0,0,450.1959850131486
2026-03-26 06:00:00,5.182614242100707,3,0,0,407.3344416404745
2026-03-26 07:00:00,8.224430682242842,3,0,0,341.92074821408914
2026-03-26 08:00:00,6.652239809225328,3,0,0,388.2631157915941
2026-03-26 09:00:00,7.625049832055076,3,0,0,363.1738892951831
2026-03-26 10:00:00,10.372554214736216,3,0,0,312.20426469681644
2026-03-26 11:00:00,8.651924696950083,3,0,0,336.3826885435844
2026-03-26 12:00:00,12.48094494196329,3,0,0,281.33120498208
2026-03-26 13:00:00,12.223475932681117,3,0,0,277.109017187018
2026-03-26 14:00:00,15.597710287610514,3,0,0,239.06585284611288
2026-03-26 15:00:00,12.62809145084823,3,0,0,283.07202082986277
2026-03-26 16:00:00,12.02983406291167,3,0,0,286.7200643672058
2026-03-26 17:00:00,9.741637311877987,3,0,0,325.3974081231181
2026-03-26 18:00:00,11.10647701167528,3,0,0,291.9391113130359
2026-03-26 19:00:00,7.578137438376517,3,0,0,336.8697423292151
2026-03-26 20:00:00,6.007797553650722,3,0,0,364.9954824959351
2026-03-26 21:00:00,5.12141050425281,3,0,0,356.48510274119116
2026-03-26 22:00:00,7.949496309487056,3,0,0,279.1519693010453
2026-03-26 23:00:00,2.267095526176572,3,0,0,401.48103464389925
2026-03-27 00:00:00,3.077824508418229,4,0,0,377.9758879433903
2026-03-27 01:00:00,1.7685521798864712,4,0,0,405.71501761876664
2026-03-27 02:00:00,-2.4197708556947255,4,0,0,519.8148525639805
2026-03-27 03:00:00,1.9970981459581187,4,0,0,431.28562294714106
2026-03-27 04:00:00,4.568750263443432,4,0,0,387.8579839708442
2026-03-27 05:00:00,4.26192268421348,4,0,0,400.5391651511232
2026-03-27 06:00:00,3.6787045453919727,4,0,0,437.094957959516
2026-03-27 07:00:00,9.356241914536344,4,0,0,332.83512227654813
2026-03-27 08:00:00,7.542097975954113,4,0,0,366.5823255165586
2026-03-27 09:00:00,10.194115806926598,4,0,0,324.5574496858392
2026-03-27 10:00:00,12.045105230203994,4,0,0,277.87984473948575
2026-03-27 11:00:00,10.754227334607778,4,0,0,293.3048484770544
2026-03-27 12:00:00,8.710174075323906,4,0,0,338.5411299959104
2026-03-27 13:00:00,15.600187557277577,4,0,0,222.0970857212491
2026-03-27 14:00:00,12.880581282213276,4,0,0,269.7051657428734
2026-03-27 15:00:00,13.481536581830843,4,0,0,271.6553080404347
2026-03-27 16:00:00,12.613638112584137,4,0,0,287.3529681312811
2026-03-27 17:00:00,17.12648969069268,4,0,0,240.56864035452057
2026-03-27 18:00:00,10.478540128178773,4,0,0,308.59499054517994
2026-03-27 19:00:00,10.151589799071145,4,0,0,294.0347586500366
2026-03-27 20:00:00,9.028441672444714,4,0,0,296.256293117379
2026-03-27 21:00:00,5.438736173044964,4,0,0,350.6298719048286
2026-03-27 22:00:00,4.588164989654433,4,0,0,350.0201037097649
2026-03-27 23:00:00,1.4734901638936089,4,0,0,411.5726943533197
2026-03-28 00:00:00,3.349885647844559,5,1,0,323.3590958798243
2026-03-28 01:00:00,0.6029049782037375,5,1,0,397.85080643359635
2026-03-28 02:00:00,3.1293885232174947,5,1,0,353.37238197059537
2026-03-28 03:00:00,3.597866711714042,5,1,0,342.71319260351385
2026-03-28 04:00:00,2.749062657232153,5,1,0,386.0964560515414
2026-03-28 05:00:00,2.691296149005745,5,1,0,388.66602269178384
2026-03-28 06:00:00,3.0539396402249506,5,1,0,394.4473104524821
2026-03-28 07:00:00,4.247938744465032,5,1,0,369.92546016582435
2026-03-28 08:00:00,9.050608441728125,5,1,0,282.4799569633343
2026-03-28 09:00:00,13.123942908830154,5,1,0,213.79754466370022
2026-03-28 10:00:00,10.818731663343756,5,1,0,250.70959332379724
2026-03-28 11:00:00,14.761278795476983,5,1,0,186.28918734436795
2026-03-28 12:00:00,15.170515056471547,5,1,0,187.82793466405258
2026-03-28 13:00:00,12.930293023351176,5,1,0,203.99652147398058
2026-03-28 14:00:00,13.74485735019283,5,1,0,204.32338367797195
2026-03-28 15:00:00,17.017930451142227,5,1,0,173.73594340699796
2026-03-28 16:00:00,11.014672087402353,5,1,0,240.87338623923856
2026-03-28 17:00:00,9.894991019510737,5,1,0,271.6395787491739
2026-03-28 18:00:00,10.65532092591895,5,1,0,240.2540402650173
2026-03-28 19:00:00,8.395446745774153,5,1,0,274.90393090635564
2026-03-28 20:00:00,4.1382822239016255,5,1,0,352.3573826265962
2026-03-28 21:00:00,4.7278117753863285,5,1,0,320.63893079979084
2026-03-28 22:00:00,3.555364422333742,5,1,0,331.8802840552568
2026-03-28 23:00:00,-1.461119277235059,5,1,0,442.0992030635409
2026-03-29 00:00:00,3.753429499164949,6,1,0,312.8195033903466
2026-03-29 01:00:00,0.34449551910237575,6,1,0,410.8400150659773
2026-03-29 02:00:00,4.08366794778376,6,1,0,332.2178085989689
2026-03-29 03:00:00,0.13931717814453926,6,1,0,429.12020031666987
2026-03-29 04:00:00,1.4360437467935847,6,1,0,419.4897847998623
2026-03-29 05:00:00,6.018551772410037,6,1,0,324.29616429165895
2026-03-29 06:00:00,6.095805313654903,6,1,0,324.7938258723063
2026-03-29 07:00:00,6.387358102819151,6,1,0,323.26649682898847
2026-03-29 08:00:00,4.862791635806076,6,1,0,363.6804919361978
2026-03-29 09:00:00,7.498757695359771,6,1,0,299.9008811639832
2026-03-29 10:00:00,13.267375990743966,6,1,0,211.9845834341076
2026-03-29 11:00:00,11.547179423963872,6,1,0,234.90873263038878
2026-03-29 12:00:00,10.292937694316127,6,1,0,249.25217536127548
2026-03-29 13:00:00,14.660560757793084,6,1,0,188.53011317416667
2026-03-29 14:00:00,12.988589703500162,6,1,0,214.48308107955097
2026-03-29 15:00:00,12.555705775683796,6,1,0,225.3337413044161
2026-03-29 16:00:00,15.407075671162893,6,1,0,192.66569519013325
2026-03-29 17:00:00,12.959302998584425,6,1,0,217.87207397686996
2026-03-29 18:00:00,10.601060264694306,6,1,0,236.0164909915862
2026-03-29 19:00:00,8.663185765601057,6,1,0,264.4142452062856
2026-03-29 20:00:00,7.740093296619234,6,1,0,273.18730524292886
2026-03-29 21:00:00,7.906432551909679,6,1,0,254.44080667216713
2026-03-29 22:00:00,4.457851997413095,6,1,0,320.19078679042417
2026-03-29 23:00:00,4.68331984274624,6,1,0,302.0527331900792
2026-03-30 00:00:00,4.090272399034047,0,0,0,349.4034086331428
2026-03-30 01:00:00,2.832805457852113,0,0,0,374.3223924823159
2026-03-30 02:00:00,-0.24173178351389568,0,0,0,470.7612757314276
2026-03-30 03:00:00,2.8399061948511424,0,0,0,408.47388191256726
2026-03-30 04:00:00,6.0138526636288905,0,0,0,362.3675108778314
2026-03-30 05:00:00,7.624229693916544,0,0,0,338.990200151134
2026-03-30 06:00:00,2.2709303860230166,0,0,0,467.7648874234
2026-03-30 07:00:00,5.399634143816193,0,0,0,412.4814365680439
2026-03-30 08:00:00,8.07278223377519,0,0,0,359.19917114873095
2026-03-30 09:00:00,8.191768193288915,0,0,0,347.1744954354305
2026-03-30 10:00:00,11.896389605572924,0,0,0,275.94595740909506
2026-03-30 11:00:00,15.900133377533635,0,0,0,234.41036659004183
2026-03-30 12:00:00,14.048415207355257,0,0,0,253.82721019679153
2026-03-30 13:00:00,20.1515260571903,0,0,0,219.4649055537258
2026-03-30 14:00:00,13.480902913163147,0,0,0,270.25977982278965
2026-03-30 15:00:00,11.022796489872164,0,0,0,299.6342234016712
2026-03-30 16:00:00,14.405797726216052,0,0,0,257.0147759347651
2026-03-30 17:00:00,13.369263534499764,0,0,0,273.3384697533298
2026-03-30 18:00:00,6.8085153597462265,0,0,0,367.4564173932173
2026-03-30 19:00:00,9.502708169351147,0,0,0,302.33983864049156
2026-03-30 20:00:00,5.8848829811428285,0,0,0,357.1178371443408
2026-03-30 21:00:00,6.551050511492735,0,0,0,323.27599128807503
2026-03-30 22:00:00,5.286342154747394,0,0,0,335.12395433847996
2026-03-30 23:00:00,6.0597424225696095,0,0,0,304.73321092593505
2026-03-31 00:00:00,0.49331685597466146,1,0,0,438.1194245053024
